[0.103s] Invoking command in '/home/sentry_ws/src/build/gazebo_msgs': CMAKE_PREFIX_PATH=${CMAKE_PREFIX_PATH}:/home/sentry_ws/install/control_panel:/opt/ros/humble /usr/bin/cmake --build /home/sentry_ws/src/build/gazebo_msgs -- -j16 -l16
[0.803s] [  0%] [34m[1mGenerating C code for ROS interfaces[0m
[0.803s] [  0%] [34m[1mGenerating C++ code for ROS interfaces[0m
[0.804s] [  0%] Built target ament_cmake_python_copy_gazebo_msgs
[0.806s] running egg_info
[0.806s] writing gazebo_msgs.egg-info/PKG-INFO
[0.806s] writing dependency_links to gazebo_msgs.egg-info/dependency_links.txt
[0.806s] writing top-level names to gazebo_msgs.egg-info/top_level.txt
[0.806s] reading manifest file 'gazebo_msgs.egg-info/SOURCES.txt'
[0.806s] writing manifest file 'gazebo_msgs.egg-info/SOURCES.txt'
[0.920s] [  0%] Built target ament_cmake_python_build_gazebo_msgs_egg
[14.868s] [  0%] Built target gazebo_msgs__cpp
[14.915s] [  0%] [34m[1mGenerating C++ type support for eProsima Fast-RTPS[0m
[14.921s] [  0%] [34m[1mGenerating C++ type support dispatch for ROS interfaces[0m
[14.934s] [  1%] [34m[1mGenerating C++ introspection for ROS interfaces[0m
[16.653s] [  1%] [32mBuilding C object CMakeFiles/gazebo_msgs__rosidl_generator_c.dir/rosidl_generator_c/gazebo_msgs/msg/detail/contacts_state__functions.c.o[0m
[16.654s] [  2%] [32mBuilding C object CMakeFiles/gazebo_msgs__rosidl_generator_c.dir/rosidl_generator_c/gazebo_msgs/msg/detail/link_states__functions.c.o[0m
[16.654s] [  2%] [32mBuilding C object CMakeFiles/gazebo_msgs__rosidl_generator_c.dir/rosidl_generator_c/gazebo_msgs/msg/detail/entity_state__functions.c.o[0m
[16.666s] [  2%] [32mBuilding C object CMakeFiles/gazebo_msgs__rosidl_generator_c.dir/rosidl_generator_c/gazebo_msgs/msg/detail/link_state__functions.c.o[0m
[16.670s] [  2%] [32mBuilding C object CMakeFiles/gazebo_msgs__rosidl_generator_c.dir/rosidl_generator_c/gazebo_msgs/msg/detail/ode_joint_properties__functions.c.o[0m
[16.670s] [  3%] [32mBuilding C object CMakeFiles/gazebo_msgs__rosidl_generator_c.dir/rosidl_generator_c/gazebo_msgs/msg/detail/contact_state__functions.c.o[0m
[16.673s] [  4%] [32mBuilding C object CMakeFiles/gazebo_msgs__rosidl_generator_c.dir/rosidl_generator_c/gazebo_msgs/msg/detail/model_state__functions.c.o[0m
[16.673s] [  4%] [32mBuilding C object CMakeFiles/gazebo_msgs__rosidl_generator_c.dir/rosidl_generator_c/gazebo_msgs/msg/detail/ode_physics__functions.c.o[0m
[16.681s] [  4%] [32mBuilding C object CMakeFiles/gazebo_msgs__rosidl_generator_c.dir/rosidl_generator_c/gazebo_msgs/msg/detail/model_states__functions.c.o[0m
[16.759s] [  4%] [32mBuilding C object CMakeFiles/gazebo_msgs__rosidl_generator_c.dir/rosidl_generator_c/gazebo_msgs/msg/detail/performance_metrics__functions.c.o[0m
[16.763s] [  4%] [32mBuilding C object CMakeFiles/gazebo_msgs__rosidl_generator_c.dir/rosidl_generator_c/gazebo_msgs/msg/detail/sensor_performance_metric__functions.c.o[0m
[16.779s] [  5%] [32mBuilding C object CMakeFiles/gazebo_msgs__rosidl_generator_c.dir/rosidl_generator_c/gazebo_msgs/msg/detail/wheel_slip__functions.c.o[0m
[16.819s] [  5%] [32mBuilding C object CMakeFiles/gazebo_msgs__rosidl_generator_c.dir/rosidl_generator_c/gazebo_msgs/msg/detail/world_state__functions.c.o[0m
[16.829s] [  5%] [32mBuilding C object CMakeFiles/gazebo_msgs__rosidl_generator_c.dir/rosidl_generator_c/gazebo_msgs/srv/detail/apply_link_wrench__functions.c.o[0m
[16.835s] [  5%] [32mBuilding C object CMakeFiles/gazebo_msgs__rosidl_generator_c.dir/rosidl_generator_c/gazebo_msgs/srv/detail/apply_body_wrench__functions.c.o[0m
[16.853s] [  6%] [32mBuilding C object CMakeFiles/gazebo_msgs__rosidl_generator_c.dir/rosidl_generator_c/gazebo_msgs/srv/detail/apply_joint_effort__functions.c.o[0m
[16.855s] [  6%] [32mBuilding C object CMakeFiles/gazebo_msgs__rosidl_generator_c.dir/rosidl_generator_c/gazebo_msgs/srv/detail/body_request__functions.c.o[0m
[16.891s] [  6%] [32mBuilding C object CMakeFiles/gazebo_msgs__rosidl_generator_c.dir/rosidl_generator_c/gazebo_msgs/srv/detail/delete_entity__functions.c.o[0m
[16.925s] [  6%] [32mBuilding C object CMakeFiles/gazebo_msgs__rosidl_generator_c.dir/rosidl_generator_c/gazebo_msgs/srv/detail/delete_light__functions.c.o[0m
[16.937s] [  7%] [32mBuilding C object CMakeFiles/gazebo_msgs__rosidl_generator_c.dir/rosidl_generator_c/gazebo_msgs/srv/detail/get_entity_state__functions.c.o[0m
[16.938s] [  7%] [32mBuilding C object CMakeFiles/gazebo_msgs__rosidl_generator_c.dir/rosidl_generator_c/gazebo_msgs/srv/detail/delete_model__functions.c.o[0m
[16.943s] [  7%] [32mBuilding C object CMakeFiles/gazebo_msgs__rosidl_generator_c.dir/rosidl_generator_c/gazebo_msgs/srv/detail/get_joint_properties__functions.c.o[0m
[16.950s] [  8%] [32mBuilding C object CMakeFiles/gazebo_msgs__rosidl_generator_c.dir/rosidl_generator_c/gazebo_msgs/srv/detail/get_light_properties__functions.c.o[0m
[16.979s] [  8%] [32mBuilding C object CMakeFiles/gazebo_msgs__rosidl_generator_c.dir/rosidl_generator_c/gazebo_msgs/srv/detail/get_link_properties__functions.c.o[0m
[17.084s] [  8%] [32mBuilding C object CMakeFiles/gazebo_msgs__rosidl_generator_c.dir/rosidl_generator_c/gazebo_msgs/srv/detail/get_link_state__functions.c.o[0m
[17.097s] [  9%] [32mBuilding C object CMakeFiles/gazebo_msgs__rosidl_generator_c.dir/rosidl_generator_c/gazebo_msgs/srv/detail/get_model_properties__functions.c.o[0m
[17.106s] [  9%] [32mBuilding C object CMakeFiles/gazebo_msgs__rosidl_generator_c.dir/rosidl_generator_c/gazebo_msgs/srv/detail/get_model_list__functions.c.o[0m
[17.114s] [  9%] [32mBuilding C object CMakeFiles/gazebo_msgs__rosidl_generator_c.dir/rosidl_generator_c/gazebo_msgs/srv/detail/get_model_state__functions.c.o[0m
[17.131s] [  9%] [32mBuilding C object CMakeFiles/gazebo_msgs__rosidl_generator_c.dir/rosidl_generator_c/gazebo_msgs/srv/detail/get_physics_properties__functions.c.o[0m
[17.182s] [  9%] [32mBuilding C object CMakeFiles/gazebo_msgs__rosidl_generator_c.dir/rosidl_generator_c/gazebo_msgs/srv/detail/get_world_properties__functions.c.o[0m
[17.213s] [ 10%] [32mBuilding C object CMakeFiles/gazebo_msgs__rosidl_generator_c.dir/rosidl_generator_c/gazebo_msgs/srv/detail/joint_request__functions.c.o[0m
[17.215s] [ 10%] [32mBuilding C object CMakeFiles/gazebo_msgs__rosidl_generator_c.dir/rosidl_generator_c/gazebo_msgs/srv/detail/set_entity_state__functions.c.o[0m
[17.227s] [ 10%] [32mBuilding C object CMakeFiles/gazebo_msgs__rosidl_generator_c.dir/rosidl_generator_c/gazebo_msgs/srv/detail/link_request__functions.c.o[0m
[17.241s] [ 11%] [32mBuilding C object CMakeFiles/gazebo_msgs__rosidl_generator_c.dir/rosidl_generator_c/gazebo_msgs/srv/detail/set_joint_properties__functions.c.o[0m
[17.254s] [ 11%] [32mBuilding C object CMakeFiles/gazebo_msgs__rosidl_generator_c.dir/rosidl_generator_c/gazebo_msgs/srv/detail/set_joint_trajectory__functions.c.o[0m
[17.331s] [ 11%] [32mBuilding C object CMakeFiles/gazebo_msgs__rosidl_generator_c.dir/rosidl_generator_c/gazebo_msgs/srv/detail/set_light_properties__functions.c.o[0m
[17.339s] [ 12%] [32mBuilding C object CMakeFiles/gazebo_msgs__rosidl_generator_c.dir/rosidl_generator_c/gazebo_msgs/srv/detail/set_link_state__functions.c.o[0m
[17.343s] [ 12%] [32mBuilding C object CMakeFiles/gazebo_msgs__rosidl_generator_c.dir/rosidl_generator_c/gazebo_msgs/srv/detail/set_link_properties__functions.c.o[0m
[17.343s] [ 12%] [32mBuilding C object CMakeFiles/gazebo_msgs__rosidl_generator_c.dir/rosidl_generator_c/gazebo_msgs/srv/detail/set_model_configuration__functions.c.o[0m
[17.351s] [ 12%] [32mBuilding C object CMakeFiles/gazebo_msgs__rosidl_generator_c.dir/rosidl_generator_c/gazebo_msgs/srv/detail/set_model_state__functions.c.o[0m
[17.420s] [ 12%] [32mBuilding C object CMakeFiles/gazebo_msgs__rosidl_generator_c.dir/rosidl_generator_c/gazebo_msgs/srv/detail/set_physics_properties__functions.c.o[0m
[17.437s] [ 12%] [32mBuilding C object CMakeFiles/gazebo_msgs__rosidl_generator_c.dir/rosidl_generator_c/gazebo_msgs/srv/detail/spawn_model__functions.c.o[0m
[17.451s] [ 13%] [32mBuilding C object CMakeFiles/gazebo_msgs__rosidl_generator_c.dir/rosidl_generator_c/gazebo_msgs/srv/detail/spawn_entity__functions.c.o[0m
[17.557s] [ 13%] [32m[1mLinking C shared library libgazebo_msgs__rosidl_generator_c.so[0m
[17.662s] [ 13%] Built target gazebo_msgs__rosidl_generator_c
[17.684s] [ 14%] [34m[1mGenerating C type support for eProsima Fast-RTPS[0m
[17.697s] [ 15%] [34m[1mGenerating C introspection for ROS interfaces[0m
[17.709s] [ 16%] [34m[1mGenerating C type support dispatch for ROS interfaces[0m
[20.762s] [ 17%] [32mBuilding CXX object CMakeFiles/gazebo_msgs__rosidl_typesupport_cpp.dir/rosidl_typesupport_cpp/gazebo_msgs/msg/contact_state__type_support.cpp.o[0m
[20.769s] [ 17%] [32mBuilding CXX object CMakeFiles/gazebo_msgs__rosidl_typesupport_cpp.dir/rosidl_typesupport_cpp/gazebo_msgs/msg/contacts_state__type_support.cpp.o[0m
[20.790s] [ 17%] [32mBuilding CXX object CMakeFiles/gazebo_msgs__rosidl_typesupport_cpp.dir/rosidl_typesupport_cpp/gazebo_msgs/msg/entity_state__type_support.cpp.o[0m
[20.806s] [ 17%] [32mBuilding CXX object CMakeFiles/gazebo_msgs__rosidl_typesupport_cpp.dir/rosidl_typesupport_cpp/gazebo_msgs/msg/link_state__type_support.cpp.o[0m
[20.825s] [ 18%] [32mBuilding CXX object CMakeFiles/gazebo_msgs__rosidl_typesupport_cpp.dir/rosidl_typesupport_cpp/gazebo_msgs/msg/link_states__type_support.cpp.o[0m
[20.868s] [ 18%] [32mBuilding CXX object CMakeFiles/gazebo_msgs__rosidl_typesupport_cpp.dir/rosidl_typesupport_cpp/gazebo_msgs/msg/model_states__type_support.cpp.o[0m
[20.878s] [ 19%] [32mBuilding CXX object CMakeFiles/gazebo_msgs__rosidl_typesupport_cpp.dir/rosidl_typesupport_cpp/gazebo_msgs/msg/ode_physics__type_support.cpp.o[0m
[20.881s] [ 19%] [32mBuilding CXX object CMakeFiles/gazebo_msgs__rosidl_typesupport_cpp.dir/rosidl_typesupport_cpp/gazebo_msgs/msg/model_state__type_support.cpp.o[0m
[20.890s] [ 19%] [32mBuilding CXX object CMakeFiles/gazebo_msgs__rosidl_typesupport_cpp.dir/rosidl_typesupport_cpp/gazebo_msgs/msg/ode_joint_properties__type_support.cpp.o[0m
[21.034s] [ 19%] [32mBuilding CXX object CMakeFiles/gazebo_msgs__rosidl_typesupport_cpp.dir/rosidl_typesupport_cpp/gazebo_msgs/msg/performance_metrics__type_support.cpp.o[0m
[21.449s] [ 19%] [32mBuilding CXX object CMakeFiles/gazebo_msgs__rosidl_typesupport_cpp.dir/rosidl_typesupport_cpp/gazebo_msgs/msg/sensor_performance_metric__type_support.cpp.o[0m
[21.477s] [ 20%] [32mBuilding CXX object CMakeFiles/gazebo_msgs__rosidl_typesupport_cpp.dir/rosidl_typesupport_cpp/gazebo_msgs/msg/wheel_slip__type_support.cpp.o[0m
[21.491s] [ 20%] [32mBuilding CXX object CMakeFiles/gazebo_msgs__rosidl_typesupport_cpp.dir/rosidl_typesupport_cpp/gazebo_msgs/msg/world_state__type_support.cpp.o[0m
[21.571s] [ 20%] [32mBuilding CXX object CMakeFiles/gazebo_msgs__rosidl_typesupport_cpp.dir/rosidl_typesupport_cpp/gazebo_msgs/srv/apply_body_wrench__type_support.cpp.o[0m
[21.603s] [ 20%] [32mBuilding CXX object CMakeFiles/gazebo_msgs__rosidl_typesupport_cpp.dir/rosidl_typesupport_cpp/gazebo_msgs/srv/apply_link_wrench__type_support.cpp.o[0m
[21.717s] [ 21%] [32mBuilding CXX object CMakeFiles/gazebo_msgs__rosidl_typesupport_cpp.dir/rosidl_typesupport_cpp/gazebo_msgs/srv/apply_joint_effort__type_support.cpp.o[0m
[21.740s] [ 21%] [32mBuilding CXX object CMakeFiles/gazebo_msgs__rosidl_typesupport_cpp.dir/rosidl_typesupport_cpp/gazebo_msgs/srv/body_request__type_support.cpp.o[0m
[21.783s] [ 21%] [32mBuilding CXX object CMakeFiles/gazebo_msgs__rosidl_typesupport_cpp.dir/rosidl_typesupport_cpp/gazebo_msgs/srv/delete_entity__type_support.cpp.o[0m
[21.850s] [ 22%] [32mBuilding CXX object CMakeFiles/gazebo_msgs__rosidl_typesupport_cpp.dir/rosidl_typesupport_cpp/gazebo_msgs/srv/delete_light__type_support.cpp.o[0m
[22.094s] [ 22%] [32mBuilding CXX object CMakeFiles/gazebo_msgs__rosidl_typesupport_cpp.dir/rosidl_typesupport_cpp/gazebo_msgs/srv/delete_model__type_support.cpp.o[0m
[22.107s] [ 22%] [32mBuilding CXX object CMakeFiles/gazebo_msgs__rosidl_typesupport_cpp.dir/rosidl_typesupport_cpp/gazebo_msgs/srv/get_joint_properties__type_support.cpp.o[0m
[22.225s] [ 22%] [32mBuilding CXX object CMakeFiles/gazebo_msgs__rosidl_typesupport_cpp.dir/rosidl_typesupport_cpp/gazebo_msgs/srv/get_entity_state__type_support.cpp.o[0m
[22.238s] [ 23%] [32mBuilding CXX object CMakeFiles/gazebo_msgs__rosidl_typesupport_cpp.dir/rosidl_typesupport_cpp/gazebo_msgs/srv/get_light_properties__type_support.cpp.o[0m
[22.247s] [ 23%] [32mBuilding CXX object CMakeFiles/gazebo_msgs__rosidl_typesupport_cpp.dir/rosidl_typesupport_cpp/gazebo_msgs/srv/get_link_properties__type_support.cpp.o[0m
[22.382s] [ 23%] [32mBuilding CXX object CMakeFiles/gazebo_msgs__rosidl_typesupport_cpp.dir/rosidl_typesupport_cpp/gazebo_msgs/srv/get_link_state__type_support.cpp.o[0m
[22.479s] [ 23%] [32mBuilding CXX object CMakeFiles/gazebo_msgs__rosidl_typesupport_cpp.dir/rosidl_typesupport_cpp/gazebo_msgs/srv/get_model_list__type_support.cpp.o[0m
[22.500s] [ 24%] [32mBuilding CXX object CMakeFiles/gazebo_msgs__rosidl_typesupport_cpp.dir/rosidl_typesupport_cpp/gazebo_msgs/srv/get_model_properties__type_support.cpp.o[0m
[22.821s] [ 24%] [32mBuilding CXX object CMakeFiles/gazebo_msgs__rosidl_typesupport_cpp.dir/rosidl_typesupport_cpp/gazebo_msgs/srv/get_model_state__type_support.cpp.o[0m
[22.863s] [ 24%] [32mBuilding CXX object CMakeFiles/gazebo_msgs__rosidl_typesupport_cpp.dir/rosidl_typesupport_cpp/gazebo_msgs/srv/get_physics_properties__type_support.cpp.o[0m
[22.912s] [ 25%] [32mBuilding CXX object CMakeFiles/gazebo_msgs__rosidl_typesupport_cpp.dir/rosidl_typesupport_cpp/gazebo_msgs/srv/get_world_properties__type_support.cpp.o[0m
[23.029s] [ 25%] [32mBuilding CXX object CMakeFiles/gazebo_msgs__rosidl_typesupport_cpp.dir/rosidl_typesupport_cpp/gazebo_msgs/srv/joint_request__type_support.cpp.o[0m
[23.103s] [ 25%] [32mBuilding CXX object CMakeFiles/gazebo_msgs__rosidl_typesupport_cpp.dir/rosidl_typesupport_cpp/gazebo_msgs/srv/link_request__type_support.cpp.o[0m
[23.104s] [ 25%] [32mBuilding CXX object CMakeFiles/gazebo_msgs__rosidl_typesupport_cpp.dir/rosidl_typesupport_cpp/gazebo_msgs/srv/set_entity_state__type_support.cpp.o[0m
[23.142s] [ 26%] [32mBuilding CXX object CMakeFiles/gazebo_msgs__rosidl_typesupport_cpp.dir/rosidl_typesupport_cpp/gazebo_msgs/srv/set_joint_properties__type_support.cpp.o[0m
[23.210s] [ 26%] [32mBuilding CXX object CMakeFiles/gazebo_msgs__rosidl_typesupport_introspection_cpp.dir/rosidl_typesupport_introspection_cpp/gazebo_msgs/msg/detail/contact_state__type_support.cpp.o[0m
[23.231s] [ 26%] [32mBuilding CXX object CMakeFiles/gazebo_msgs__rosidl_typesupport_cpp.dir/rosidl_typesupport_cpp/gazebo_msgs/srv/set_light_properties__type_support.cpp.o[0m
[23.231s] [ 26%] [32mBuilding CXX object CMakeFiles/gazebo_msgs__rosidl_typesupport_introspection_cpp.dir/rosidl_typesupport_introspection_cpp/gazebo_msgs/msg/detail/contacts_state__type_support.cpp.o[0m
[23.232s] [ 26%] [32mBuilding CXX object CMakeFiles/gazebo_msgs__rosidl_typesupport_cpp.dir/rosidl_typesupport_cpp/gazebo_msgs/srv/set_joint_trajectory__type_support.cpp.o[0m
[23.346s] [ 26%] [32mBuilding CXX object CMakeFiles/gazebo_msgs__rosidl_typesupport_introspection_cpp.dir/rosidl_typesupport_introspection_cpp/gazebo_msgs/msg/detail/entity_state__type_support.cpp.o[0m
[23.744s] [ 26%] [32mBuilding CXX object CMakeFiles/gazebo_msgs__rosidl_typesupport_cpp.dir/rosidl_typesupport_cpp/gazebo_msgs/srv/set_link_properties__type_support.cpp.o[0m
[23.846s] [ 26%] [32mBuilding CXX object CMakeFiles/gazebo_msgs__rosidl_typesupport_cpp.dir/rosidl_typesupport_cpp/gazebo_msgs/srv/set_model_configuration__type_support.cpp.o[0m
[23.850s] [ 27%] [32mBuilding CXX object CMakeFiles/gazebo_msgs__rosidl_typesupport_cpp.dir/rosidl_typesupport_cpp/gazebo_msgs/srv/set_link_state__type_support.cpp.o[0m
[23.947s] [ 27%] [32mBuilding CXX object CMakeFiles/gazebo_msgs__rosidl_typesupport_cpp.dir/rosidl_typesupport_cpp/gazebo_msgs/srv/set_model_state__type_support.cpp.o[0m
[24.073s] [ 28%] [32mBuilding CXX object CMakeFiles/gazebo_msgs__rosidl_typesupport_introspection_cpp.dir/rosidl_typesupport_introspection_cpp/gazebo_msgs/msg/detail/link_state__type_support.cpp.o[0m
[26.132s] [ 28%] [32mBuilding CXX object CMakeFiles/gazebo_msgs__rosidl_typesupport_cpp.dir/rosidl_typesupport_cpp/gazebo_msgs/srv/spawn_model__type_support.cpp.o[0m
[26.135s] [ 28%] [32mBuilding CXX object CMakeFiles/gazebo_msgs__rosidl_typesupport_introspection_cpp.dir/rosidl_typesupport_introspection_cpp/gazebo_msgs/msg/detail/model_state__type_support.cpp.o[0m
[26.139s] [ 28%] [32mBuilding CXX object CMakeFiles/gazebo_msgs__rosidl_typesupport_introspection_cpp.dir/rosidl_typesupport_introspection_cpp/gazebo_msgs/msg/detail/link_states__type_support.cpp.o[0m
[26.142s] [ 29%] [32mBuilding CXX object CMakeFiles/gazebo_msgs__rosidl_typesupport_cpp.dir/rosidl_typesupport_cpp/gazebo_msgs/srv/set_physics_properties__type_support.cpp.o[0m
[26.146s] [ 29%] [32mBuilding CXX object CMakeFiles/gazebo_msgs__rosidl_typesupport_cpp.dir/rosidl_typesupport_cpp/gazebo_msgs/srv/spawn_entity__type_support.cpp.o[0m
[26.594s] [ 29%] [32mBuilding CXX object CMakeFiles/gazebo_msgs__rosidl_typesupport_c.dir/rosidl_typesupport_c/gazebo_msgs/msg/contact_state__type_support.cpp.o[0m
[26.742s] [ 29%] [32mBuilding CXX object CMakeFiles/gazebo_msgs__rosidl_typesupport_c.dir/rosidl_typesupport_c/gazebo_msgs/msg/contacts_state__type_support.cpp.o[0m
[26.776s] [ 30%] [32mBuilding CXX object CMakeFiles/gazebo_msgs__rosidl_typesupport_fastrtps_cpp.dir/rosidl_typesupport_fastrtps_cpp/gazebo_msgs/msg/detail/dds_fastrtps/contact_state__type_support.cpp.o[0m
[26.813s] [ 30%] [32mBuilding CXX object CMakeFiles/gazebo_msgs__rosidl_typesupport_c.dir/rosidl_typesupport_c/gazebo_msgs/msg/entity_state__type_support.cpp.o[0m
[26.825s] [ 30%] [32m[1mLinking CXX shared library libgazebo_msgs__rosidl_typesupport_cpp.so[0m
[26.882s] [ 30%] [32mBuilding CXX object CMakeFiles/gazebo_msgs__rosidl_typesupport_c.dir/rosidl_typesupport_c/gazebo_msgs/msg/link_states__type_support.cpp.o[0m
[27.189s] [ 31%] [32mBuilding CXX object CMakeFiles/gazebo_msgs__rosidl_typesupport_c.dir/rosidl_typesupport_c/gazebo_msgs/msg/link_state__type_support.cpp.o[0m
[27.284s] [ 32%] [32mBuilding CXX object CMakeFiles/gazebo_msgs__rosidl_typesupport_introspection_cpp.dir/rosidl_typesupport_introspection_cpp/gazebo_msgs/srv/detail/apply_link_wrench__type_support.cpp.o[0m
[27.321s] [ 32%] [32mBuilding CXX object CMakeFiles/gazebo_msgs__rosidl_typesupport_c.dir/rosidl_typesupport_c/gazebo_msgs/msg/model_state__type_support.cpp.o[0m
[27.344s] [ 32%] Built target gazebo_msgs__rosidl_typesupport_cpp
[27.443s] [ 32%] [32mBuilding C object CMakeFiles/gazebo_msgs__rosidl_typesupport_introspection_c.dir/rosidl_typesupport_introspection_c/gazebo_msgs/msg/detail/contact_state__type_support.c.o[0m
[27.534s] [ 32%] [32mBuilding CXX object CMakeFiles/gazebo_msgs__rosidl_typesupport_fastrtps_c.dir/rosidl_typesupport_fastrtps_c/gazebo_msgs/msg/detail/contact_state__type_support_c.cpp.o[0m
[27.628s] [ 33%] [32mBuilding CXX object CMakeFiles/gazebo_msgs__rosidl_typesupport_c.dir/rosidl_typesupport_c/gazebo_msgs/msg/ode_joint_properties__type_support.cpp.o[0m
[27.727s] [ 33%] [32mBuilding CXX object CMakeFiles/gazebo_msgs__rosidl_typesupport_fastrtps_cpp.dir/rosidl_typesupport_fastrtps_cpp/gazebo_msgs/msg/detail/dds_fastrtps/contacts_state__type_support.cpp.o[0m
[27.756s] [ 33%] [32mBuilding CXX object CMakeFiles/gazebo_msgs__rosidl_typesupport_c.dir/rosidl_typesupport_c/gazebo_msgs/msg/ode_physics__type_support.cpp.o[0m
[27.968s] [ 33%] [32mBuilding C object CMakeFiles/gazebo_msgs__rosidl_typesupport_introspection_c.dir/rosidl_typesupport_introspection_c/gazebo_msgs/msg/detail/contacts_state__type_support.c.o[0m
[27.969s] [ 33%] [32mBuilding CXX object CMakeFiles/gazebo_msgs__rosidl_typesupport_introspection_cpp.dir/rosidl_typesupport_introspection_cpp/gazebo_msgs/srv/detail/apply_body_wrench__type_support.cpp.o[0m
[28.273s] [ 33%] [32mBuilding CXX object CMakeFiles/gazebo_msgs__rosidl_typesupport_c.dir/rosidl_typesupport_c/gazebo_msgs/msg/model_states__type_support.cpp.o[0m
[28.415s] [ 33%] [32mBuilding CXX object CMakeFiles/gazebo_msgs__rosidl_typesupport_fastrtps_c.dir/rosidl_typesupport_fastrtps_c/gazebo_msgs/msg/detail/entity_state__type_support_c.cpp.o[0m
[28.468s] [ 34%] [32mBuilding C object CMakeFiles/gazebo_msgs__rosidl_typesupport_introspection_c.dir/rosidl_typesupport_introspection_c/gazebo_msgs/msg/detail/entity_state__type_support.c.o[0m
[28.504s] [ 35%] [32mBuilding CXX object CMakeFiles/gazebo_msgs__rosidl_typesupport_fastrtps_cpp.dir/rosidl_typesupport_fastrtps_cpp/gazebo_msgs/msg/detail/dds_fastrtps/link_state__type_support.cpp.o[0m
[28.518s] [ 35%] [32mBuilding CXX object CMakeFiles/gazebo_msgs__rosidl_typesupport_c.dir/rosidl_typesupport_c/gazebo_msgs/msg/performance_metrics__type_support.cpp.o[0m
[28.531s] [ 35%] [32mBuilding CXX object CMakeFiles/gazebo_msgs__rosidl_typesupport_introspection_cpp.dir/rosidl_typesupport_introspection_cpp/gazebo_msgs/srv/detail/apply_joint_effort__type_support.cpp.o[0m
[28.628s] [ 35%] [32mBuilding C object CMakeFiles/gazebo_msgs__rosidl_typesupport_introspection_c.dir/rosidl_typesupport_introspection_c/gazebo_msgs/msg/detail/link_state__type_support.c.o[0m
[28.695s] [ 35%] [32mBuilding C object CMakeFiles/gazebo_msgs__rosidl_typesupport_introspection_c.dir/rosidl_typesupport_introspection_c/gazebo_msgs/msg/detail/link_states__type_support.c.o[0m
[28.697s] [ 36%] [32mBuilding CXX object CMakeFiles/gazebo_msgs__rosidl_typesupport_c.dir/rosidl_typesupport_c/gazebo_msgs/msg/sensor_performance_metric__type_support.cpp.o[0m
[28.827s] [ 36%] [32mBuilding CXX object CMakeFiles/gazebo_msgs__rosidl_typesupport_c.dir/rosidl_typesupport_c/gazebo_msgs/msg/wheel_slip__type_support.cpp.o[0m
[28.839s] [ 36%] [32mBuilding C object CMakeFiles/gazebo_msgs__rosidl_typesupport_introspection_c.dir/rosidl_typesupport_introspection_c/gazebo_msgs/msg/detail/model_state__type_support.c.o[0m
[28.844s] [ 36%] [32mBuilding CXX object CMakeFiles/gazebo_msgs__rosidl_typesupport_fastrtps_c.dir/rosidl_typesupport_fastrtps_c/gazebo_msgs/msg/detail/contacts_state__type_support_c.cpp.o[0m
[28.927s] [ 37%] [32mBuilding CXX object CMakeFiles/gazebo_msgs__rosidl_typesupport_c.dir/rosidl_typesupport_c/gazebo_msgs/msg/world_state__type_support.cpp.o[0m
[28.928s] [ 37%] [32mBuilding C object CMakeFiles/gazebo_msgs__rosidl_typesupport_introspection_c.dir/rosidl_typesupport_introspection_c/gazebo_msgs/msg/detail/model_states__type_support.c.o[0m
[29.025s] [ 37%] [32mBuilding CXX object CMakeFiles/gazebo_msgs__rosidl_typesupport_c.dir/rosidl_typesupport_c/gazebo_msgs/srv/apply_body_wrench__type_support.cpp.o[0m
[29.055s] [ 37%] [32mBuilding C object CMakeFiles/gazebo_msgs__rosidl_typesupport_introspection_c.dir/rosidl_typesupport_introspection_c/gazebo_msgs/msg/detail/ode_joint_properties__type_support.c.o[0m
[29.116s] [ 37%] [32mBuilding CXX object CMakeFiles/gazebo_msgs__rosidl_typesupport_fastrtps_cpp.dir/rosidl_typesupport_fastrtps_cpp/gazebo_msgs/msg/detail/dds_fastrtps/model_state__type_support.cpp.o[0m
[29.120s] [ 37%] [32mBuilding CXX object CMakeFiles/gazebo_msgs__rosidl_typesupport_introspection_cpp.dir/rosidl_typesupport_introspection_cpp/gazebo_msgs/msg/detail/world_state__type_support.cpp.o[0m
[29.160s] [ 38%] [32mBuilding CXX object CMakeFiles/gazebo_msgs__rosidl_typesupport_c.dir/rosidl_typesupport_c/gazebo_msgs/srv/apply_link_wrench__type_support.cpp.o[0m
[29.246s] [ 38%] [32mBuilding C object CMakeFiles/gazebo_msgs__rosidl_typesupport_introspection_c.dir/rosidl_typesupport_introspection_c/gazebo_msgs/msg/detail/ode_physics__type_support.c.o[0m
[29.395s] [ 38%] [32mBuilding CXX object CMakeFiles/gazebo_msgs__rosidl_typesupport_c.dir/rosidl_typesupport_c/gazebo_msgs/srv/apply_joint_effort__type_support.cpp.o[0m
[29.412s] [ 39%] [32mBuilding CXX object CMakeFiles/gazebo_msgs__rosidl_typesupport_fastrtps_c.dir/rosidl_typesupport_fastrtps_c/gazebo_msgs/msg/detail/link_state__type_support_c.cpp.o[0m
[29.446s] [ 39%] [32mBuilding C object CMakeFiles/gazebo_msgs__rosidl_typesupport_introspection_c.dir/rosidl_typesupport_introspection_c/gazebo_msgs/msg/detail/performance_metrics__type_support.c.o[0m
[29.494s] [ 39%] [32mBuilding CXX object CMakeFiles/gazebo_msgs__rosidl_typesupport_c.dir/rosidl_typesupport_c/gazebo_msgs/srv/body_request__type_support.cpp.o[0m
[29.563s] [ 40%] [32mBuilding C object CMakeFiles/gazebo_msgs__rosidl_typesupport_introspection_c.dir/rosidl_typesupport_introspection_c/gazebo_msgs/msg/detail/sensor_performance_metric__type_support.c.o[0m
[29.590s] [ 40%] [32mBuilding CXX object CMakeFiles/gazebo_msgs__rosidl_typesupport_c.dir/rosidl_typesupport_c/gazebo_msgs/srv/delete_entity__type_support.cpp.o[0m
[29.678s] [ 40%] [32mBuilding CXX object CMakeFiles/gazebo_msgs__rosidl_typesupport_fastrtps_cpp.dir/rosidl_typesupport_fastrtps_cpp/gazebo_msgs/msg/detail/dds_fastrtps/ode_physics__type_support.cpp.o[0m
[29.700s] [ 41%] [32mBuilding CXX object CMakeFiles/gazebo_msgs__rosidl_typesupport_c.dir/rosidl_typesupport_c/gazebo_msgs/srv/delete_light__type_support.cpp.o[0m
[29.731s] [ 41%] [32mBuilding C object CMakeFiles/gazebo_msgs__rosidl_typesupport_introspection_c.dir/rosidl_typesupport_introspection_c/gazebo_msgs/msg/detail/wheel_slip__type_support.c.o[0m
[29.835s] [ 41%] [32mBuilding CXX object CMakeFiles/gazebo_msgs__rosidl_typesupport_c.dir/rosidl_typesupport_c/gazebo_msgs/srv/delete_model__type_support.cpp.o[0m
[29.841s] [ 41%] [32mBuilding C object CMakeFiles/gazebo_msgs__rosidl_typesupport_introspection_c.dir/rosidl_typesupport_introspection_c/gazebo_msgs/msg/detail/world_state__type_support.c.o[0m
[29.861s] [ 41%] [32mBuilding CXX object CMakeFiles/gazebo_msgs__rosidl_typesupport_fastrtps_c.dir/rosidl_typesupport_fastrtps_c/gazebo_msgs/msg/detail/link_states__type_support_c.cpp.o[0m
[29.865s] [ 41%] [32mBuilding CXX object CMakeFiles/gazebo_msgs__rosidl_typesupport_introspection_cpp.dir/rosidl_typesupport_introspection_cpp/gazebo_msgs/msg/detail/wheel_slip__type_support.cpp.o[0m
[29.965s] [ 42%] [32mBuilding C object CMakeFiles/gazebo_msgs__rosidl_typesupport_introspection_c.dir/rosidl_typesupport_introspection_c/gazebo_msgs/srv/detail/apply_body_wrench__type_support.c.o[0m
[29.978s] [ 42%] [32mBuilding CXX object CMakeFiles/gazebo_msgs__rosidl_typesupport_c.dir/rosidl_typesupport_c/gazebo_msgs/srv/get_joint_properties__type_support.cpp.o[0m
[30.088s] [ 43%] [32mBuilding CXX object CMakeFiles/gazebo_msgs__rosidl_typesupport_c.dir/rosidl_typesupport_c/gazebo_msgs/srv/get_entity_state__type_support.cpp.o[0m
[30.211s] [ 43%] [32mBuilding C object CMakeFiles/gazebo_msgs__rosidl_typesupport_introspection_c.dir/rosidl_typesupport_introspection_c/gazebo_msgs/srv/detail/apply_link_wrench__type_support.c.o[0m
[30.253s] [ 43%] [32mBuilding CXX object CMakeFiles/gazebo_msgs__rosidl_typesupport_fastrtps_cpp.dir/rosidl_typesupport_fastrtps_cpp/gazebo_msgs/msg/detail/dds_fastrtps/performance_metrics__type_support.cpp.o[0m
[30.262s] [ 43%] [32mBuilding CXX object CMakeFiles/gazebo_msgs__rosidl_typesupport_c.dir/rosidl_typesupport_c/gazebo_msgs/srv/get_light_properties__type_support.cpp.o[0m
[30.487s] [ 43%] [32mBuilding C object CMakeFiles/gazebo_msgs__rosidl_typesupport_introspection_c.dir/rosidl_typesupport_introspection_c/gazebo_msgs/srv/detail/apply_joint_effort__type_support.c.o[0m
[30.493s] [ 43%] [32mBuilding CXX object CMakeFiles/gazebo_msgs__rosidl_typesupport_c.dir/rosidl_typesupport_c/gazebo_msgs/srv/get_link_properties__type_support.cpp.o[0m
[30.501s] [ 43%] [32mBuilding CXX object CMakeFiles/gazebo_msgs__rosidl_typesupport_fastrtps_c.dir/rosidl_typesupport_fastrtps_c/gazebo_msgs/msg/detail/model_state__type_support_c.cpp.o[0m
[30.504s] [ 44%] [32mBuilding CXX object CMakeFiles/gazebo_msgs__rosidl_typesupport_introspection_cpp.dir/rosidl_typesupport_introspection_cpp/gazebo_msgs/msg/detail/sensor_performance_metric__type_support.cpp.o[0m
[30.617s] [ 44%] [32mBuilding CXX object CMakeFiles/gazebo_msgs__rosidl_typesupport_c.dir/rosidl_typesupport_c/gazebo_msgs/srv/get_link_state__type_support.cpp.o[0m
[30.617s] [ 44%] [32mBuilding C object CMakeFiles/gazebo_msgs__rosidl_typesupport_introspection_c.dir/rosidl_typesupport_introspection_c/gazebo_msgs/srv/detail/delete_light__type_support.c.o[0m
[30.879s] [ 45%] [32mBuilding CXX object CMakeFiles/gazebo_msgs__rosidl_typesupport_c.dir/rosidl_typesupport_c/gazebo_msgs/srv/get_model_list__type_support.cpp.o[0m
[30.922s] [ 46%] [32mBuilding C object CMakeFiles/gazebo_msgs__rosidl_typesupport_introspection_c.dir/rosidl_typesupport_introspection_c/gazebo_msgs/srv/detail/delete_entity__type_support.c.o[0m
[30.937s] [ 46%] [32mBuilding CXX object CMakeFiles/gazebo_msgs__rosidl_typesupport_introspection_cpp.dir/rosidl_typesupport_introspection_cpp/gazebo_msgs/msg/detail/performance_metrics__type_support.cpp.o[0m
[30.939s] [ 46%] [32mBuilding CXX object CMakeFiles/gazebo_msgs__rosidl_typesupport_fastrtps_c.dir/rosidl_typesupport_fastrtps_c/gazebo_msgs/msg/detail/ode_physics__type_support_c.cpp.o[0m
[30.940s] [ 46%] [32mBuilding CXX object CMakeFiles/gazebo_msgs__rosidl_typesupport_c.dir/rosidl_typesupport_c/gazebo_msgs/srv/get_model_properties__type_support.cpp.o[0m
[30.947s] [ 46%] [32mBuilding CXX object CMakeFiles/gazebo_msgs__rosidl_typesupport_fastrtps_cpp.dir/rosidl_typesupport_fastrtps_cpp/gazebo_msgs/msg/detail/dds_fastrtps/sensor_performance_metric__type_support.cpp.o[0m
[31.069s] [ 46%] [32mBuilding C object CMakeFiles/gazebo_msgs__rosidl_typesupport_introspection_c.dir/rosidl_typesupport_introspection_c/gazebo_msgs/srv/detail/body_request__type_support.c.o[0m
[31.087s] [ 46%] [32mBuilding CXX object CMakeFiles/gazebo_msgs__rosidl_typesupport_c.dir/rosidl_typesupport_c/gazebo_msgs/srv/get_model_state__type_support.cpp.o[0m
[31.199s] [ 46%] [32mBuilding C object CMakeFiles/gazebo_msgs__rosidl_typesupport_introspection_c.dir/rosidl_typesupport_introspection_c/gazebo_msgs/srv/detail/delete_model__type_support.c.o[0m
[31.204s] [ 46%] [32mBuilding CXX object CMakeFiles/gazebo_msgs__rosidl_typesupport_c.dir/rosidl_typesupport_c/gazebo_msgs/srv/get_physics_properties__type_support.cpp.o[0m
[31.293s] [ 46%] [32mBuilding C object CMakeFiles/gazebo_msgs__rosidl_typesupport_introspection_c.dir/rosidl_typesupport_introspection_c/gazebo_msgs/srv/detail/get_joint_properties__type_support.c.o[0m
[31.294s] [ 47%] [32mBuilding CXX object CMakeFiles/gazebo_msgs__rosidl_typesupport_c.dir/rosidl_typesupport_c/gazebo_msgs/srv/get_world_properties__type_support.cpp.o[0m
[31.363s] [ 47%] [32mBuilding CXX object CMakeFiles/gazebo_msgs__rosidl_typesupport_c.dir/rosidl_typesupport_c/gazebo_msgs/srv/joint_request__type_support.cpp.o[0m
[31.370s] [ 48%] [32mBuilding C object CMakeFiles/gazebo_msgs__rosidl_typesupport_introspection_c.dir/rosidl_typesupport_introspection_c/gazebo_msgs/srv/detail/get_entity_state__type_support.c.o[0m
[31.377s] [ 49%] [32mBuilding CXX object CMakeFiles/gazebo_msgs__rosidl_typesupport_fastrtps_c.dir/rosidl_typesupport_fastrtps_c/gazebo_msgs/msg/detail/sensor_performance_metric__type_support_c.cpp.o[0m
[31.437s] [ 49%] [32mBuilding CXX object CMakeFiles/gazebo_msgs__rosidl_typesupport_c.dir/rosidl_typesupport_c/gazebo_msgs/srv/link_request__type_support.cpp.o[0m
[31.445s] [ 50%] [32mBuilding CXX object CMakeFiles/gazebo_msgs__rosidl_typesupport_fastrtps_cpp.dir/rosidl_typesupport_fastrtps_cpp/gazebo_msgs/msg/detail/dds_fastrtps/ode_joint_properties__type_support.cpp.o[0m
[31.445s] [ 50%] [32mBuilding C object CMakeFiles/gazebo_msgs__rosidl_typesupport_introspection_c.dir/rosidl_typesupport_introspection_c/gazebo_msgs/srv/detail/get_light_properties__type_support.c.o[0m
[31.514s] [ 50%] [32mBuilding CXX object CMakeFiles/gazebo_msgs__rosidl_typesupport_introspection_cpp.dir/rosidl_typesupport_introspection_cpp/gazebo_msgs/msg/detail/ode_physics__type_support.cpp.o[0m
[31.518s] [ 51%] [32mBuilding CXX object CMakeFiles/gazebo_msgs__rosidl_typesupport_c.dir/rosidl_typesupport_c/gazebo_msgs/srv/set_entity_state__type_support.cpp.o[0m
[31.698s] [ 51%] [32mBuilding CXX object CMakeFiles/gazebo_msgs__rosidl_typesupport_c.dir/rosidl_typesupport_c/gazebo_msgs/srv/set_joint_properties__type_support.cpp.o[0m
[31.704s] [ 52%] [32mBuilding C object CMakeFiles/gazebo_msgs__rosidl_typesupport_introspection_c.dir/rosidl_typesupport_introspection_c/gazebo_msgs/srv/detail/get_link_state__type_support.c.o[0m
[31.819s] [ 52%] [32mBuilding CXX object CMakeFiles/gazebo_msgs__rosidl_typesupport_c.dir/rosidl_typesupport_c/gazebo_msgs/srv/set_joint_trajectory__type_support.cpp.o[0m
[31.826s] [ 52%] [32mBuilding CXX object CMakeFiles/gazebo_msgs__rosidl_typesupport_fastrtps_c.dir/rosidl_typesupport_fastrtps_c/gazebo_msgs/msg/detail/wheel_slip__type_support_c.cpp.o[0m
[31.856s] [ 52%] [32mBuilding C object CMakeFiles/gazebo_msgs__rosidl_typesupport_introspection_c.dir/rosidl_typesupport_introspection_c/gazebo_msgs/srv/detail/get_model_properties__type_support.c.o[0m
[31.956s] [ 52%] [32mBuilding CXX object CMakeFiles/gazebo_msgs__rosidl_typesupport_c.dir/rosidl_typesupport_c/gazebo_msgs/srv/set_light_properties__type_support.cpp.o[0m
[31.980s] [ 52%] [32mBuilding C object CMakeFiles/gazebo_msgs__rosidl_typesupport_introspection_c.dir/rosidl_typesupport_introspection_c/gazebo_msgs/srv/detail/get_model_list__type_support.c.o[0m
[31.992s] [ 52%] [32mBuilding CXX object CMakeFiles/gazebo_msgs__rosidl_typesupport_fastrtps_cpp.dir/rosidl_typesupport_fastrtps_cpp/gazebo_msgs/msg/detail/dds_fastrtps/model_states__type_support.cpp.o[0m
[32.022s] [ 53%] [32mBuilding CXX object CMakeFiles/gazebo_msgs__rosidl_typesupport_introspection_cpp.dir/rosidl_typesupport_introspection_cpp/gazebo_msgs/msg/detail/ode_joint_properties__type_support.cpp.o[0m
[32.043s] [ 54%] [32mBuilding CXX object CMakeFiles/gazebo_msgs__rosidl_typesupport_c.dir/rosidl_typesupport_c/gazebo_msgs/srv/set_link_properties__type_support.cpp.o[0m
[32.111s] [ 54%] [32mBuilding C object CMakeFiles/gazebo_msgs__rosidl_typesupport_introspection_c.dir/rosidl_typesupport_introspection_c/gazebo_msgs/srv/detail/get_model_state__type_support.c.o[0m
[32.147s] [ 54%] [32mBuilding CXX object CMakeFiles/gazebo_msgs__rosidl_typesupport_c.dir/rosidl_typesupport_c/gazebo_msgs/srv/set_link_state__type_support.cpp.o[0m
[32.241s] [ 54%] [32mBuilding CXX object CMakeFiles/gazebo_msgs__rosidl_typesupport_c.dir/rosidl_typesupport_c/gazebo_msgs/srv/set_model_configuration__type_support.cpp.o[0m
[32.246s] [ 55%] [32mBuilding C object CMakeFiles/gazebo_msgs__rosidl_typesupport_introspection_c.dir/rosidl_typesupport_introspection_c/gazebo_msgs/srv/detail/get_physics_properties__type_support.c.o[0m
[32.306s] [ 55%] [32mBuilding CXX object CMakeFiles/gazebo_msgs__rosidl_typesupport_fastrtps_c.dir/rosidl_typesupport_fastrtps_c/gazebo_msgs/msg/detail/world_state__type_support_c.cpp.o[0m
[32.312s] [ 55%] [32mBuilding C object CMakeFiles/gazebo_msgs__rosidl_typesupport_introspection_c.dir/rosidl_typesupport_introspection_c/gazebo_msgs/srv/detail/get_world_properties__type_support.c.o[0m
[32.387s] [ 55%] [32mBuilding CXX object CMakeFiles/gazebo_msgs__rosidl_typesupport_c.dir/rosidl_typesupport_c/gazebo_msgs/srv/set_model_state__type_support.cpp.o[0m
[32.413s] [ 55%] [32mBuilding C object CMakeFiles/gazebo_msgs__rosidl_typesupport_introspection_c.dir/rosidl_typesupport_introspection_c/gazebo_msgs/srv/detail/get_link_properties__type_support.c.o[0m
[32.456s] [ 56%] [32mBuilding CXX object CMakeFiles/gazebo_msgs__rosidl_typesupport_c.dir/rosidl_typesupport_c/gazebo_msgs/srv/set_physics_properties__type_support.cpp.o[0m
[32.546s] [ 56%] [32mBuilding CXX object CMakeFiles/gazebo_msgs__rosidl_typesupport_c.dir/rosidl_typesupport_c/gazebo_msgs/srv/spawn_entity__type_support.cpp.o[0m
[32.552s] [ 56%] [32mBuilding C object CMakeFiles/gazebo_msgs__rosidl_typesupport_introspection_c.dir/rosidl_typesupport_introspection_c/gazebo_msgs/srv/detail/joint_request__type_support.c.o[0m
[32.589s] [ 56%] [32mBuilding CXX object CMakeFiles/gazebo_msgs__rosidl_typesupport_introspection_cpp.dir/rosidl_typesupport_introspection_cpp/gazebo_msgs/srv/detail/delete_entity__type_support.cpp.o[0m
[32.612s] [ 56%] [32mBuilding CXX object CMakeFiles/gazebo_msgs__rosidl_typesupport_c.dir/rosidl_typesupport_c/gazebo_msgs/srv/spawn_model__type_support.cpp.o[0m
[32.617s] [ 56%] [32mBuilding C object CMakeFiles/gazebo_msgs__rosidl_typesupport_introspection_c.dir/rosidl_typesupport_introspection_c/gazebo_msgs/srv/detail/link_request__type_support.c.o[0m
[32.687s] [ 57%] [32mBuilding C object CMakeFiles/gazebo_msgs__rosidl_typesupport_introspection_c.dir/rosidl_typesupport_introspection_c/gazebo_msgs/srv/detail/set_entity_state__type_support.c.o[0m
[32.691s] [ 58%] [32m[1mLinking CXX shared library libgazebo_msgs__rosidl_typesupport_c.so[0m
[32.732s] [ 59%] [32mBuilding CXX object CMakeFiles/gazebo_msgs__rosidl_typesupport_fastrtps_cpp.dir/rosidl_typesupport_fastrtps_cpp/gazebo_msgs/msg/detail/dds_fastrtps/wheel_slip__type_support.cpp.o[0m
[32.750s] [ 59%] [32mBuilding C object CMakeFiles/gazebo_msgs__rosidl_typesupport_introspection_c.dir/rosidl_typesupport_introspection_c/gazebo_msgs/srv/detail/set_joint_properties__type_support.c.o[0m
[32.758s] [ 59%] [32mBuilding CXX object CMakeFiles/gazebo_msgs__rosidl_typesupport_fastrtps_c.dir/rosidl_typesupport_fastrtps_c/gazebo_msgs/srv/detail/apply_joint_effort__type_support_c.cpp.o[0m
[32.828s] [ 59%] [32mBuilding C object CMakeFiles/gazebo_msgs__rosidl_typesupport_introspection_c.dir/rosidl_typesupport_introspection_c/gazebo_msgs/srv/detail/set_joint_trajectory__type_support.c.o[0m
[32.865s] [ 59%] Built target gazebo_msgs__rosidl_typesupport_c
[32.944s] [ 60%] [32mBuilding C object CMakeFiles/gazebo_msgs__rosidl_typesupport_introspection_c.dir/rosidl_typesupport_introspection_c/gazebo_msgs/srv/detail/set_light_properties__type_support.c.o[0m
[33.005s] [ 60%] [32mBuilding C object CMakeFiles/gazebo_msgs__rosidl_typesupport_introspection_c.dir/rosidl_typesupport_introspection_c/gazebo_msgs/srv/detail/set_link_properties__type_support.c.o[0m
[33.085s] [ 60%] [32mBuilding C object CMakeFiles/gazebo_msgs__rosidl_typesupport_introspection_c.dir/rosidl_typesupport_introspection_c/gazebo_msgs/srv/detail/set_link_state__type_support.c.o[0m
[33.101s] [ 60%] [32mBuilding CXX object CMakeFiles/gazebo_msgs__rosidl_typesupport_introspection_cpp.dir/rosidl_typesupport_introspection_cpp/gazebo_msgs/srv/detail/body_request__type_support.cpp.o[0m
[33.156s] [ 60%] [32mBuilding C object CMakeFiles/gazebo_msgs__rosidl_typesupport_introspection_c.dir/rosidl_typesupport_introspection_c/gazebo_msgs/srv/detail/set_model_configuration__type_support.c.o[0m
[33.264s] [ 61%] [32mBuilding C object CMakeFiles/gazebo_msgs__rosidl_typesupport_introspection_c.dir/rosidl_typesupport_introspection_c/gazebo_msgs/srv/detail/set_model_state__type_support.c.o[0m
[33.296s] [ 62%] [32mBuilding CXX object CMakeFiles/gazebo_msgs__rosidl_typesupport_fastrtps_c.dir/rosidl_typesupport_fastrtps_c/gazebo_msgs/srv/detail/delete_entity__type_support_c.cpp.o[0m
[33.335s] [ 62%] [32mBuilding C object CMakeFiles/gazebo_msgs__rosidl_typesupport_introspection_c.dir/rosidl_typesupport_introspection_c/gazebo_msgs/srv/detail/set_physics_properties__type_support.c.o[0m
[33.366s] [ 62%] [32mBuilding CXX object CMakeFiles/gazebo_msgs__rosidl_typesupport_fastrtps_cpp.dir/rosidl_typesupport_fastrtps_cpp/gazebo_msgs/msg/detail/dds_fastrtps/world_state__type_support.cpp.o[0m
[33.409s] [ 62%] [32mBuilding C object CMakeFiles/gazebo_msgs__rosidl_typesupport_introspection_c.dir/rosidl_typesupport_introspection_c/gazebo_msgs/srv/detail/spawn_entity__type_support.c.o[0m
[33.471s] [ 62%] [32mBuilding C object CMakeFiles/gazebo_msgs__rosidl_typesupport_introspection_c.dir/rosidl_typesupport_introspection_c/gazebo_msgs/srv/detail/spawn_model__type_support.c.o[0m
[33.541s] [ 63%] [32m[1mLinking C shared library libgazebo_msgs__rosidl_typesupport_introspection_c.so[0m
[33.620s] [ 63%] [32mBuilding CXX object CMakeFiles/gazebo_msgs__rosidl_typesupport_introspection_cpp.dir/rosidl_typesupport_introspection_cpp/gazebo_msgs/srv/detail/delete_model__type_support.cpp.o[0m
[33.663s] [ 63%] Built target gazebo_msgs__rosidl_typesupport_introspection_c
[33.729s] [ 63%] [32mBuilding CXX object CMakeFiles/gazebo_msgs__rosidl_typesupport_fastrtps_c.dir/rosidl_typesupport_fastrtps_c/gazebo_msgs/srv/detail/delete_light__type_support_c.cpp.o[0m
[34.143s] [ 64%] [32mBuilding CXX object CMakeFiles/gazebo_msgs__rosidl_typesupport_introspection_cpp.dir/rosidl_typesupport_introspection_cpp/gazebo_msgs/srv/detail/delete_light__type_support.cpp.o[0m
[34.171s] [ 64%] [32mBuilding CXX object CMakeFiles/gazebo_msgs__rosidl_typesupport_fastrtps_cpp.dir/rosidl_typesupport_fastrtps_cpp/gazebo_msgs/srv/detail/dds_fastrtps/apply_joint_effort__type_support.cpp.o[0m
[34.221s] [ 64%] [32mBuilding CXX object CMakeFiles/gazebo_msgs__rosidl_typesupport_fastrtps_c.dir/rosidl_typesupport_fastrtps_c/gazebo_msgs/srv/detail/delete_model__type_support_c.cpp.o[0m
[34.670s] [ 64%] [32mBuilding CXX object CMakeFiles/gazebo_msgs__rosidl_typesupport_introspection_cpp.dir/rosidl_typesupport_introspection_cpp/gazebo_msgs/srv/detail/get_joint_properties__type_support.cpp.o[0m
[34.673s] [ 64%] [32mBuilding CXX object CMakeFiles/gazebo_msgs__rosidl_typesupport_fastrtps_c.dir/rosidl_typesupport_fastrtps_c/gazebo_msgs/srv/detail/body_request__type_support_c.cpp.o[0m
[34.750s] [ 64%] [32mBuilding CXX object CMakeFiles/gazebo_msgs__rosidl_typesupport_fastrtps_cpp.dir/rosidl_typesupport_fastrtps_cpp/gazebo_msgs/srv/detail/dds_fastrtps/delete_entity__type_support.cpp.o[0m
[35.151s] [ 65%] [32mBuilding CXX object CMakeFiles/gazebo_msgs__rosidl_typesupport_fastrtps_c.dir/rosidl_typesupport_fastrtps_c/gazebo_msgs/srv/detail/apply_link_wrench__type_support_c.cpp.o[0m
[35.250s] [ 65%] [32mBuilding CXX object CMakeFiles/gazebo_msgs__rosidl_typesupport_introspection_cpp.dir/rosidl_typesupport_introspection_cpp/gazebo_msgs/srv/detail/get_light_properties__type_support.cpp.o[0m
[35.555s] [ 66%] [32mBuilding CXX object CMakeFiles/gazebo_msgs__rosidl_typesupport_fastrtps_cpp.dir/rosidl_typesupport_fastrtps_cpp/gazebo_msgs/srv/detail/dds_fastrtps/delete_light__type_support.cpp.o[0m
[35.591s] [ 66%] [32mBuilding CXX object CMakeFiles/gazebo_msgs__rosidl_typesupport_fastrtps_c.dir/rosidl_typesupport_fastrtps_c/gazebo_msgs/srv/detail/get_joint_properties__type_support_c.cpp.o[0m
[35.704s] [ 66%] [32mBuilding CXX object CMakeFiles/gazebo_msgs__rosidl_typesupport_introspection_cpp.dir/rosidl_typesupport_introspection_cpp/gazebo_msgs/srv/detail/get_link_properties__type_support.cpp.o[0m
[36.125s] [ 66%] [32mBuilding CXX object CMakeFiles/gazebo_msgs__rosidl_typesupport_fastrtps_cpp.dir/rosidl_typesupport_fastrtps_cpp/gazebo_msgs/srv/detail/dds_fastrtps/delete_model__type_support.cpp.o[0m
[36.134s] [ 67%] [32mBuilding CXX object CMakeFiles/gazebo_msgs__rosidl_typesupport_fastrtps_c.dir/rosidl_typesupport_fastrtps_c/gazebo_msgs/srv/detail/get_entity_state__type_support_c.cpp.o[0m
[36.254s] [ 68%] [32mBuilding CXX object CMakeFiles/gazebo_msgs__rosidl_typesupport_introspection_cpp.dir/rosidl_typesupport_introspection_cpp/gazebo_msgs/srv/detail/get_model_list__type_support.cpp.o[0m
[36.561s] [ 68%] [32mBuilding CXX object CMakeFiles/gazebo_msgs__rosidl_typesupport_fastrtps_cpp.dir/rosidl_typesupport_fastrtps_cpp/gazebo_msgs/srv/detail/dds_fastrtps/body_request__type_support.cpp.o[0m
[36.631s] [ 68%] [32mBuilding CXX object CMakeFiles/gazebo_msgs__rosidl_typesupport_fastrtps_c.dir/rosidl_typesupport_fastrtps_c/gazebo_msgs/srv/detail/get_light_properties__type_support_c.cpp.o[0m
[36.646s] [ 68%] [32mBuilding CXX object CMakeFiles/gazebo_msgs__rosidl_typesupport_introspection_cpp.dir/rosidl_typesupport_introspection_cpp/gazebo_msgs/srv/detail/get_model_properties__type_support.cpp.o[0m
[37.075s] [ 68%] [32mBuilding CXX object CMakeFiles/gazebo_msgs__rosidl_typesupport_fastrtps_cpp.dir/rosidl_typesupport_fastrtps_cpp/gazebo_msgs/srv/detail/dds_fastrtps/get_joint_properties__type_support.cpp.o[0m
[37.102s] [ 68%] [32mBuilding CXX object CMakeFiles/gazebo_msgs__rosidl_typesupport_fastrtps_c.dir/rosidl_typesupport_fastrtps_c/gazebo_msgs/srv/detail/get_link_properties__type_support_c.cpp.o[0m
[37.104s] [ 68%] [32mBuilding CXX object CMakeFiles/gazebo_msgs__rosidl_typesupport_introspection_cpp.dir/rosidl_typesupport_introspection_cpp/gazebo_msgs/srv/detail/get_model_state__type_support.cpp.o[0m
[37.483s] [ 68%] [32mBuilding CXX object CMakeFiles/gazebo_msgs__rosidl_typesupport_introspection_cpp.dir/rosidl_typesupport_introspection_cpp/gazebo_msgs/srv/detail/get_link_state__type_support.cpp.o[0m
[37.496s] [ 69%] [32mBuilding CXX object CMakeFiles/gazebo_msgs__rosidl_typesupport_fastrtps_c.dir/rosidl_typesupport_fastrtps_c/gazebo_msgs/srv/detail/get_model_list__type_support_c.cpp.o[0m
[37.665s] [ 70%] [32mBuilding CXX object CMakeFiles/gazebo_msgs__rosidl_typesupport_fastrtps_cpp.dir/rosidl_typesupport_fastrtps_cpp/gazebo_msgs/srv/detail/dds_fastrtps/get_light_properties__type_support.cpp.o[0m
[37.901s] [ 70%] [32mBuilding CXX object CMakeFiles/gazebo_msgs__rosidl_typesupport_fastrtps_c.dir/rosidl_typesupport_fastrtps_c/gazebo_msgs/srv/detail/get_model_properties__type_support_c.cpp.o[0m
[37.928s] [ 71%] [32mBuilding CXX object CMakeFiles/gazebo_msgs__rosidl_typesupport_introspection_cpp.dir/rosidl_typesupport_introspection_cpp/gazebo_msgs/srv/detail/get_entity_state__type_support.cpp.o[0m
[38.134s] [ 71%] [32mBuilding CXX object CMakeFiles/gazebo_msgs__rosidl_typesupport_fastrtps_cpp.dir/rosidl_typesupport_fastrtps_cpp/gazebo_msgs/srv/detail/dds_fastrtps/get_link_properties__type_support.cpp.o[0m
[38.373s] [ 71%] [32mBuilding CXX object CMakeFiles/gazebo_msgs__rosidl_typesupport_fastrtps_c.dir/rosidl_typesupport_fastrtps_c/gazebo_msgs/srv/detail/get_model_state__type_support_c.cpp.o[0m
[38.377s] [ 71%] [32mBuilding CXX object CMakeFiles/gazebo_msgs__rosidl_typesupport_introspection_cpp.dir/rosidl_typesupport_introspection_cpp/gazebo_msgs/srv/detail/get_physics_properties__type_support.cpp.o[0m
[38.570s] [ 71%] [32mBuilding CXX object CMakeFiles/gazebo_msgs__rosidl_typesupport_fastrtps_cpp.dir/rosidl_typesupport_fastrtps_cpp/gazebo_msgs/srv/detail/dds_fastrtps/get_link_state__type_support.cpp.o[0m
[38.757s] [ 71%] [32mBuilding CXX object CMakeFiles/gazebo_msgs__rosidl_typesupport_introspection_cpp.dir/rosidl_typesupport_introspection_cpp/gazebo_msgs/msg/detail/model_states__type_support.cpp.o[0m
[38.776s] [ 71%] [32mBuilding CXX object CMakeFiles/gazebo_msgs__rosidl_typesupport_fastrtps_c.dir/rosidl_typesupport_fastrtps_c/gazebo_msgs/srv/detail/joint_request__type_support_c.cpp.o[0m
[39.075s] [ 71%] [32mBuilding CXX object CMakeFiles/gazebo_msgs__rosidl_typesupport_fastrtps_cpp.dir/rosidl_typesupport_fastrtps_cpp/gazebo_msgs/srv/detail/dds_fastrtps/get_entity_state__type_support.cpp.o[0m
[39.179s] [ 71%] [32mBuilding CXX object CMakeFiles/gazebo_msgs__rosidl_typesupport_fastrtps_c.dir/rosidl_typesupport_fastrtps_c/gazebo_msgs/srv/detail/link_request__type_support_c.cpp.o[0m
[39.202s] [ 72%] [32mBuilding CXX object CMakeFiles/gazebo_msgs__rosidl_typesupport_introspection_cpp.dir/rosidl_typesupport_introspection_cpp/gazebo_msgs/srv/detail/get_world_properties__type_support.cpp.o[0m
[39.451s] [ 73%] [32mBuilding CXX object CMakeFiles/gazebo_msgs__rosidl_typesupport_fastrtps_cpp.dir/rosidl_typesupport_fastrtps_cpp/gazebo_msgs/srv/detail/dds_fastrtps/get_model_list__type_support.cpp.o[0m
[39.584s] [ 73%] [32mBuilding CXX object CMakeFiles/gazebo_msgs__rosidl_typesupport_introspection_cpp.dir/rosidl_typesupport_introspection_cpp/gazebo_msgs/srv/detail/joint_request__type_support.cpp.o[0m
[39.651s] [ 74%] [32mBuilding CXX object CMakeFiles/gazebo_msgs__rosidl_typesupport_fastrtps_c.dir/rosidl_typesupport_fastrtps_c/gazebo_msgs/srv/detail/set_entity_state__type_support_c.cpp.o[0m
[40.084s] [ 74%] [32mBuilding CXX object CMakeFiles/gazebo_msgs__rosidl_typesupport_fastrtps_cpp.dir/rosidl_typesupport_fastrtps_cpp/gazebo_msgs/srv/detail/dds_fastrtps/get_model_properties__type_support.cpp.o[0m
[40.086s] [ 74%] [32mBuilding CXX object CMakeFiles/gazebo_msgs__rosidl_typesupport_introspection_cpp.dir/rosidl_typesupport_introspection_cpp/gazebo_msgs/srv/detail/link_request__type_support.cpp.o[0m
[40.106s] [ 74%] [32mBuilding CXX object CMakeFiles/gazebo_msgs__rosidl_typesupport_fastrtps_c.dir/rosidl_typesupport_fastrtps_c/gazebo_msgs/srv/detail/set_joint_properties__type_support_c.cpp.o[0m
[40.496s] [ 75%] [32mBuilding CXX object CMakeFiles/gazebo_msgs__rosidl_typesupport_introspection_cpp.dir/rosidl_typesupport_introspection_cpp/gazebo_msgs/srv/detail/set_entity_state__type_support.cpp.o[0m
[40.638s] [ 75%] [32mBuilding CXX object CMakeFiles/gazebo_msgs__rosidl_typesupport_fastrtps_cpp.dir/rosidl_typesupport_fastrtps_cpp/gazebo_msgs/srv/detail/dds_fastrtps/get_model_state__type_support.cpp.o[0m
[40.651s] [ 75%] [32mBuilding CXX object CMakeFiles/gazebo_msgs__rosidl_typesupport_fastrtps_c.dir/rosidl_typesupport_fastrtps_c/gazebo_msgs/srv/detail/set_joint_trajectory__type_support_c.cpp.o[0m
[41.000s] [ 75%] [32mBuilding CXX object CMakeFiles/gazebo_msgs__rosidl_typesupport_introspection_cpp.dir/rosidl_typesupport_introspection_cpp/gazebo_msgs/srv/detail/set_joint_properties__type_support.cpp.o[0m
[41.007s] [ 75%] [32mBuilding CXX object CMakeFiles/gazebo_msgs__rosidl_typesupport_fastrtps_c.dir/rosidl_typesupport_fastrtps_c/gazebo_msgs/srv/detail/set_light_properties__type_support_c.cpp.o[0m
[41.163s] [ 76%] [32mBuilding CXX object CMakeFiles/gazebo_msgs__rosidl_typesupport_fastrtps_cpp.dir/rosidl_typesupport_fastrtps_cpp/gazebo_msgs/srv/detail/dds_fastrtps/get_world_properties__type_support.cpp.o[0m
[41.420s] [ 77%] [32mBuilding CXX object CMakeFiles/gazebo_msgs__rosidl_typesupport_fastrtps_c.dir/rosidl_typesupport_fastrtps_c/gazebo_msgs/srv/detail/set_link_properties__type_support_c.cpp.o[0m
[41.437s] [ 77%] [32mBuilding CXX object CMakeFiles/gazebo_msgs__rosidl_typesupport_introspection_cpp.dir/rosidl_typesupport_introspection_cpp/gazebo_msgs/srv/detail/set_joint_trajectory__type_support.cpp.o[0m
[41.732s] [ 77%] [32mBuilding CXX object CMakeFiles/gazebo_msgs__rosidl_typesupport_fastrtps_cpp.dir/rosidl_typesupport_fastrtps_cpp/gazebo_msgs/srv/detail/dds_fastrtps/joint_request__type_support.cpp.o[0m
[41.765s] [ 77%] [32mBuilding CXX object CMakeFiles/gazebo_msgs__rosidl_typesupport_fastrtps_c.dir/rosidl_typesupport_fastrtps_c/gazebo_msgs/srv/detail/get_world_properties__type_support_c.cpp.o[0m
[41.964s] [ 77%] [32mBuilding CXX object CMakeFiles/gazebo_msgs__rosidl_typesupport_introspection_cpp.dir/rosidl_typesupport_introspection_cpp/gazebo_msgs/srv/detail/set_light_properties__type_support.cpp.o[0m
[42.110s] [ 77%] [32mBuilding CXX object CMakeFiles/gazebo_msgs__rosidl_typesupport_fastrtps_cpp.dir/rosidl_typesupport_fastrtps_cpp/gazebo_msgs/srv/detail/dds_fastrtps/set_entity_state__type_support.cpp.o[0m
[42.230s] [ 78%] [32mBuilding CXX object CMakeFiles/gazebo_msgs__rosidl_typesupport_fastrtps_c.dir/rosidl_typesupport_fastrtps_c/gazebo_msgs/srv/detail/get_physics_properties__type_support_c.cpp.o[0m
[42.456s] [ 79%] [32mBuilding CXX object CMakeFiles/gazebo_msgs__rosidl_typesupport_introspection_cpp.dir/rosidl_typesupport_introspection_cpp/gazebo_msgs/srv/detail/set_link_properties__type_support.cpp.o[0m
[42.465s] [ 80%] [32mBuilding CXX object CMakeFiles/gazebo_msgs__rosidl_typesupport_fastrtps_cpp.dir/rosidl_typesupport_fastrtps_cpp/gazebo_msgs/srv/detail/dds_fastrtps/set_joint_properties__type_support.cpp.o[0m
[42.553s] [ 80%] [32mBuilding CXX object CMakeFiles/gazebo_msgs__rosidl_typesupport_fastrtps_c.dir/rosidl_typesupport_fastrtps_c/gazebo_msgs/srv/detail/set_model_configuration__type_support_c.cpp.o[0m
[42.893s] [ 80%] [32mBuilding CXX object CMakeFiles/gazebo_msgs__rosidl_typesupport_fastrtps_c.dir/rosidl_typesupport_fastrtps_c/gazebo_msgs/srv/detail/set_link_state__type_support_c.cpp.o[0m
[42.919s] [ 80%] [32mBuilding CXX object CMakeFiles/gazebo_msgs__rosidl_typesupport_introspection_cpp.dir/rosidl_typesupport_introspection_cpp/gazebo_msgs/srv/detail/set_link_state__type_support.cpp.o[0m
[42.927s] [ 80%] [32mBuilding CXX object CMakeFiles/gazebo_msgs__rosidl_typesupport_fastrtps_cpp.dir/rosidl_typesupport_fastrtps_cpp/gazebo_msgs/srv/detail/dds_fastrtps/set_light_properties__type_support.cpp.o[0m
[43.393s] [ 80%] [32mBuilding CXX object CMakeFiles/gazebo_msgs__rosidl_typesupport_fastrtps_c.dir/rosidl_typesupport_fastrtps_c/gazebo_msgs/srv/detail/get_link_state__type_support_c.cpp.o[0m
[43.400s] [ 80%] [32mBuilding CXX object CMakeFiles/gazebo_msgs__rosidl_typesupport_introspection_cpp.dir/rosidl_typesupport_introspection_cpp/gazebo_msgs/srv/detail/set_model_configuration__type_support.cpp.o[0m
[43.456s] [ 81%] [32mBuilding CXX object CMakeFiles/gazebo_msgs__rosidl_typesupport_fastrtps_cpp.dir/rosidl_typesupport_fastrtps_cpp/gazebo_msgs/srv/detail/dds_fastrtps/set_link_properties__type_support.cpp.o[0m
[43.804s] [ 81%] [32mBuilding CXX object CMakeFiles/gazebo_msgs__rosidl_typesupport_introspection_cpp.dir/rosidl_typesupport_introspection_cpp/gazebo_msgs/srv/detail/set_model_state__type_support.cpp.o[0m
[43.877s] [ 82%] [32mBuilding CXX object CMakeFiles/gazebo_msgs__rosidl_typesupport_fastrtps_c.dir/rosidl_typesupport_fastrtps_c/gazebo_msgs/srv/detail/set_model_state__type_support_c.cpp.o[0m
[44.063s] [ 82%] [32mBuilding CXX object CMakeFiles/gazebo_msgs__rosidl_typesupport_fastrtps_cpp.dir/rosidl_typesupport_fastrtps_cpp/gazebo_msgs/srv/detail/dds_fastrtps/set_link_state__type_support.cpp.o[0m
[44.490s] [ 82%] [32mBuilding CXX object CMakeFiles/gazebo_msgs__rosidl_typesupport_fastrtps_c.dir/rosidl_typesupport_fastrtps_c/gazebo_msgs/srv/detail/set_physics_properties__type_support_c.cpp.o[0m
[44.578s] [ 83%] [32mBuilding CXX object CMakeFiles/gazebo_msgs__rosidl_typesupport_introspection_cpp.dir/rosidl_typesupport_introspection_cpp/gazebo_msgs/srv/detail/set_physics_properties__type_support.cpp.o[0m
[44.681s] [ 83%] [32mBuilding CXX object CMakeFiles/gazebo_msgs__rosidl_typesupport_fastrtps_cpp.dir/rosidl_typesupport_fastrtps_cpp/gazebo_msgs/srv/detail/dds_fastrtps/set_model_state__type_support.cpp.o[0m
[45.263s] [ 83%] [32mBuilding CXX object CMakeFiles/gazebo_msgs__rosidl_typesupport_introspection_cpp.dir/rosidl_typesupport_introspection_cpp/gazebo_msgs/srv/detail/spawn_entity__type_support.cpp.o[0m
[45.616s] [ 84%] [32mBuilding CXX object CMakeFiles/gazebo_msgs__rosidl_typesupport_fastrtps_cpp.dir/rosidl_typesupport_fastrtps_cpp/gazebo_msgs/srv/detail/dds_fastrtps/set_physics_properties__type_support.cpp.o[0m
[45.695s] [ 84%] [32mBuilding CXX object CMakeFiles/gazebo_msgs__rosidl_typesupport_fastrtps_c.dir/rosidl_typesupport_fastrtps_c/gazebo_msgs/srv/detail/spawn_entity__type_support_c.cpp.o[0m
[45.960s] [ 84%] [32mBuilding CXX object CMakeFiles/gazebo_msgs__rosidl_typesupport_introspection_cpp.dir/rosidl_typesupport_introspection_cpp/gazebo_msgs/srv/detail/spawn_model__type_support.cpp.o[0m
[46.045s] [ 84%] [32mBuilding CXX object CMakeFiles/gazebo_msgs__rosidl_typesupport_fastrtps_cpp.dir/rosidl_typesupport_fastrtps_cpp/gazebo_msgs/srv/detail/dds_fastrtps/set_model_configuration__type_support.cpp.o[0m
[46.316s] [ 84%] [32mBuilding CXX object CMakeFiles/gazebo_msgs__rosidl_typesupport_fastrtps_c.dir/rosidl_typesupport_fastrtps_c/gazebo_msgs/srv/detail/spawn_model__type_support_c.cpp.o[0m
[46.413s] [ 85%] [32m[1mLinking CXX shared library libgazebo_msgs__rosidl_typesupport_introspection_cpp.so[0m
[46.734s] [ 85%] [32mBuilding CXX object CMakeFiles/gazebo_msgs__rosidl_typesupport_fastrtps_cpp.dir/rosidl_typesupport_fastrtps_cpp/gazebo_msgs/srv/detail/dds_fastrtps/spawn_model__type_support.cpp.o[0m
[46.905s] [ 85%] [32mBuilding CXX object CMakeFiles/gazebo_msgs__rosidl_typesupport_fastrtps_c.dir/rosidl_typesupport_fastrtps_c/gazebo_msgs/srv/detail/apply_body_wrench__type_support_c.cpp.o[0m
[47.250s] [ 85%] [32mBuilding CXX object CMakeFiles/gazebo_msgs__rosidl_typesupport_fastrtps_cpp.dir/rosidl_typesupport_fastrtps_cpp/gazebo_msgs/srv/detail/dds_fastrtps/spawn_entity__type_support.cpp.o[0m
[47.472s] [ 85%] [32mBuilding CXX object CMakeFiles/gazebo_msgs__rosidl_typesupport_fastrtps_c.dir/rosidl_typesupport_fastrtps_c/gazebo_msgs/msg/detail/performance_metrics__type_support_c.cpp.o[0m
[47.947s] [ 85%] [32mBuilding CXX object CMakeFiles/gazebo_msgs__rosidl_typesupport_fastrtps_cpp.dir/rosidl_typesupport_fastrtps_cpp/gazebo_msgs/srv/detail/dds_fastrtps/set_joint_trajectory__type_support.cpp.o[0m
[47.947s] [ 85%] [32mBuilding CXX object CMakeFiles/gazebo_msgs__rosidl_typesupport_fastrtps_c.dir/rosidl_typesupport_fastrtps_c/gazebo_msgs/msg/detail/ode_joint_properties__type_support_c.cpp.o[0m
[48.425s] [ 86%] [32mBuilding CXX object CMakeFiles/gazebo_msgs__rosidl_typesupport_fastrtps_c.dir/rosidl_typesupport_fastrtps_c/gazebo_msgs/msg/detail/model_states__type_support_c.cpp.o[0m
[48.448s] [ 86%] [32mBuilding CXX object CMakeFiles/gazebo_msgs__rosidl_typesupport_fastrtps_cpp.dir/rosidl_typesupport_fastrtps_cpp/gazebo_msgs/srv/detail/dds_fastrtps/link_request__type_support.cpp.o[0m
[48.572s] [ 86%] Built target gazebo_msgs__rosidl_typesupport_introspection_cpp
[48.933s] [ 87%] [32mBuilding CXX object CMakeFiles/gazebo_msgs__rosidl_typesupport_fastrtps_cpp.dir/rosidl_typesupport_fastrtps_cpp/gazebo_msgs/srv/detail/dds_fastrtps/get_physics_properties__type_support.cpp.o[0m
[48.933s] [ 87%] [32m[1mLinking CXX shared library libgazebo_msgs__rosidl_typesupport_fastrtps_c.so[0m
[49.437s] [ 88%] [32mBuilding CXX object CMakeFiles/gazebo_msgs__rosidl_typesupport_fastrtps_cpp.dir/rosidl_typesupport_fastrtps_cpp/gazebo_msgs/srv/detail/dds_fastrtps/apply_link_wrench__type_support.cpp.o[0m
[50.067s] [ 88%] [32mBuilding CXX object CMakeFiles/gazebo_msgs__rosidl_typesupport_fastrtps_cpp.dir/rosidl_typesupport_fastrtps_cpp/gazebo_msgs/srv/detail/dds_fastrtps/apply_body_wrench__type_support.cpp.o[0m
[50.752s] [ 88%] [32mBuilding CXX object CMakeFiles/gazebo_msgs__rosidl_typesupport_fastrtps_cpp.dir/rosidl_typesupport_fastrtps_cpp/gazebo_msgs/msg/detail/dds_fastrtps/link_states__type_support.cpp.o[0m
[50.920s] [ 88%] Built target gazebo_msgs__rosidl_typesupport_fastrtps_c
[51.396s] [ 88%] [32mBuilding CXX object CMakeFiles/gazebo_msgs__rosidl_typesupport_fastrtps_cpp.dir/rosidl_typesupport_fastrtps_cpp/gazebo_msgs/msg/detail/dds_fastrtps/entity_state__type_support.cpp.o[0m
[51.791s] [ 88%] [32m[1mLinking CXX shared library libgazebo_msgs__rosidl_typesupport_fastrtps_cpp.so[0m
[54.755s] [ 88%] Built target gazebo_msgs__rosidl_typesupport_fastrtps_cpp
[55.121s] [ 88%] Built target gazebo_msgs
[55.191s] [ 88%] [34m[1mGenerating Python code for ROS interfaces[0m
[68.237s] [ 88%] Built target gazebo_msgs__py
[68.753s] [ 89%] [32mBuilding C object CMakeFiles/gazebo_msgs__rosidl_generator_py.dir/rosidl_generator_py/gazebo_msgs/msg/_contact_state_s.c.o[0m
[69.071s] [ 90%] [32mBuilding C object CMakeFiles/gazebo_msgs__rosidl_generator_py.dir/rosidl_generator_py/gazebo_msgs/srv/_apply_joint_effort_s.c.o[0m
[69.258s] [ 90%] [32mBuilding C object CMakeFiles/gazebo_msgs__rosidl_generator_py.dir/rosidl_generator_py/gazebo_msgs/srv/_body_request_s.c.o[0m
[69.481s] [ 90%] [32mBuilding C object CMakeFiles/gazebo_msgs__rosidl_generator_py.dir/rosidl_generator_py/gazebo_msgs/srv/_delete_entity_s.c.o[0m
[69.723s] [ 90%] [32mBuilding C object CMakeFiles/gazebo_msgs__rosidl_generator_py.dir/rosidl_generator_py/gazebo_msgs/srv/_delete_light_s.c.o[0m
[69.825s] [ 91%] [32mBuilding C object CMakeFiles/gazebo_msgs__rosidl_generator_py.dir/rosidl_generator_py/gazebo_msgs/srv/_delete_model_s.c.o[0m
[69.925s] [ 91%] [32mBuilding C object CMakeFiles/gazebo_msgs__rosidl_generator_py.dir/rosidl_generator_py/gazebo_msgs/srv/_get_joint_properties_s.c.o[0m
[70.043s] [ 91%] [32mBuilding C object CMakeFiles/gazebo_msgs__rosidl_generator_py.dir/rosidl_generator_py/gazebo_msgs/srv/_get_entity_state_s.c.o[0m
[70.149s] [ 92%] [32mBuilding C object CMakeFiles/gazebo_msgs__rosidl_generator_py.dir/rosidl_generator_py/gazebo_msgs/srv/_get_light_properties_s.c.o[0m
[70.263s] [ 92%] [32mBuilding C object CMakeFiles/gazebo_msgs__rosidl_generator_py.dir/rosidl_generator_py/gazebo_msgs/srv/_get_link_properties_s.c.o[0m
[70.383s] [ 92%] [32mBuilding C object CMakeFiles/gazebo_msgs__rosidl_generator_py.dir/rosidl_generator_py/gazebo_msgs/srv/_get_link_state_s.c.o[0m
[70.547s] [ 92%] [32mBuilding C object CMakeFiles/gazebo_msgs__rosidl_generator_py.dir/rosidl_generator_py/gazebo_msgs/srv/_get_model_list_s.c.o[0m
[70.664s] [ 93%] [32mBuilding C object CMakeFiles/gazebo_msgs__rosidl_generator_py.dir/rosidl_generator_py/gazebo_msgs/srv/_get_model_properties_s.c.o[0m
[70.787s] [ 93%] [32mBuilding C object CMakeFiles/gazebo_msgs__rosidl_generator_py.dir/rosidl_generator_py/gazebo_msgs/srv/_get_model_state_s.c.o[0m
[70.896s] [ 93%] [32mBuilding C object CMakeFiles/gazebo_msgs__rosidl_generator_py.dir/rosidl_generator_py/gazebo_msgs/srv/_get_physics_properties_s.c.o[0m
[71.003s] [ 93%] [32mBuilding C object CMakeFiles/gazebo_msgs__rosidl_generator_py.dir/rosidl_generator_py/gazebo_msgs/srv/_get_world_properties_s.c.o[0m
[71.114s] [ 94%] [32mBuilding C object CMakeFiles/gazebo_msgs__rosidl_generator_py.dir/rosidl_generator_py/gazebo_msgs/srv/_joint_request_s.c.o[0m
[71.114s] [ 94%] [32mBuilding C object CMakeFiles/gazebo_msgs__rosidl_generator_py.dir/rosidl_generator_py/gazebo_msgs/srv/_apply_link_wrench_s.c.o[0m
[71.115s] [ 94%] [32mBuilding C object CMakeFiles/gazebo_msgs__rosidl_generator_py.dir/rosidl_generator_py/gazebo_msgs/srv/_apply_body_wrench_s.c.o[0m
[71.118s] [ 94%] [32mBuilding C object CMakeFiles/gazebo_msgs__rosidl_generator_py.dir/rosidl_generator_py/gazebo_msgs/msg/_world_state_s.c.o[0m
[71.223s] [ 94%] [32mBuilding C object CMakeFiles/gazebo_msgs__rosidl_generator_py.dir/rosidl_generator_py/gazebo_msgs/srv/_link_request_s.c.o[0m
[71.233s] [ 94%] [32mBuilding C object CMakeFiles/gazebo_msgs__rosidl_generator_py.dir/rosidl_generator_py/gazebo_msgs/srv/_set_entity_state_s.c.o[0m
[71.235s] [ 95%] [32mBuilding C object CMakeFiles/gazebo_msgs__rosidl_generator_py.dir/rosidl_generator_py/gazebo_msgs/srv/_set_joint_properties_s.c.o[0m
[71.246s] [ 95%] [32mBuilding C object CMakeFiles/gazebo_msgs__rosidl_generator_py.dir/rosidl_generator_py/gazebo_msgs/srv/_set_joint_trajectory_s.c.o[0m
[71.329s] [ 95%] [32mBuilding C object CMakeFiles/gazebo_msgs__rosidl_generator_py.dir/rosidl_generator_py/gazebo_msgs/srv/_set_light_properties_s.c.o[0m
[71.386s] [ 96%] [32mBuilding C object CMakeFiles/gazebo_msgs__rosidl_generator_py.dir/rosidl_generator_py/gazebo_msgs/msg/_wheel_slip_s.c.o[0m
[71.390s] [ 96%] [32mBuilding C object CMakeFiles/gazebo_msgs__rosidl_generator_py.dir/rosidl_generator_py/gazebo_msgs/srv/_set_link_properties_s.c.o[0m
[71.391s] [ 96%] [32mBuilding C object CMakeFiles/gazebo_msgs__rosidl_generator_py.dir/rosidl_generator_py/gazebo_msgs/msg/_sensor_performance_metric_s.c.o[0m
[71.403s] [ 97%] [32mBuilding C object CMakeFiles/gazebo_msgs__rosidl_generator_py.dir/rosidl_generator_py/gazebo_msgs/srv/_set_link_state_s.c.o[0m
[71.443s] [ 97%] [32mBuilding C object CMakeFiles/gazebo_msgs__rosidl_generator_py.dir/rosidl_generator_py/gazebo_msgs/srv/_set_model_configuration_s.c.o[0m
[71.447s] [ 97%] [32mBuilding C object CMakeFiles/gazebo_msgs__rosidl_generator_py.dir/rosidl_generator_py/gazebo_msgs/srv/_set_model_state_s.c.o[0m
[71.563s] [ 97%] [32mBuilding C object CMakeFiles/gazebo_msgs__rosidl_generator_py.dir/rosidl_generator_py/gazebo_msgs/srv/_set_physics_properties_s.c.o[0m
[71.567s] [ 98%] [32mBuilding C object CMakeFiles/gazebo_msgs__rosidl_generator_py.dir/rosidl_generator_py/gazebo_msgs/srv/_spawn_entity_s.c.o[0m
[71.574s] [ 98%] [32mBuilding C object CMakeFiles/gazebo_msgs__rosidl_generator_py.dir/rosidl_generator_py/gazebo_msgs/srv/_spawn_model_s.c.o[0m
[71.621s] [ 98%] [32mBuilding C object CMakeFiles/gazebo_msgs__rosidl_generator_py.dir/rosidl_generator_py/gazebo_msgs/msg/_ode_joint_properties_s.c.o[0m
[71.622s] [ 99%] [32mBuilding C object CMakeFiles/gazebo_msgs__rosidl_generator_py.dir/rosidl_generator_py/gazebo_msgs/msg/_ode_physics_s.c.o[0m
[71.622s] [ 99%] [32mBuilding C object CMakeFiles/gazebo_msgs__rosidl_generator_py.dir/rosidl_generator_py/gazebo_msgs/msg/_performance_metrics_s.c.o[0m
[71.668s] [ 99%] [32mBuilding C object CMakeFiles/gazebo_msgs__rosidl_generator_py.dir/rosidl_generator_py/gazebo_msgs/msg/_model_states_s.c.o[0m
[71.757s] [ 99%] [32mBuilding C object CMakeFiles/gazebo_msgs__rosidl_generator_py.dir/rosidl_generator_py/gazebo_msgs/msg/_model_state_s.c.o[0m
[71.830s] [100%] [32mBuilding C object CMakeFiles/gazebo_msgs__rosidl_generator_py.dir/rosidl_generator_py/gazebo_msgs/msg/_link_states_s.c.o[0m
[71.870s] [100%] [32mBuilding C object CMakeFiles/gazebo_msgs__rosidl_generator_py.dir/rosidl_generator_py/gazebo_msgs/msg/_link_state_s.c.o[0m
[71.919s] [100%] [32mBuilding C object CMakeFiles/gazebo_msgs__rosidl_generator_py.dir/rosidl_generator_py/gazebo_msgs/msg/_entity_state_s.c.o[0m
[71.923s] [100%] [32mBuilding C object CMakeFiles/gazebo_msgs__rosidl_generator_py.dir/rosidl_generator_py/gazebo_msgs/msg/_contacts_state_s.c.o[0m
[72.050s] [100%] [32m[1mLinking C shared library rosidl_generator_py/gazebo_msgs/libgazebo_msgs__rosidl_generator_py.so[0m
[72.383s] [100%] Built target gazebo_msgs__rosidl_generator_py
[72.605s] [100%] [32mBuilding C object CMakeFiles/gazebo_msgs__rosidl_typesupport_fastrtps_c__pyext.dir/rosidl_generator_py/gazebo_msgs/_gazebo_msgs_s.ep.rosidl_typesupport_fastrtps_c.c.o[0m
[72.635s] [100%] [32mBuilding C object CMakeFiles/gazebo_msgs__rosidl_typesupport_c__pyext.dir/rosidl_generator_py/gazebo_msgs/_gazebo_msgs_s.ep.rosidl_typesupport_c.c.o[0m
[72.635s] [100%] [32mBuilding C object CMakeFiles/gazebo_msgs__rosidl_typesupport_introspection_c__pyext.dir/rosidl_generator_py/gazebo_msgs/_gazebo_msgs_s.ep.rosidl_typesupport_introspection_c.c.o[0m
[72.867s] [100%] [32m[1mLinking C shared library rosidl_generator_py/gazebo_msgs/gazebo_msgs_s__rosidl_typesupport_fastrtps_c.cpython-310-x86_64-linux-gnu.so[0m
[72.896s] [100%] [32m[1mLinking C shared library rosidl_generator_py/gazebo_msgs/gazebo_msgs_s__rosidl_typesupport_c.cpython-310-x86_64-linux-gnu.so[0m
[72.896s] [100%] [32m[1mLinking C shared library rosidl_generator_py/gazebo_msgs/gazebo_msgs_s__rosidl_typesupport_introspection_c.cpython-310-x86_64-linux-gnu.so[0m
[73.096s] [100%] Built target gazebo_msgs__rosidl_typesupport_c__pyext
[73.096s] [100%] Built target gazebo_msgs__rosidl_typesupport_fastrtps_c__pyext
[73.175s] [100%] Built target gazebo_msgs__rosidl_typesupport_introspection_c__pyext
[73.727s] Invoked command in '/home/sentry_ws/src/build/gazebo_msgs' returned '0': CMAKE_PREFIX_PATH=${CMAKE_PREFIX_PATH}:/home/sentry_ws/install/control_panel:/opt/ros/humble /usr/bin/cmake --build /home/sentry_ws/src/build/gazebo_msgs -- -j16 -l16
[76.044s] Invoking command in '/home/sentry_ws/src/build/gazebo_msgs': CMAKE_PREFIX_PATH=${CMAKE_PREFIX_PATH}:/home/sentry_ws/install/control_panel:/opt/ros/humble /usr/bin/cmake --install /home/sentry_ws/src/build/gazebo_msgs
[76.199s] -- Install configuration: ""
[76.199s] -- Installing: /home/sentry_ws/src/install/gazebo_msgs/share/ament_index/resource_index/rosidl_interfaces/gazebo_msgs
[76.233s] -- Installing: /home/sentry_ws/src/install/gazebo_msgs/include/gazebo_msgs/gazebo_msgs
[76.233s] -- Installing: /home/sentry_ws/src/install/gazebo_msgs/include/gazebo_msgs/gazebo_msgs/srv
[76.233s] -- Installing: /home/sentry_ws/src/install/gazebo_msgs/include/gazebo_msgs/gazebo_msgs/srv/set_model_configuration.h
[76.233s] -- Installing: /home/sentry_ws/src/install/gazebo_msgs/include/gazebo_msgs/gazebo_msgs/srv/set_joint_trajectory.h
[76.234s] -- Installing: /home/sentry_ws/src/install/gazebo_msgs/include/gazebo_msgs/gazebo_msgs/srv/set_joint_properties.h
[76.234s] -- Installing: /home/sentry_ws/src/install/gazebo_msgs/include/gazebo_msgs/gazebo_msgs/srv/set_physics_properties.h
[76.235s] -- Installing: /home/sentry_ws/src/install/gazebo_msgs/include/gazebo_msgs/gazebo_msgs/srv/get_joint_properties.h
[76.235s] -- Installing: /home/sentry_ws/src/install/gazebo_msgs/include/gazebo_msgs/gazebo_msgs/srv/delete_entity.h
[76.235s] -- Installing: /home/sentry_ws/src/install/gazebo_msgs/include/gazebo_msgs/gazebo_msgs/srv/spawn_model.h
[76.236s] -- Installing: /home/sentry_ws/src/install/gazebo_msgs/include/gazebo_msgs/gazebo_msgs/srv/get_model_properties.h
[76.236s] -- Installing: /home/sentry_ws/src/install/gazebo_msgs/include/gazebo_msgs/gazebo_msgs/srv/get_link_properties.h
[76.236s] -- Installing: /home/sentry_ws/src/install/gazebo_msgs/include/gazebo_msgs/gazebo_msgs/srv/get_world_properties.h
[76.237s] -- Installing: /home/sentry_ws/src/install/gazebo_msgs/include/gazebo_msgs/gazebo_msgs/srv/link_request.h
[76.237s] -- Installing: /home/sentry_ws/src/install/gazebo_msgs/include/gazebo_msgs/gazebo_msgs/srv/joint_request.h
[76.238s] -- Installing: /home/sentry_ws/src/install/gazebo_msgs/include/gazebo_msgs/gazebo_msgs/srv/get_light_properties.h
[76.238s] -- Installing: /home/sentry_ws/src/install/gazebo_msgs/include/gazebo_msgs/gazebo_msgs/srv/delete_model.h
[76.238s] -- Installing: /home/sentry_ws/src/install/gazebo_msgs/include/gazebo_msgs/gazebo_msgs/srv/detail
[76.239s] -- Installing: /home/sentry_ws/src/install/gazebo_msgs/include/gazebo_msgs/gazebo_msgs/srv/detail/get_model_state__struct.h
[76.239s] -- Installing: /home/sentry_ws/src/install/gazebo_msgs/include/gazebo_msgs/gazebo_msgs/srv/detail/get_link_state__type_support.h
[76.239s] -- Installing: /home/sentry_ws/src/install/gazebo_msgs/include/gazebo_msgs/gazebo_msgs/srv/detail/get_joint_properties__struct.h
[76.239s] -- Installing: /home/sentry_ws/src/install/gazebo_msgs/include/gazebo_msgs/gazebo_msgs/srv/detail/link_request__type_support.h
[76.239s] -- Installing: /home/sentry_ws/src/install/gazebo_msgs/include/gazebo_msgs/gazebo_msgs/srv/detail/set_model_configuration__functions.h
[76.239s] -- Installing: /home/sentry_ws/src/install/gazebo_msgs/include/gazebo_msgs/gazebo_msgs/srv/detail/spawn_model__type_support.h
[76.240s] -- Installing: /home/sentry_ws/src/install/gazebo_msgs/include/gazebo_msgs/gazebo_msgs/srv/detail/delete_model__type_support.h
[76.240s] -- Installing: /home/sentry_ws/src/install/gazebo_msgs/include/gazebo_msgs/gazebo_msgs/srv/detail/get_entity_state__type_support.h
[76.240s] -- Installing: /home/sentry_ws/src/install/gazebo_msgs/include/gazebo_msgs/gazebo_msgs/srv/detail/set_link_state__type_support.h
[76.240s] -- Installing: /home/sentry_ws/src/install/gazebo_msgs/include/gazebo_msgs/gazebo_msgs/srv/detail/delete_model__functions.h
[76.240s] -- Installing: /home/sentry_ws/src/install/gazebo_msgs/include/gazebo_msgs/gazebo_msgs/srv/detail/get_model_list__struct.h
[76.240s] -- Installing: /home/sentry_ws/src/install/gazebo_msgs/include/gazebo_msgs/gazebo_msgs/srv/detail/get_model_properties__struct.h
[76.241s] -- Installing: /home/sentry_ws/src/install/gazebo_msgs/include/gazebo_msgs/gazebo_msgs/srv/detail/set_link_properties__struct.h
[76.241s] -- Installing: /home/sentry_ws/src/install/gazebo_msgs/include/gazebo_msgs/gazebo_msgs/srv/detail/set_model_state__type_support.h
[76.241s] -- Installing: /home/sentry_ws/src/install/gazebo_msgs/include/gazebo_msgs/gazebo_msgs/srv/detail/set_joint_trajectory__functions.c
[76.241s] -- Installing: /home/sentry_ws/src/install/gazebo_msgs/include/gazebo_msgs/gazebo_msgs/srv/detail/apply_link_wrench__functions.h
[76.241s] -- Installing: /home/sentry_ws/src/install/gazebo_msgs/include/gazebo_msgs/gazebo_msgs/srv/detail/apply_joint_effort__functions.c
[76.242s] -- Installing: /home/sentry_ws/src/install/gazebo_msgs/include/gazebo_msgs/gazebo_msgs/srv/detail/set_entity_state__functions.h
[76.242s] -- Installing: /home/sentry_ws/src/install/gazebo_msgs/include/gazebo_msgs/gazebo_msgs/srv/detail/set_physics_properties__struct.h
[76.242s] -- Installing: /home/sentry_ws/src/install/gazebo_msgs/include/gazebo_msgs/gazebo_msgs/srv/detail/spawn_entity__type_support.h
[76.242s] -- Installing: /home/sentry_ws/src/install/gazebo_msgs/include/gazebo_msgs/gazebo_msgs/srv/detail/get_light_properties__struct.h
[76.242s] -- Installing: /home/sentry_ws/src/install/gazebo_msgs/include/gazebo_msgs/gazebo_msgs/srv/detail/set_joint_properties__functions.c
[76.243s] -- Installing: /home/sentry_ws/src/install/gazebo_msgs/include/gazebo_msgs/gazebo_msgs/srv/detail/joint_request__type_support.h
[76.243s] -- Installing: /home/sentry_ws/src/install/gazebo_msgs/include/gazebo_msgs/gazebo_msgs/srv/detail/get_light_properties__type_support.h
[76.243s] -- Installing: /home/sentry_ws/src/install/gazebo_msgs/include/gazebo_msgs/gazebo_msgs/srv/detail/set_physics_properties__type_support.h
[76.243s] -- Installing: /home/sentry_ws/src/install/gazebo_msgs/include/gazebo_msgs/gazebo_msgs/srv/detail/spawn_entity__functions.c
[76.243s] -- Installing: /home/sentry_ws/src/install/gazebo_msgs/include/gazebo_msgs/gazebo_msgs/srv/detail/get_physics_properties__functions.h
[76.244s] -- Installing: /home/sentry_ws/src/install/gazebo_msgs/include/gazebo_msgs/gazebo_msgs/srv/detail/get_link_properties__struct.h
[76.244s] -- Installing: /home/sentry_ws/src/install/gazebo_msgs/include/gazebo_msgs/gazebo_msgs/srv/detail/get_world_properties__functions.h
[76.244s] -- Installing: /home/sentry_ws/src/install/gazebo_msgs/include/gazebo_msgs/gazebo_msgs/srv/detail/apply_body_wrench__struct.h
[76.244s] -- Installing: /home/sentry_ws/src/install/gazebo_msgs/include/gazebo_msgs/gazebo_msgs/srv/detail/body_request__struct.h
[76.244s] -- Installing: /home/sentry_ws/src/install/gazebo_msgs/include/gazebo_msgs/gazebo_msgs/srv/detail/get_light_properties__functions.c
[76.244s] -- Installing: /home/sentry_ws/src/install/gazebo_msgs/include/gazebo_msgs/gazebo_msgs/srv/detail/set_joint_properties__functions.h
[76.245s] -- Installing: /home/sentry_ws/src/install/gazebo_msgs/include/gazebo_msgs/gazebo_msgs/srv/detail/set_model_configuration__functions.c
[76.245s] -- Installing: /home/sentry_ws/src/install/gazebo_msgs/include/gazebo_msgs/gazebo_msgs/srv/detail/apply_joint_effort__type_support.h
[76.245s] -- Installing: /home/sentry_ws/src/install/gazebo_msgs/include/gazebo_msgs/gazebo_msgs/srv/detail/apply_body_wrench__functions.c
[76.245s] -- Installing: /home/sentry_ws/src/install/gazebo_msgs/include/gazebo_msgs/gazebo_msgs/srv/detail/get_entity_state__functions.c
[76.245s] -- Installing: /home/sentry_ws/src/install/gazebo_msgs/include/gazebo_msgs/gazebo_msgs/srv/detail/get_joint_properties__type_support.h
[76.246s] -- Installing: /home/sentry_ws/src/install/gazebo_msgs/include/gazebo_msgs/gazebo_msgs/srv/detail/link_request__functions.h
[76.246s] -- Installing: /home/sentry_ws/src/install/gazebo_msgs/include/gazebo_msgs/gazebo_msgs/srv/detail/spawn_model__functions.c
[76.246s] -- Installing: /home/sentry_ws/src/install/gazebo_msgs/include/gazebo_msgs/gazebo_msgs/srv/detail/get_link_properties__functions.h
[76.246s] -- Installing: /home/sentry_ws/src/install/gazebo_msgs/include/gazebo_msgs/gazebo_msgs/srv/detail/get_physics_properties__type_support.h
[76.246s] -- Installing: /home/sentry_ws/src/install/gazebo_msgs/include/gazebo_msgs/gazebo_msgs/srv/detail/apply_joint_effort__struct.h
[76.247s] -- Installing: /home/sentry_ws/src/install/gazebo_msgs/include/gazebo_msgs/gazebo_msgs/srv/detail/set_link_state__functions.h
[76.247s] -- Installing: /home/sentry_ws/src/install/gazebo_msgs/include/gazebo_msgs/gazebo_msgs/srv/detail/delete_model__struct.h
[76.247s] -- Installing: /home/sentry_ws/src/install/gazebo_msgs/include/gazebo_msgs/gazebo_msgs/srv/detail/apply_body_wrench__functions.h
[76.247s] -- Installing: /home/sentry_ws/src/install/gazebo_msgs/include/gazebo_msgs/gazebo_msgs/srv/detail/set_physics_properties__functions.c
[76.247s] -- Installing: /home/sentry_ws/src/install/gazebo_msgs/include/gazebo_msgs/gazebo_msgs/srv/detail/delete_entity__functions.c
[76.248s] -- Installing: /home/sentry_ws/src/install/gazebo_msgs/include/gazebo_msgs/gazebo_msgs/srv/detail/set_model_state__functions.h
[76.248s] -- Installing: /home/sentry_ws/src/install/gazebo_msgs/include/gazebo_msgs/gazebo_msgs/srv/detail/set_link_state__functions.c
[76.248s] -- Installing: /home/sentry_ws/src/install/gazebo_msgs/include/gazebo_msgs/gazebo_msgs/srv/detail/set_physics_properties__functions.h
[76.248s] -- Installing: /home/sentry_ws/src/install/gazebo_msgs/include/gazebo_msgs/gazebo_msgs/srv/detail/delete_model__functions.c
[76.248s] -- Installing: /home/sentry_ws/src/install/gazebo_msgs/include/gazebo_msgs/gazebo_msgs/srv/detail/delete_entity__type_support.h
[76.249s] -- Installing: /home/sentry_ws/src/install/gazebo_msgs/include/gazebo_msgs/gazebo_msgs/srv/detail/get_world_properties__type_support.h
[76.249s] -- Installing: /home/sentry_ws/src/install/gazebo_msgs/include/gazebo_msgs/gazebo_msgs/srv/detail/set_model_state__struct.h
[76.249s] -- Installing: /home/sentry_ws/src/install/gazebo_msgs/include/gazebo_msgs/gazebo_msgs/srv/detail/get_joint_properties__functions.c
[76.249s] -- Installing: /home/sentry_ws/src/install/gazebo_msgs/include/gazebo_msgs/gazebo_msgs/srv/detail/apply_link_wrench__struct.h
[76.249s] -- Installing: /home/sentry_ws/src/install/gazebo_msgs/include/gazebo_msgs/gazebo_msgs/srv/detail/get_link_state__functions.c
[76.250s] -- Installing: /home/sentry_ws/src/install/gazebo_msgs/include/gazebo_msgs/gazebo_msgs/srv/detail/set_link_properties__functions.h
[76.250s] -- Installing: /home/sentry_ws/src/install/gazebo_msgs/include/gazebo_msgs/gazebo_msgs/srv/detail/set_entity_state__struct.h
[76.250s] -- Installing: /home/sentry_ws/src/install/gazebo_msgs/include/gazebo_msgs/gazebo_msgs/srv/detail/set_light_properties__type_support.h
[76.250s] -- Installing: /home/sentry_ws/src/install/gazebo_msgs/include/gazebo_msgs/gazebo_msgs/srv/detail/set_link_state__struct.h
[76.250s] -- Installing: /home/sentry_ws/src/install/gazebo_msgs/include/gazebo_msgs/gazebo_msgs/srv/detail/get_model_list__functions.h
[76.251s] -- Installing: /home/sentry_ws/src/install/gazebo_msgs/include/gazebo_msgs/gazebo_msgs/srv/detail/set_link_properties__type_support.h
[76.251s] -- Installing: /home/sentry_ws/src/install/gazebo_msgs/include/gazebo_msgs/gazebo_msgs/srv/detail/get_world_properties__functions.c
[76.251s] -- Installing: /home/sentry_ws/src/install/gazebo_msgs/include/gazebo_msgs/gazebo_msgs/srv/detail/get_model_properties__functions.h
[76.251s] -- Installing: /home/sentry_ws/src/install/gazebo_msgs/include/gazebo_msgs/gazebo_msgs/srv/detail/get_model_state__functions.c
[76.251s] -- Installing: /home/sentry_ws/src/install/gazebo_msgs/include/gazebo_msgs/gazebo_msgs/srv/detail/spawn_entity__struct.h
[76.252s] -- Installing: /home/sentry_ws/src/install/gazebo_msgs/include/gazebo_msgs/gazebo_msgs/srv/detail/spawn_model__functions.h
[76.252s] -- Installing: /home/sentry_ws/src/install/gazebo_msgs/include/gazebo_msgs/gazebo_msgs/srv/detail/delete_entity__struct.h
[76.252s] -- Installing: /home/sentry_ws/src/install/gazebo_msgs/include/gazebo_msgs/gazebo_msgs/srv/detail/get_physics_properties__struct.h
[76.252s] -- Installing: /home/sentry_ws/src/install/gazebo_msgs/include/gazebo_msgs/gazebo_msgs/srv/detail/get_link_state__struct.h
[76.252s] -- Installing: /home/sentry_ws/src/install/gazebo_msgs/include/gazebo_msgs/gazebo_msgs/srv/detail/delete_light__type_support.h
[76.253s] -- Installing: /home/sentry_ws/src/install/gazebo_msgs/include/gazebo_msgs/gazebo_msgs/srv/detail/get_link_properties__functions.c
[76.253s] -- Installing: /home/sentry_ws/src/install/gazebo_msgs/include/gazebo_msgs/gazebo_msgs/srv/detail/set_entity_state__functions.c
[76.253s] -- Installing: /home/sentry_ws/src/install/gazebo_msgs/include/gazebo_msgs/gazebo_msgs/srv/detail/get_model_state__type_support.h
[76.253s] -- Installing: /home/sentry_ws/src/install/gazebo_msgs/include/gazebo_msgs/gazebo_msgs/srv/detail/body_request__functions.c
[76.253s] -- Installing: /home/sentry_ws/src/install/gazebo_msgs/include/gazebo_msgs/gazebo_msgs/srv/detail/body_request__functions.h
[76.254s] -- Installing: /home/sentry_ws/src/install/gazebo_msgs/include/gazebo_msgs/gazebo_msgs/srv/detail/set_joint_properties__struct.h
[76.254s] -- Installing: /home/sentry_ws/src/install/gazebo_msgs/include/gazebo_msgs/gazebo_msgs/srv/detail/spawn_entity__functions.h
[76.254s] -- Installing: /home/sentry_ws/src/install/gazebo_msgs/include/gazebo_msgs/gazebo_msgs/srv/detail/set_model_configuration__type_support.h
[76.254s] -- Installing: /home/sentry_ws/src/install/gazebo_msgs/include/gazebo_msgs/gazebo_msgs/srv/detail/link_request__struct.h
[76.254s] -- Installing: /home/sentry_ws/src/install/gazebo_msgs/include/gazebo_msgs/gazebo_msgs/srv/detail/get_link_properties__type_support.h
[76.255s] -- Installing: /home/sentry_ws/src/install/gazebo_msgs/include/gazebo_msgs/gazebo_msgs/srv/detail/apply_body_wrench__type_support.h
[76.255s] -- Installing: /home/sentry_ws/src/install/gazebo_msgs/include/gazebo_msgs/gazebo_msgs/srv/detail/set_entity_state__type_support.h
[76.255s] -- Installing: /home/sentry_ws/src/install/gazebo_msgs/include/gazebo_msgs/gazebo_msgs/srv/detail/set_model_configuration__struct.h
[76.255s] -- Installing: /home/sentry_ws/src/install/gazebo_msgs/include/gazebo_msgs/gazebo_msgs/srv/detail/joint_request__functions.c
[76.255s] -- Installing: /home/sentry_ws/src/install/gazebo_msgs/include/gazebo_msgs/gazebo_msgs/srv/detail/apply_link_wrench__functions.c
[76.256s] -- Installing: /home/sentry_ws/src/install/gazebo_msgs/include/gazebo_msgs/gazebo_msgs/srv/detail/joint_request__struct.h
[76.256s] -- Installing: /home/sentry_ws/src/install/gazebo_msgs/include/gazebo_msgs/gazebo_msgs/srv/detail/delete_light__functions.h
[76.256s] -- Installing: /home/sentry_ws/src/install/gazebo_msgs/include/gazebo_msgs/gazebo_msgs/srv/detail/get_model_list__functions.c
[76.256s] -- Installing: /home/sentry_ws/src/install/gazebo_msgs/include/gazebo_msgs/gazebo_msgs/srv/detail/set_joint_trajectory__struct.h
[76.257s] -- Installing: /home/sentry_ws/src/install/gazebo_msgs/include/gazebo_msgs/gazebo_msgs/srv/detail/get_entity_state__struct.h
[76.257s] -- Installing: /home/sentry_ws/src/install/gazebo_msgs/include/gazebo_msgs/gazebo_msgs/srv/detail/get_model_properties__type_support.h
[76.257s] -- Installing: /home/sentry_ws/src/install/gazebo_msgs/include/gazebo_msgs/gazebo_msgs/srv/detail/spawn_model__struct.h
[76.257s] -- Installing: /home/sentry_ws/src/install/gazebo_msgs/include/gazebo_msgs/gazebo_msgs/srv/detail/set_light_properties__functions.c
[76.257s] -- Installing: /home/sentry_ws/src/install/gazebo_msgs/include/gazebo_msgs/gazebo_msgs/srv/detail/get_model_list__type_support.h
[76.258s] -- Installing: /home/sentry_ws/src/install/gazebo_msgs/include/gazebo_msgs/gazebo_msgs/srv/detail/set_joint_trajectory__type_support.h
[76.258s] -- Installing: /home/sentry_ws/src/install/gazebo_msgs/include/gazebo_msgs/gazebo_msgs/srv/detail/get_world_properties__struct.h
[76.258s] -- Installing: /home/sentry_ws/src/install/gazebo_msgs/include/gazebo_msgs/gazebo_msgs/srv/detail/get_model_state__functions.h
[76.258s] -- Installing: /home/sentry_ws/src/install/gazebo_msgs/include/gazebo_msgs/gazebo_msgs/srv/detail/link_request__functions.c
[76.258s] -- Installing: /home/sentry_ws/src/install/gazebo_msgs/include/gazebo_msgs/gazebo_msgs/srv/detail/delete_light__struct.h
[76.259s] -- Installing: /home/sentry_ws/src/install/gazebo_msgs/include/gazebo_msgs/gazebo_msgs/srv/detail/delete_light__functions.c
[76.259s] -- Installing: /home/sentry_ws/src/install/gazebo_msgs/include/gazebo_msgs/gazebo_msgs/srv/detail/set_joint_trajectory__functions.h
[76.259s] -- Installing: /home/sentry_ws/src/install/gazebo_msgs/include/gazebo_msgs/gazebo_msgs/srv/detail/apply_joint_effort__functions.h
[76.259s] -- Installing: /home/sentry_ws/src/install/gazebo_msgs/include/gazebo_msgs/gazebo_msgs/srv/detail/delete_entity__functions.h
[76.259s] -- Installing: /home/sentry_ws/src/install/gazebo_msgs/include/gazebo_msgs/gazebo_msgs/srv/detail/get_link_state__functions.h
[76.260s] -- Installing: /home/sentry_ws/src/install/gazebo_msgs/include/gazebo_msgs/gazebo_msgs/srv/detail/set_light_properties__functions.h
[76.260s] -- Installing: /home/sentry_ws/src/install/gazebo_msgs/include/gazebo_msgs/gazebo_msgs/srv/detail/get_joint_properties__functions.h
[76.260s] -- Installing: /home/sentry_ws/src/install/gazebo_msgs/include/gazebo_msgs/gazebo_msgs/srv/detail/get_physics_properties__functions.c
[76.260s] -- Installing: /home/sentry_ws/src/install/gazebo_msgs/include/gazebo_msgs/gazebo_msgs/srv/detail/get_entity_state__functions.h
[76.261s] -- Installing: /home/sentry_ws/src/install/gazebo_msgs/include/gazebo_msgs/gazebo_msgs/srv/detail/set_light_properties__struct.h
[76.261s] -- Installing: /home/sentry_ws/src/install/gazebo_msgs/include/gazebo_msgs/gazebo_msgs/srv/detail/set_model_state__functions.c
[76.261s] -- Installing: /home/sentry_ws/src/install/gazebo_msgs/include/gazebo_msgs/gazebo_msgs/srv/detail/body_request__type_support.h
[76.261s] -- Installing: /home/sentry_ws/src/install/gazebo_msgs/include/gazebo_msgs/gazebo_msgs/srv/detail/joint_request__functions.h
[76.261s] -- Installing: /home/sentry_ws/src/install/gazebo_msgs/include/gazebo_msgs/gazebo_msgs/srv/detail/get_light_properties__functions.h
[76.262s] -- Installing: /home/sentry_ws/src/install/gazebo_msgs/include/gazebo_msgs/gazebo_msgs/srv/detail/get_model_properties__functions.c
[76.262s] -- Installing: /home/sentry_ws/src/install/gazebo_msgs/include/gazebo_msgs/gazebo_msgs/srv/detail/apply_link_wrench__type_support.h
[76.262s] -- Installing: /home/sentry_ws/src/install/gazebo_msgs/include/gazebo_msgs/gazebo_msgs/srv/detail/set_link_properties__functions.c
[76.262s] -- Installing: /home/sentry_ws/src/install/gazebo_msgs/include/gazebo_msgs/gazebo_msgs/srv/detail/set_joint_properties__type_support.h
[76.262s] -- Installing: /home/sentry_ws/src/install/gazebo_msgs/include/gazebo_msgs/gazebo_msgs/srv/spawn_entity.h
[76.263s] -- Installing: /home/sentry_ws/src/install/gazebo_msgs/include/gazebo_msgs/gazebo_msgs/srv/apply_body_wrench.h
[76.263s] -- Installing: /home/sentry_ws/src/install/gazebo_msgs/include/gazebo_msgs/gazebo_msgs/srv/get_model_list.h
[76.263s] -- Installing: /home/sentry_ws/src/install/gazebo_msgs/include/gazebo_msgs/gazebo_msgs/srv/body_request.h
[76.263s] -- Installing: /home/sentry_ws/src/install/gazebo_msgs/include/gazebo_msgs/gazebo_msgs/srv/set_model_state.h
[76.263s] -- Installing: /home/sentry_ws/src/install/gazebo_msgs/include/gazebo_msgs/gazebo_msgs/srv/get_model_state.h
[76.263s] -- Installing: /home/sentry_ws/src/install/gazebo_msgs/include/gazebo_msgs/gazebo_msgs/srv/set_link_properties.h
[76.264s] -- Installing: /home/sentry_ws/src/install/gazebo_msgs/include/gazebo_msgs/gazebo_msgs/srv/set_light_properties.h
[76.264s] -- Installing: /home/sentry_ws/src/install/gazebo_msgs/include/gazebo_msgs/gazebo_msgs/srv/get_physics_properties.h
[76.264s] -- Installing: /home/sentry_ws/src/install/gazebo_msgs/include/gazebo_msgs/gazebo_msgs/srv/delete_light.h
[76.264s] -- Installing: /home/sentry_ws/src/install/gazebo_msgs/include/gazebo_msgs/gazebo_msgs/srv/apply_link_wrench.h
[76.264s] -- Installing: /home/sentry_ws/src/install/gazebo_msgs/include/gazebo_msgs/gazebo_msgs/srv/set_link_state.h
[76.265s] -- Installing: /home/sentry_ws/src/install/gazebo_msgs/include/gazebo_msgs/gazebo_msgs/srv/apply_joint_effort.h
[76.265s] -- Installing: /home/sentry_ws/src/install/gazebo_msgs/include/gazebo_msgs/gazebo_msgs/srv/set_entity_state.h
[76.265s] -- Installing: /home/sentry_ws/src/install/gazebo_msgs/include/gazebo_msgs/gazebo_msgs/srv/get_entity_state.h
[76.265s] -- Installing: /home/sentry_ws/src/install/gazebo_msgs/include/gazebo_msgs/gazebo_msgs/srv/get_link_state.h
[76.265s] -- Installing: /home/sentry_ws/src/install/gazebo_msgs/include/gazebo_msgs/gazebo_msgs/msg
[76.265s] -- Installing: /home/sentry_ws/src/install/gazebo_msgs/include/gazebo_msgs/gazebo_msgs/msg/contact_state.h
[76.391s] -- Installing: /home/sentry_ws/src/install/gazebo_msgs/include/gazebo_msgs/gazebo_msgs/msg/rosidl_generator_c__visibility_control.h
[76.392s] -- Installing: /home/sentry_ws/src/install/gazebo_msgs/include/gazebo_msgs/gazebo_msgs/msg/detail
[76.392s] -- Installing: /home/sentry_ws/src/install/gazebo_msgs/include/gazebo_msgs/gazebo_msgs/msg/detail/sensor_performance_metric__functions.h
[76.392s] -- Installing: /home/sentry_ws/src/install/gazebo_msgs/include/gazebo_msgs/gazebo_msgs/msg/detail/link_states__functions.c
[76.393s] -- Installing: /home/sentry_ws/src/install/gazebo_msgs/include/gazebo_msgs/gazebo_msgs/msg/detail/entity_state__struct.h
[76.393s] -- Installing: /home/sentry_ws/src/install/gazebo_msgs/include/gazebo_msgs/gazebo_msgs/msg/detail/model_state__functions.c
[76.393s] -- Installing: /home/sentry_ws/src/install/gazebo_msgs/include/gazebo_msgs/gazebo_msgs/msg/detail/ode_physics__type_support.h
[76.394s] -- Installing: /home/sentry_ws/src/install/gazebo_msgs/include/gazebo_msgs/gazebo_msgs/msg/detail/contact_state__type_support.h
[76.394s] -- Installing: /home/sentry_ws/src/install/gazebo_msgs/include/gazebo_msgs/gazebo_msgs/msg/detail/world_state__functions.c
[76.394s] -- Installing: /home/sentry_ws/src/install/gazebo_msgs/include/gazebo_msgs/gazebo_msgs/msg/detail/link_state__functions.c
[76.395s] -- Installing: /home/sentry_ws/src/install/gazebo_msgs/include/gazebo_msgs/gazebo_msgs/msg/detail/model_state__struct.h
[76.395s] -- Installing: /home/sentry_ws/src/install/gazebo_msgs/include/gazebo_msgs/gazebo_msgs/msg/detail/ode_physics__functions.c
[76.395s] -- Installing: /home/sentry_ws/src/install/gazebo_msgs/include/gazebo_msgs/gazebo_msgs/msg/detail/contacts_state__type_support.h
[76.396s] -- Installing: /home/sentry_ws/src/install/gazebo_msgs/include/gazebo_msgs/gazebo_msgs/msg/detail/wheel_slip__struct.h
[76.396s] -- Installing: /home/sentry_ws/src/install/gazebo_msgs/include/gazebo_msgs/gazebo_msgs/msg/detail/link_states__functions.h
[76.396s] -- Installing: /home/sentry_ws/src/install/gazebo_msgs/include/gazebo_msgs/gazebo_msgs/msg/detail/model_states__functions.c
[76.397s] -- Installing: /home/sentry_ws/src/install/gazebo_msgs/include/gazebo_msgs/gazebo_msgs/msg/detail/contacts_state__struct.h
[76.397s] -- Installing: /home/sentry_ws/src/install/gazebo_msgs/include/gazebo_msgs/gazebo_msgs/msg/detail/performance_metrics__functions.c
[76.398s] -- Installing: /home/sentry_ws/src/install/gazebo_msgs/include/gazebo_msgs/gazebo_msgs/msg/detail/world_state__type_support.h
[76.398s] -- Installing: /home/sentry_ws/src/install/gazebo_msgs/include/gazebo_msgs/gazebo_msgs/msg/detail/contact_state__functions.c
[76.398s] -- Installing: /home/sentry_ws/src/install/gazebo_msgs/include/gazebo_msgs/gazebo_msgs/msg/detail/model_state__type_support.h
[76.398s] -- Installing: /home/sentry_ws/src/install/gazebo_msgs/include/gazebo_msgs/gazebo_msgs/msg/detail/ode_joint_properties__struct.h
[76.398s] -- Installing: /home/sentry_ws/src/install/gazebo_msgs/include/gazebo_msgs/gazebo_msgs/msg/detail/performance_metrics__type_support.h
[76.398s] -- Installing: /home/sentry_ws/src/install/gazebo_msgs/include/gazebo_msgs/gazebo_msgs/msg/detail/contacts_state__functions.c
[76.399s] -- Installing: /home/sentry_ws/src/install/gazebo_msgs/include/gazebo_msgs/gazebo_msgs/msg/detail/model_state__functions.h
[76.399s] -- Installing: /home/sentry_ws/src/install/gazebo_msgs/include/gazebo_msgs/gazebo_msgs/msg/detail/ode_joint_properties__functions.h
[76.399s] -- Installing: /home/sentry_ws/src/install/gazebo_msgs/include/gazebo_msgs/gazebo_msgs/msg/detail/entity_state__functions.c
[76.399s] -- Installing: /home/sentry_ws/src/install/gazebo_msgs/include/gazebo_msgs/gazebo_msgs/msg/detail/link_state__functions.h
[76.399s] -- Installing: /home/sentry_ws/src/install/gazebo_msgs/include/gazebo_msgs/gazebo_msgs/msg/detail/contact_state__struct.h
[76.399s] -- Installing: /home/sentry_ws/src/install/gazebo_msgs/include/gazebo_msgs/gazebo_msgs/msg/detail/ode_joint_properties__functions.c
[76.399s] -- Installing: /home/sentry_ws/src/install/gazebo_msgs/include/gazebo_msgs/gazebo_msgs/msg/detail/sensor_performance_metric__struct.h
[76.400s] -- Installing: /home/sentry_ws/src/install/gazebo_msgs/include/gazebo_msgs/gazebo_msgs/msg/detail/model_states__functions.h
[76.400s] -- Installing: /home/sentry_ws/src/install/gazebo_msgs/include/gazebo_msgs/gazebo_msgs/msg/detail/performance_metrics__struct.h
[76.400s] -- Installing: /home/sentry_ws/src/install/gazebo_msgs/include/gazebo_msgs/gazebo_msgs/msg/detail/wheel_slip__type_support.h
[76.400s] -- Installing: /home/sentry_ws/src/install/gazebo_msgs/include/gazebo_msgs/gazebo_msgs/msg/detail/wheel_slip__functions.c
[76.400s] -- Installing: /home/sentry_ws/src/install/gazebo_msgs/include/gazebo_msgs/gazebo_msgs/msg/detail/ode_physics__functions.h
[76.400s] -- Installing: /home/sentry_ws/src/install/gazebo_msgs/include/gazebo_msgs/gazebo_msgs/msg/detail/world_state__struct.h
[76.401s] -- Installing: /home/sentry_ws/src/install/gazebo_msgs/include/gazebo_msgs/gazebo_msgs/msg/detail/ode_joint_properties__type_support.h
[76.401s] -- Installing: /home/sentry_ws/src/install/gazebo_msgs/include/gazebo_msgs/gazebo_msgs/msg/detail/link_states__struct.h
[76.401s] -- Installing: /home/sentry_ws/src/install/gazebo_msgs/include/gazebo_msgs/gazebo_msgs/msg/detail/link_state__type_support.h
[76.401s] -- Installing: /home/sentry_ws/src/install/gazebo_msgs/include/gazebo_msgs/gazebo_msgs/msg/detail/model_states__type_support.h
[76.401s] -- Installing: /home/sentry_ws/src/install/gazebo_msgs/include/gazebo_msgs/gazebo_msgs/msg/detail/entity_state__functions.h
[76.401s] -- Installing: /home/sentry_ws/src/install/gazebo_msgs/include/gazebo_msgs/gazebo_msgs/msg/detail/contact_state__functions.h
[76.401s] -- Installing: /home/sentry_ws/src/install/gazebo_msgs/include/gazebo_msgs/gazebo_msgs/msg/detail/link_states__type_support.h
[76.402s] -- Installing: /home/sentry_ws/src/install/gazebo_msgs/include/gazebo_msgs/gazebo_msgs/msg/detail/performance_metrics__functions.h
[76.402s] -- Installing: /home/sentry_ws/src/install/gazebo_msgs/include/gazebo_msgs/gazebo_msgs/msg/detail/contacts_state__functions.h
[76.402s] -- Installing: /home/sentry_ws/src/install/gazebo_msgs/include/gazebo_msgs/gazebo_msgs/msg/detail/sensor_performance_metric__type_support.h
[76.402s] -- Installing: /home/sentry_ws/src/install/gazebo_msgs/include/gazebo_msgs/gazebo_msgs/msg/detail/link_state__struct.h
[76.402s] -- Installing: /home/sentry_ws/src/install/gazebo_msgs/include/gazebo_msgs/gazebo_msgs/msg/detail/world_state__functions.h
[76.402s] -- Installing: /home/sentry_ws/src/install/gazebo_msgs/include/gazebo_msgs/gazebo_msgs/msg/detail/sensor_performance_metric__functions.c
[76.402s] -- Installing: /home/sentry_ws/src/install/gazebo_msgs/include/gazebo_msgs/gazebo_msgs/msg/detail/ode_physics__struct.h
[76.403s] -- Installing: /home/sentry_ws/src/install/gazebo_msgs/include/gazebo_msgs/gazebo_msgs/msg/detail/entity_state__type_support.h
[76.403s] -- Installing: /home/sentry_ws/src/install/gazebo_msgs/include/gazebo_msgs/gazebo_msgs/msg/detail/model_states__struct.h
[76.403s] -- Installing: /home/sentry_ws/src/install/gazebo_msgs/include/gazebo_msgs/gazebo_msgs/msg/detail/wheel_slip__functions.h
[76.403s] -- Installing: /home/sentry_ws/src/install/gazebo_msgs/include/gazebo_msgs/gazebo_msgs/msg/sensor_performance_metric.h
[76.403s] -- Installing: /home/sentry_ws/src/install/gazebo_msgs/include/gazebo_msgs/gazebo_msgs/msg/link_state.h
[76.403s] -- Installing: /home/sentry_ws/src/install/gazebo_msgs/include/gazebo_msgs/gazebo_msgs/msg/model_state.h
[76.403s] -- Installing: /home/sentry_ws/src/install/gazebo_msgs/include/gazebo_msgs/gazebo_msgs/msg/entity_state.h
[76.404s] -- Installing: /home/sentry_ws/src/install/gazebo_msgs/include/gazebo_msgs/gazebo_msgs/msg/link_states.h
[76.628s] -- Installing: /home/sentry_ws/src/install/gazebo_msgs/include/gazebo_msgs/gazebo_msgs/msg/ode_physics.h
[76.628s] -- Installing: /home/sentry_ws/src/install/gazebo_msgs/include/gazebo_msgs/gazebo_msgs/msg/ode_joint_properties.h
[76.628s] -- Installing: /home/sentry_ws/src/install/gazebo_msgs/include/gazebo_msgs/gazebo_msgs/msg/contacts_state.h
[76.742s] -- Installing: /home/sentry_ws/src/install/gazebo_msgs/include/gazebo_msgs/gazebo_msgs/msg/wheel_slip.h
[76.779s] -- Installing: /home/sentry_ws/src/install/gazebo_msgs/include/gazebo_msgs/gazebo_msgs/msg/world_state.h
[76.832s] -- Installing: /home/sentry_ws/src/install/gazebo_msgs/include/gazebo_msgs/gazebo_msgs/msg/model_states.h
[76.973s] -- Installing: /home/sentry_ws/src/install/gazebo_msgs/include/gazebo_msgs/gazebo_msgs/msg/performance_metrics.h
[77.080s] -- Installing: /home/sentry_ws/src/install/gazebo_msgs/share/gazebo_msgs/environment/library_path.sh
[77.080s] -- Installing: /home/sentry_ws/src/install/gazebo_msgs/share/gazebo_msgs/environment/library_path.dsv
[77.120s] -- Installing: /home/sentry_ws/src/install/gazebo_msgs/lib/libgazebo_msgs__rosidl_generator_c.so
[77.275s] -- Set runtime path of "/home/sentry_ws/src/install/gazebo_msgs/lib/libgazebo_msgs__rosidl_generator_c.so" to ""
[77.275s] -- Up-to-date: /home/sentry_ws/src/install/gazebo_msgs/include/gazebo_msgs/gazebo_msgs
[77.275s] -- Up-to-date: /home/sentry_ws/src/install/gazebo_msgs/include/gazebo_msgs/gazebo_msgs/srv
[77.275s] -- Up-to-date: /home/sentry_ws/src/install/gazebo_msgs/include/gazebo_msgs/gazebo_msgs/srv/detail
[77.276s] -- Installing: /home/sentry_ws/src/install/gazebo_msgs/include/gazebo_msgs/gazebo_msgs/srv/detail/delete_entity__rosidl_typesupport_fastrtps_c.h
[77.322s] -- Installing: /home/sentry_ws/src/install/gazebo_msgs/include/gazebo_msgs/gazebo_msgs/srv/detail/set_model_configuration__rosidl_typesupport_fastrtps_c.h
[77.346s] -- Installing: /home/sentry_ws/src/install/gazebo_msgs/include/gazebo_msgs/gazebo_msgs/srv/detail/set_physics_properties__rosidl_typesupport_fastrtps_c.h
[77.347s] -- Installing: /home/sentry_ws/src/install/gazebo_msgs/include/gazebo_msgs/gazebo_msgs/srv/detail/link_request__rosidl_typesupport_fastrtps_c.h
[77.402s] -- Installing: /home/sentry_ws/src/install/gazebo_msgs/include/gazebo_msgs/gazebo_msgs/srv/detail/get_model_properties__rosidl_typesupport_fastrtps_c.h
[77.464s] -- Installing: /home/sentry_ws/src/install/gazebo_msgs/include/gazebo_msgs/gazebo_msgs/srv/detail/apply_link_wrench__rosidl_typesupport_fastrtps_c.h
[77.500s] -- Installing: /home/sentry_ws/src/install/gazebo_msgs/include/gazebo_msgs/gazebo_msgs/srv/detail/set_entity_state__rosidl_typesupport_fastrtps_c.h
[77.511s] -- Installing: /home/sentry_ws/src/install/gazebo_msgs/include/gazebo_msgs/gazebo_msgs/srv/detail/get_joint_properties__rosidl_typesupport_fastrtps_c.h
[77.536s] -- Installing: /home/sentry_ws/src/install/gazebo_msgs/include/gazebo_msgs/gazebo_msgs/srv/detail/joint_request__rosidl_typesupport_fastrtps_c.h
[77.574s] -- Installing: /home/sentry_ws/src/install/gazebo_msgs/include/gazebo_msgs/gazebo_msgs/srv/detail/spawn_model__rosidl_typesupport_fastrtps_c.h
[77.574s] -- Installing: /home/sentry_ws/src/install/gazebo_msgs/include/gazebo_msgs/gazebo_msgs/srv/detail/body_request__rosidl_typesupport_fastrtps_c.h
[77.615s] -- Installing: /home/sentry_ws/src/install/gazebo_msgs/include/gazebo_msgs/gazebo_msgs/srv/detail/get_light_properties__rosidl_typesupport_fastrtps_c.h
[77.626s] -- Installing: /home/sentry_ws/src/install/gazebo_msgs/include/gazebo_msgs/gazebo_msgs/srv/detail/set_link_state__rosidl_typesupport_fastrtps_c.h
[77.647s] -- Installing: /home/sentry_ws/src/install/gazebo_msgs/include/gazebo_msgs/gazebo_msgs/srv/detail/get_model_list__rosidl_typesupport_fastrtps_c.h
[77.687s] -- Installing: /home/sentry_ws/src/install/gazebo_msgs/include/gazebo_msgs/gazebo_msgs/srv/detail/apply_joint_effort__rosidl_typesupport_fastrtps_c.h
[77.724s] -- Installing: /home/sentry_ws/src/install/gazebo_msgs/include/gazebo_msgs/gazebo_msgs/srv/detail/delete_model__rosidl_typesupport_fastrtps_c.h
[77.748s] -- Installing: /home/sentry_ws/src/install/gazebo_msgs/include/gazebo_msgs/gazebo_msgs/srv/detail/get_link_properties__rosidl_typesupport_fastrtps_c.h
[77.817s] -- Installing: /home/sentry_ws/src/install/gazebo_msgs/include/gazebo_msgs/gazebo_msgs/srv/detail/set_joint_trajectory__rosidl_typesupport_fastrtps_c.h
[77.863s] -- Installing: /home/sentry_ws/src/install/gazebo_msgs/include/gazebo_msgs/gazebo_msgs/srv/detail/delete_light__rosidl_typesupport_fastrtps_c.h
[77.884s] -- Installing: /home/sentry_ws/src/install/gazebo_msgs/include/gazebo_msgs/gazebo_msgs/srv/detail/spawn_entity__rosidl_typesupport_fastrtps_c.h
[77.884s] -- Installing: /home/sentry_ws/src/install/gazebo_msgs/include/gazebo_msgs/gazebo_msgs/srv/detail/get_entity_state__rosidl_typesupport_fastrtps_c.h
[77.918s] -- Installing: /home/sentry_ws/src/install/gazebo_msgs/include/gazebo_msgs/gazebo_msgs/srv/detail/set_link_properties__rosidl_typesupport_fastrtps_c.h
[78.012s] -- Installing: /home/sentry_ws/src/install/gazebo_msgs/include/gazebo_msgs/gazebo_msgs/srv/detail/get_world_properties__rosidl_typesupport_fastrtps_c.h
[78.069s] -- Installing: /home/sentry_ws/src/install/gazebo_msgs/include/gazebo_msgs/gazebo_msgs/srv/detail/get_link_state__rosidl_typesupport_fastrtps_c.h
[78.096s] -- Installing: /home/sentry_ws/src/install/gazebo_msgs/include/gazebo_msgs/gazebo_msgs/srv/detail/set_model_state__rosidl_typesupport_fastrtps_c.h
[78.096s] -- Installing: /home/sentry_ws/src/install/gazebo_msgs/include/gazebo_msgs/gazebo_msgs/srv/detail/apply_body_wrench__rosidl_typesupport_fastrtps_c.h
[78.096s] -- Installing: /home/sentry_ws/src/install/gazebo_msgs/include/gazebo_msgs/gazebo_msgs/srv/detail/get_physics_properties__rosidl_typesupport_fastrtps_c.h
[78.223s] -- Installing: /home/sentry_ws/src/install/gazebo_msgs/include/gazebo_msgs/gazebo_msgs/srv/detail/set_light_properties__rosidl_typesupport_fastrtps_c.h
[78.321s] -- Installing: /home/sentry_ws/src/install/gazebo_msgs/include/gazebo_msgs/gazebo_msgs/srv/detail/set_joint_properties__rosidl_typesupport_fastrtps_c.h
[78.407s] -- Installing: /home/sentry_ws/src/install/gazebo_msgs/include/gazebo_msgs/gazebo_msgs/srv/detail/get_model_state__rosidl_typesupport_fastrtps_c.h
[78.431s] -- Up-to-date: /home/sentry_ws/src/install/gazebo_msgs/include/gazebo_msgs/gazebo_msgs/msg
[78.432s] -- Installing: /home/sentry_ws/src/install/gazebo_msgs/include/gazebo_msgs/gazebo_msgs/msg/rosidl_typesupport_fastrtps_c__visibility_control.h
[78.432s] -- Up-to-date: /home/sentry_ws/src/install/gazebo_msgs/include/gazebo_msgs/gazebo_msgs/msg/detail
[78.432s] -- Installing: /home/sentry_ws/src/install/gazebo_msgs/include/gazebo_msgs/gazebo_msgs/msg/detail/model_state__rosidl_typesupport_fastrtps_c.h
[78.475s] -- Installing: /home/sentry_ws/src/install/gazebo_msgs/include/gazebo_msgs/gazebo_msgs/msg/detail/contacts_state__rosidl_typesupport_fastrtps_c.h
[78.513s] -- Installing: /home/sentry_ws/src/install/gazebo_msgs/include/gazebo_msgs/gazebo_msgs/msg/detail/link_state__rosidl_typesupport_fastrtps_c.h
[78.539s] -- Installing: /home/sentry_ws/src/install/gazebo_msgs/include/gazebo_msgs/gazebo_msgs/msg/detail/ode_physics__rosidl_typesupport_fastrtps_c.h
[78.592s] -- Installing: /home/sentry_ws/src/install/gazebo_msgs/include/gazebo_msgs/gazebo_msgs/msg/detail/performance_metrics__rosidl_typesupport_fastrtps_c.h
[78.592s] -- Installing: /home/sentry_ws/src/install/gazebo_msgs/include/gazebo_msgs/gazebo_msgs/msg/detail/contact_state__rosidl_typesupport_fastrtps_c.h
[78.610s] -- Installing: /home/sentry_ws/src/install/gazebo_msgs/include/gazebo_msgs/gazebo_msgs/msg/detail/world_state__rosidl_typesupport_fastrtps_c.h
[78.686s] -- Installing: /home/sentry_ws/src/install/gazebo_msgs/include/gazebo_msgs/gazebo_msgs/msg/detail/ode_joint_properties__rosidl_typesupport_fastrtps_c.h
[78.686s] -- Installing: /home/sentry_ws/src/install/gazebo_msgs/include/gazebo_msgs/gazebo_msgs/msg/detail/link_states__rosidl_typesupport_fastrtps_c.h
[78.754s] -- Installing: /home/sentry_ws/src/install/gazebo_msgs/include/gazebo_msgs/gazebo_msgs/msg/detail/model_states__rosidl_typesupport_fastrtps_c.h
[78.755s] -- Installing: /home/sentry_ws/src/install/gazebo_msgs/include/gazebo_msgs/gazebo_msgs/msg/detail/entity_state__rosidl_typesupport_fastrtps_c.h
[78.829s] -- Installing: /home/sentry_ws/src/install/gazebo_msgs/include/gazebo_msgs/gazebo_msgs/msg/detail/sensor_performance_metric__rosidl_typesupport_fastrtps_c.h
[78.866s] -- Installing: /home/sentry_ws/src/install/gazebo_msgs/include/gazebo_msgs/gazebo_msgs/msg/detail/wheel_slip__rosidl_typesupport_fastrtps_c.h
[78.912s] -- Installing: /home/sentry_ws/src/install/gazebo_msgs/lib/libgazebo_msgs__rosidl_typesupport_fastrtps_c.so
[78.913s] -- Set runtime path of "/home/sentry_ws/src/install/gazebo_msgs/lib/libgazebo_msgs__rosidl_typesupport_fastrtps_c.so" to ""
[78.913s] -- Up-to-date: /home/sentry_ws/src/install/gazebo_msgs/include/gazebo_msgs/gazebo_msgs
[79.235s] -- Up-to-date: /home/sentry_ws/src/install/gazebo_msgs/include/gazebo_msgs/gazebo_msgs/srv
[79.235s] -- Installing: /home/sentry_ws/src/install/gazebo_msgs/include/gazebo_msgs/gazebo_msgs/srv/apply_body_wrench.hpp
[79.298s] -- Installing: /home/sentry_ws/src/install/gazebo_msgs/include/gazebo_msgs/gazebo_msgs/srv/get_model_list.hpp
[79.361s] -- Installing: /home/sentry_ws/src/install/gazebo_msgs/include/gazebo_msgs/gazebo_msgs/srv/delete_model.hpp
[79.380s] -- Installing: /home/sentry_ws/src/install/gazebo_msgs/include/gazebo_msgs/gazebo_msgs/srv/set_model_state.hpp
[79.452s] -- Installing: /home/sentry_ws/src/install/gazebo_msgs/include/gazebo_msgs/gazebo_msgs/srv/get_joint_properties.hpp
[79.522s] -- Installing: /home/sentry_ws/src/install/gazebo_msgs/include/gazebo_msgs/gazebo_msgs/srv/set_light_properties.hpp
[79.537s] -- Installing: /home/sentry_ws/src/install/gazebo_msgs/include/gazebo_msgs/gazebo_msgs/srv/get_link_properties.hpp
[79.578s] -- Installing: /home/sentry_ws/src/install/gazebo_msgs/include/gazebo_msgs/gazebo_msgs/srv/set_physics_properties.hpp
[79.748s] -- Up-to-date: /home/sentry_ws/src/install/gazebo_msgs/include/gazebo_msgs/gazebo_msgs/srv/detail
[79.748s] -- Installing: /home/sentry_ws/src/install/gazebo_msgs/include/gazebo_msgs/gazebo_msgs/srv/detail/set_joint_properties__traits.hpp
[79.913s] -- Installing: /home/sentry_ws/src/install/gazebo_msgs/include/gazebo_msgs/gazebo_msgs/srv/detail/delete_light__struct.hpp
[79.913s] -- Installing: /home/sentry_ws/src/install/gazebo_msgs/include/gazebo_msgs/gazebo_msgs/srv/detail/joint_request__builder.hpp
[79.938s] -- Installing: /home/sentry_ws/src/install/gazebo_msgs/include/gazebo_msgs/gazebo_msgs/srv/detail/get_model_properties__struct.hpp
[79.938s] -- Installing: /home/sentry_ws/src/install/gazebo_msgs/include/gazebo_msgs/gazebo_msgs/srv/detail/get_entity_state__builder.hpp
[80.057s] -- Installing: /home/sentry_ws/src/install/gazebo_msgs/include/gazebo_msgs/gazebo_msgs/srv/detail/set_link_state__traits.hpp
[80.127s] -- Installing: /home/sentry_ws/src/install/gazebo_msgs/include/gazebo_msgs/gazebo_msgs/srv/detail/set_entity_state__struct.hpp
[80.127s] -- Installing: /home/sentry_ws/src/install/gazebo_msgs/include/gazebo_msgs/gazebo_msgs/srv/detail/spawn_model__traits.hpp
[80.213s] -- Installing: /home/sentry_ws/src/install/gazebo_msgs/include/gazebo_msgs/gazebo_msgs/srv/detail/get_link_properties__traits.hpp
[80.243s] -- Installing: /home/sentry_ws/src/install/gazebo_msgs/include/gazebo_msgs/gazebo_msgs/srv/detail/spawn_entity__traits.hpp
[80.325s] -- Installing: /home/sentry_ws/src/install/gazebo_msgs/include/gazebo_msgs/gazebo_msgs/srv/detail/get_model_state__builder.hpp
[80.345s] -- Installing: /home/sentry_ws/src/install/gazebo_msgs/include/gazebo_msgs/gazebo_msgs/srv/detail/set_model_configuration__traits.hpp
[80.395s] -- Installing: /home/sentry_ws/src/install/gazebo_msgs/include/gazebo_msgs/gazebo_msgs/srv/detail/set_joint_properties__struct.hpp
[80.395s] -- Installing: /home/sentry_ws/src/install/gazebo_msgs/include/gazebo_msgs/gazebo_msgs/srv/detail/set_physics_properties__struct.hpp
[80.395s] -- Installing: /home/sentry_ws/src/install/gazebo_msgs/include/gazebo_msgs/gazebo_msgs/srv/detail/get_link_state__traits.hpp
[80.449s] -- Installing: /home/sentry_ws/src/install/gazebo_msgs/include/gazebo_msgs/gazebo_msgs/srv/detail/set_link_state__builder.hpp
[80.478s] -- Installing: /home/sentry_ws/src/install/gazebo_msgs/include/gazebo_msgs/gazebo_msgs/srv/detail/joint_request__struct.hpp
[80.479s] -- Installing: /home/sentry_ws/src/install/gazebo_msgs/include/gazebo_msgs/gazebo_msgs/srv/detail/get_light_properties__traits.hpp
[80.511s] -- Installing: /home/sentry_ws/src/install/gazebo_msgs/include/gazebo_msgs/gazebo_msgs/srv/detail/set_physics_properties__traits.hpp
[80.529s] -- Installing: /home/sentry_ws/src/install/gazebo_msgs/include/gazebo_msgs/gazebo_msgs/srv/detail/delete_entity__traits.hpp
[80.589s] -- Installing: /home/sentry_ws/src/install/gazebo_msgs/include/gazebo_msgs/gazebo_msgs/srv/detail/get_world_properties__struct.hpp
[80.589s] -- Installing: /home/sentry_ws/src/install/gazebo_msgs/include/gazebo_msgs/gazebo_msgs/srv/detail/get_link_properties__struct.hpp
[80.589s] -- Installing: /home/sentry_ws/src/install/gazebo_msgs/include/gazebo_msgs/gazebo_msgs/srv/detail/set_link_properties__struct.hpp
[80.590s] -- Installing: /home/sentry_ws/src/install/gazebo_msgs/include/gazebo_msgs/gazebo_msgs/srv/detail/apply_joint_effort__builder.hpp
[80.634s] -- Installing: /home/sentry_ws/src/install/gazebo_msgs/include/gazebo_msgs/gazebo_msgs/srv/detail/get_link_state__struct.hpp
[80.634s] -- Installing: /home/sentry_ws/src/install/gazebo_msgs/include/gazebo_msgs/gazebo_msgs/srv/detail/get_entity_state__traits.hpp
[80.655s] -- Installing: /home/sentry_ws/src/install/gazebo_msgs/include/gazebo_msgs/gazebo_msgs/srv/detail/apply_body_wrench__builder.hpp
[80.698s] -- Installing: /home/sentry_ws/src/install/gazebo_msgs/include/gazebo_msgs/gazebo_msgs/srv/detail/apply_joint_effort__struct.hpp
[80.698s] -- Installing: /home/sentry_ws/src/install/gazebo_msgs/include/gazebo_msgs/gazebo_msgs/srv/detail/set_joint_trajectory__struct.hpp
[80.698s] -- Installing: /home/sentry_ws/src/install/gazebo_msgs/include/gazebo_msgs/gazebo_msgs/srv/detail/set_model_configuration__builder.hpp
[80.722s] -- Installing: /home/sentry_ws/src/install/gazebo_msgs/include/gazebo_msgs/gazebo_msgs/srv/detail/spawn_model__struct.hpp
[80.723s] -- Installing: /home/sentry_ws/src/install/gazebo_msgs/include/gazebo_msgs/gazebo_msgs/srv/detail/get_joint_properties__traits.hpp
[80.739s] -- Installing: /home/sentry_ws/src/install/gazebo_msgs/include/gazebo_msgs/gazebo_msgs/srv/detail/apply_link_wrench__struct.hpp
[80.739s] -- Installing: /home/sentry_ws/src/install/gazebo_msgs/include/gazebo_msgs/gazebo_msgs/srv/detail/delete_model__struct.hpp
[80.739s] -- Installing: /home/sentry_ws/src/install/gazebo_msgs/include/gazebo_msgs/gazebo_msgs/srv/detail/get_light_properties__builder.hpp
[80.758s] -- Installing: /home/sentry_ws/src/install/gazebo_msgs/include/gazebo_msgs/gazebo_msgs/srv/detail/get_entity_state__struct.hpp
[80.758s] -- Installing: /home/sentry_ws/src/install/gazebo_msgs/include/gazebo_msgs/gazebo_msgs/srv/detail/get_world_properties__traits.hpp
[80.815s] -- Installing: /home/sentry_ws/src/install/gazebo_msgs/include/gazebo_msgs/gazebo_msgs/srv/detail/set_joint_trajectory__builder.hpp
[80.858s] -- Installing: /home/sentry_ws/src/install/gazebo_msgs/include/gazebo_msgs/gazebo_msgs/srv/detail/body_request__traits.hpp
[80.858s] -- Installing: /home/sentry_ws/src/install/gazebo_msgs/include/gazebo_msgs/gazebo_msgs/srv/detail/set_link_properties__builder.hpp
[80.871s] -- Installing: /home/sentry_ws/src/install/gazebo_msgs/include/gazebo_msgs/gazebo_msgs/srv/detail/apply_joint_effort__traits.hpp
[80.916s] -- Installing: /home/sentry_ws/src/install/gazebo_msgs/include/gazebo_msgs/gazebo_msgs/srv/detail/delete_light__builder.hpp
[80.935s] -- Installing: /home/sentry_ws/src/install/gazebo_msgs/include/gazebo_msgs/gazebo_msgs/srv/detail/delete_light__traits.hpp
[80.947s] -- Installing: /home/sentry_ws/src/install/gazebo_msgs/include/gazebo_msgs/gazebo_msgs/srv/detail/spawn_entity__struct.hpp
[80.947s] -- Installing: /home/sentry_ws/src/install/gazebo_msgs/include/gazebo_msgs/gazebo_msgs/srv/detail/get_link_properties__builder.hpp
[80.958s] -- Installing: /home/sentry_ws/src/install/gazebo_msgs/include/gazebo_msgs/gazebo_msgs/srv/detail/body_request__struct.hpp
[80.958s] -- Installing: /home/sentry_ws/src/install/gazebo_msgs/include/gazebo_msgs/gazebo_msgs/srv/detail/spawn_model__builder.hpp
[81.013s] -- Installing: /home/sentry_ws/src/install/gazebo_msgs/include/gazebo_msgs/gazebo_msgs/srv/detail/delete_model__traits.hpp
[81.014s] -- Installing: /home/sentry_ws/src/install/gazebo_msgs/include/gazebo_msgs/gazebo_msgs/srv/detail/set_joint_trajectory__traits.hpp
[81.056s] -- Installing: /home/sentry_ws/src/install/gazebo_msgs/include/gazebo_msgs/gazebo_msgs/srv/detail/set_link_state__struct.hpp
[81.057s] -- Installing: /home/sentry_ws/src/install/gazebo_msgs/include/gazebo_msgs/gazebo_msgs/srv/detail/spawn_entity__builder.hpp
[81.102s] -- Installing: /home/sentry_ws/src/install/gazebo_msgs/include/gazebo_msgs/gazebo_msgs/srv/detail/get_joint_properties__struct.hpp
[81.103s] -- Installing: /home/sentry_ws/src/install/gazebo_msgs/include/gazebo_msgs/gazebo_msgs/srv/detail/set_light_properties__builder.hpp
[81.126s] -- Installing: /home/sentry_ws/src/install/gazebo_msgs/include/gazebo_msgs/gazebo_msgs/srv/detail/get_model_list__struct.hpp
[81.126s] -- Installing: /home/sentry_ws/src/install/gazebo_msgs/include/gazebo_msgs/gazebo_msgs/srv/detail/get_physics_properties__struct.hpp
[81.126s] -- Installing: /home/sentry_ws/src/install/gazebo_msgs/include/gazebo_msgs/gazebo_msgs/srv/detail/get_physics_properties__traits.hpp
[81.181s] -- Installing: /home/sentry_ws/src/install/gazebo_msgs/include/gazebo_msgs/gazebo_msgs/srv/detail/set_model_state__builder.hpp
[81.213s] -- Installing: /home/sentry_ws/src/install/gazebo_msgs/include/gazebo_msgs/gazebo_msgs/srv/detail/apply_link_wrench__traits.hpp
[81.280s] -- Installing: /home/sentry_ws/src/install/gazebo_msgs/include/gazebo_msgs/gazebo_msgs/srv/detail/set_model_state__traits.hpp
[81.316s] -- Installing: /home/sentry_ws/src/install/gazebo_msgs/include/gazebo_msgs/gazebo_msgs/srv/detail/set_entity_state__traits.hpp
[81.335s] -- Installing: /home/sentry_ws/src/install/gazebo_msgs/include/gazebo_msgs/gazebo_msgs/srv/detail/link_request__struct.hpp
[81.335s] -- Installing: /home/sentry_ws/src/install/gazebo_msgs/include/gazebo_msgs/gazebo_msgs/srv/detail/set_joint_properties__builder.hpp
[81.388s] -- Installing: /home/sentry_ws/src/install/gazebo_msgs/include/gazebo_msgs/gazebo_msgs/srv/detail/get_model_state__struct.hpp
[81.388s] -- Installing: /home/sentry_ws/src/install/gazebo_msgs/include/gazebo_msgs/gazebo_msgs/srv/detail/get_light_properties__struct.hpp
[81.388s] -- Installing: /home/sentry_ws/src/install/gazebo_msgs/include/gazebo_msgs/gazebo_msgs/srv/detail/link_request__builder.hpp
[81.427s] -- Installing: /home/sentry_ws/src/install/gazebo_msgs/include/gazebo_msgs/gazebo_msgs/srv/detail/delete_entity__builder.hpp
[81.456s] -- Installing: /home/sentry_ws/src/install/gazebo_msgs/include/gazebo_msgs/gazebo_msgs/srv/detail/get_model_properties__builder.hpp
[81.499s] -- Installing: /home/sentry_ws/src/install/gazebo_msgs/include/gazebo_msgs/gazebo_msgs/srv/detail/get_link_state__builder.hpp
[81.515s] -- Installing: /home/sentry_ws/src/install/gazebo_msgs/include/gazebo_msgs/gazebo_msgs/srv/detail/apply_body_wrench__traits.hpp
[81.632s] -- Installing: /home/sentry_ws/src/install/gazebo_msgs/include/gazebo_msgs/gazebo_msgs/srv/detail/set_light_properties__traits.hpp
[81.704s] -- Installing: /home/sentry_ws/src/install/gazebo_msgs/include/gazebo_msgs/gazebo_msgs/srv/detail/get_joint_properties__builder.hpp
[81.759s] -- Installing: /home/sentry_ws/src/install/gazebo_msgs/include/gazebo_msgs/gazebo_msgs/srv/detail/set_link_properties__traits.hpp
[81.772s] -- Installing: /home/sentry_ws/src/install/gazebo_msgs/include/gazebo_msgs/gazebo_msgs/srv/detail/body_request__builder.hpp
[81.977s] -- Installing: /home/sentry_ws/src/install/gazebo_msgs/include/gazebo_msgs/gazebo_msgs/srv/detail/set_model_state__struct.hpp
[81.977s] -- Installing: /home/sentry_ws/src/install/gazebo_msgs/include/gazebo_msgs/gazebo_msgs/srv/detail/set_light_properties__struct.hpp
[81.977s] -- Installing: /home/sentry_ws/src/install/gazebo_msgs/include/gazebo_msgs/gazebo_msgs/srv/detail/delete_model__builder.hpp
[81.990s] -- Installing: /home/sentry_ws/src/install/gazebo_msgs/include/gazebo_msgs/gazebo_msgs/srv/detail/get_model_properties__traits.hpp
[82.022s] -- Installing: /home/sentry_ws/src/install/gazebo_msgs/include/gazebo_msgs/gazebo_msgs/srv/detail/get_model_list__traits.hpp
[82.030s] -- Installing: /home/sentry_ws/src/install/gazebo_msgs/include/gazebo_msgs/gazebo_msgs/srv/detail/delete_entity__struct.hpp
[82.030s] -- Installing: /home/sentry_ws/src/install/gazebo_msgs/include/gazebo_msgs/gazebo_msgs/srv/detail/get_model_list__builder.hpp
[82.040s] -- Installing: /home/sentry_ws/src/install/gazebo_msgs/include/gazebo_msgs/gazebo_msgs/srv/detail/apply_link_wrench__builder.hpp
[82.067s] -- Installing: /home/sentry_ws/src/install/gazebo_msgs/include/gazebo_msgs/gazebo_msgs/srv/detail/set_entity_state__builder.hpp
[82.183s] -- Installing: /home/sentry_ws/src/install/gazebo_msgs/include/gazebo_msgs/gazebo_msgs/srv/detail/get_model_state__traits.hpp
[82.204s] -- Installing: /home/sentry_ws/src/install/gazebo_msgs/include/gazebo_msgs/gazebo_msgs/srv/detail/apply_body_wrench__struct.hpp
[82.205s] -- Installing: /home/sentry_ws/src/install/gazebo_msgs/include/gazebo_msgs/gazebo_msgs/srv/detail/joint_request__traits.hpp
[82.235s] -- Installing: /home/sentry_ws/src/install/gazebo_msgs/include/gazebo_msgs/gazebo_msgs/srv/detail/link_request__traits.hpp
[82.278s] -- Installing: /home/sentry_ws/src/install/gazebo_msgs/include/gazebo_msgs/gazebo_msgs/srv/detail/get_world_properties__builder.hpp
[82.286s] -- Installing: /home/sentry_ws/src/install/gazebo_msgs/include/gazebo_msgs/gazebo_msgs/srv/detail/set_physics_properties__builder.hpp
[82.337s] -- Installing: /home/sentry_ws/src/install/gazebo_msgs/include/gazebo_msgs/gazebo_msgs/srv/detail/get_physics_properties__builder.hpp
[82.338s] -- Installing: /home/sentry_ws/src/install/gazebo_msgs/include/gazebo_msgs/gazebo_msgs/srv/detail/set_model_configuration__struct.hpp
[82.338s] -- Installing: /home/sentry_ws/src/install/gazebo_msgs/include/gazebo_msgs/gazebo_msgs/srv/apply_link_wrench.hpp
[82.338s] -- Installing: /home/sentry_ws/src/install/gazebo_msgs/include/gazebo_msgs/gazebo_msgs/srv/spawn_model.hpp
[82.364s] -- Installing: /home/sentry_ws/src/install/gazebo_msgs/include/gazebo_msgs/gazebo_msgs/srv/get_model_properties.hpp
[82.399s] -- Installing: /home/sentry_ws/src/install/gazebo_msgs/include/gazebo_msgs/gazebo_msgs/srv/get_entity_state.hpp
[82.437s] -- Installing: /home/sentry_ws/src/install/gazebo_msgs/include/gazebo_msgs/gazebo_msgs/srv/get_physics_properties.hpp
[82.463s] -- Installing: /home/sentry_ws/src/install/gazebo_msgs/include/gazebo_msgs/gazebo_msgs/srv/delete_light.hpp
[82.489s] -- Installing: /home/sentry_ws/src/install/gazebo_msgs/include/gazebo_msgs/gazebo_msgs/srv/set_joint_trajectory.hpp
[82.557s] -- Installing: /home/sentry_ws/src/install/gazebo_msgs/include/gazebo_msgs/gazebo_msgs/srv/joint_request.hpp
[82.615s] -- Installing: /home/sentry_ws/src/install/gazebo_msgs/include/gazebo_msgs/gazebo_msgs/srv/get_light_properties.hpp
[82.723s] -- Installing: /home/sentry_ws/src/install/gazebo_msgs/include/gazebo_msgs/gazebo_msgs/srv/get_link_state.hpp
[82.815s] -- Installing: /home/sentry_ws/src/install/gazebo_msgs/include/gazebo_msgs/gazebo_msgs/srv/delete_entity.hpp
[82.828s] -- Installing: /home/sentry_ws/src/install/gazebo_msgs/include/gazebo_msgs/gazebo_msgs/srv/body_request.hpp
[82.871s] -- Installing: /home/sentry_ws/src/install/gazebo_msgs/include/gazebo_msgs/gazebo_msgs/srv/apply_joint_effort.hpp
[82.900s] -- Installing: /home/sentry_ws/src/install/gazebo_msgs/include/gazebo_msgs/gazebo_msgs/srv/set_model_configuration.hpp
[82.984s] -- Installing: /home/sentry_ws/src/install/gazebo_msgs/include/gazebo_msgs/gazebo_msgs/srv/get_world_properties.hpp
[83.006s] -- Installing: /home/sentry_ws/src/install/gazebo_msgs/include/gazebo_msgs/gazebo_msgs/srv/link_request.hpp
[83.075s] -- Installing: /home/sentry_ws/src/install/gazebo_msgs/include/gazebo_msgs/gazebo_msgs/srv/set_joint_properties.hpp
[83.102s] -- Installing: /home/sentry_ws/src/install/gazebo_msgs/include/gazebo_msgs/gazebo_msgs/srv/get_model_state.hpp
[83.124s] -- Installing: /home/sentry_ws/src/install/gazebo_msgs/include/gazebo_msgs/gazebo_msgs/srv/set_link_state.hpp
[83.138s] -- Installing: /home/sentry_ws/src/install/gazebo_msgs/include/gazebo_msgs/gazebo_msgs/srv/spawn_entity.hpp
[83.180s] -- Installing: /home/sentry_ws/src/install/gazebo_msgs/include/gazebo_msgs/gazebo_msgs/srv/set_entity_state.hpp
[83.211s] -- Installing: /home/sentry_ws/src/install/gazebo_msgs/include/gazebo_msgs/gazebo_msgs/srv/set_link_properties.hpp
[83.248s] -- Up-to-date: /home/sentry_ws/src/install/gazebo_msgs/include/gazebo_msgs/gazebo_msgs/msg
[83.258s] -- Installing: /home/sentry_ws/src/install/gazebo_msgs/include/gazebo_msgs/gazebo_msgs/msg/world_state.hpp
[83.327s] -- Installing: /home/sentry_ws/src/install/gazebo_msgs/include/gazebo_msgs/gazebo_msgs/msg/contacts_state.hpp
[83.458s] -- Up-to-date: /home/sentry_ws/src/install/gazebo_msgs/include/gazebo_msgs/gazebo_msgs/msg/detail
[83.459s] -- Installing: /home/sentry_ws/src/install/gazebo_msgs/include/gazebo_msgs/gazebo_msgs/msg/detail/entity_state__traits.hpp
[83.495s] -- Installing: /home/sentry_ws/src/install/gazebo_msgs/include/gazebo_msgs/gazebo_msgs/msg/detail/link_states__builder.hpp
[83.528s] -- Installing: /home/sentry_ws/src/install/gazebo_msgs/include/gazebo_msgs/gazebo_msgs/msg/detail/link_state__traits.hpp
[83.550s] -- Installing: /home/sentry_ws/src/install/gazebo_msgs/include/gazebo_msgs/gazebo_msgs/msg/detail/ode_physics__struct.hpp
[83.550s] -- Installing: /home/sentry_ws/src/install/gazebo_msgs/include/gazebo_msgs/gazebo_msgs/msg/detail/entity_state__struct.hpp
[83.551s] -- Installing: /home/sentry_ws/src/install/gazebo_msgs/include/gazebo_msgs/gazebo_msgs/msg/detail/contacts_state__struct.hpp
[83.551s] -- Installing: /home/sentry_ws/src/install/gazebo_msgs/include/gazebo_msgs/gazebo_msgs/msg/detail/wheel_slip__builder.hpp
[83.630s] -- Installing: /home/sentry_ws/src/install/gazebo_msgs/include/gazebo_msgs/gazebo_msgs/msg/detail/world_state__traits.hpp
[83.645s] -- Installing: /home/sentry_ws/src/install/gazebo_msgs/include/gazebo_msgs/gazebo_msgs/msg/detail/ode_joint_properties__traits.hpp
[83.672s] -- Installing: /home/sentry_ws/src/install/gazebo_msgs/include/gazebo_msgs/gazebo_msgs/msg/detail/entity_state__builder.hpp
[83.723s] -- Installing: /home/sentry_ws/src/install/gazebo_msgs/include/gazebo_msgs/gazebo_msgs/msg/detail/performance_metrics__struct.hpp
[83.723s] -- Installing: /home/sentry_ws/src/install/gazebo_msgs/include/gazebo_msgs/gazebo_msgs/msg/detail/sensor_performance_metric__struct.hpp
[83.724s] -- Installing: /home/sentry_ws/src/install/gazebo_msgs/include/gazebo_msgs/gazebo_msgs/msg/detail/ode_joint_properties__builder.hpp
[83.756s] -- Installing: /home/sentry_ws/src/install/gazebo_msgs/include/gazebo_msgs/gazebo_msgs/msg/detail/ode_physics__builder.hpp
[83.802s] -- Installing: /home/sentry_ws/src/install/gazebo_msgs/include/gazebo_msgs/gazebo_msgs/msg/detail/contact_state__traits.hpp
[83.856s] -- Installing: /home/sentry_ws/src/install/gazebo_msgs/include/gazebo_msgs/gazebo_msgs/msg/detail/wheel_slip__struct.hpp
[83.857s] -- Installing: /home/sentry_ws/src/install/gazebo_msgs/include/gazebo_msgs/gazebo_msgs/msg/detail/sensor_performance_metric__traits.hpp
[83.867s] -- Installing: /home/sentry_ws/src/install/gazebo_msgs/include/gazebo_msgs/gazebo_msgs/msg/detail/model_states__struct.hpp
[83.868s] -- Installing: /home/sentry_ws/src/install/gazebo_msgs/include/gazebo_msgs/gazebo_msgs/msg/detail/performance_metrics__traits.hpp
[83.925s] -- Installing: /home/sentry_ws/src/install/gazebo_msgs/include/gazebo_msgs/gazebo_msgs/msg/detail/link_states__struct.hpp
[83.926s] -- Installing: /home/sentry_ws/src/install/gazebo_msgs/include/gazebo_msgs/gazebo_msgs/msg/detail/model_state__struct.hpp
[83.926s] -- Installing: /home/sentry_ws/src/install/gazebo_msgs/include/gazebo_msgs/gazebo_msgs/msg/detail/model_states__traits.hpp
[84.043s] -- Installing: /home/sentry_ws/src/install/gazebo_msgs/include/gazebo_msgs/gazebo_msgs/msg/detail/contact_state__builder.hpp
[84.059s] -- Installing: /home/sentry_ws/src/install/gazebo_msgs/include/gazebo_msgs/gazebo_msgs/msg/detail/sensor_performance_metric__builder.hpp
[84.101s] -- Installing: /home/sentry_ws/src/install/gazebo_msgs/include/gazebo_msgs/gazebo_msgs/msg/detail/model_states__builder.hpp
[84.112s] -- Installing: /home/sentry_ws/src/install/gazebo_msgs/include/gazebo_msgs/gazebo_msgs/msg/detail/link_state__builder.hpp
[84.161s] -- Installing: /home/sentry_ws/src/install/gazebo_msgs/include/gazebo_msgs/gazebo_msgs/msg/detail/performance_metrics__builder.hpp
[84.181s] -- Installing: /home/sentry_ws/src/install/gazebo_msgs/include/gazebo_msgs/gazebo_msgs/msg/detail/contacts_state__traits.hpp
[84.223s] -- Installing: /home/sentry_ws/src/install/gazebo_msgs/include/gazebo_msgs/gazebo_msgs/msg/detail/world_state__builder.hpp
[84.260s] -- Installing: /home/sentry_ws/src/install/gazebo_msgs/include/gazebo_msgs/gazebo_msgs/msg/detail/contacts_state__builder.hpp
[84.297s] -- Installing: /home/sentry_ws/src/install/gazebo_msgs/include/gazebo_msgs/gazebo_msgs/msg/detail/link_states__traits.hpp
[84.298s] -- Installing: /home/sentry_ws/src/install/gazebo_msgs/include/gazebo_msgs/gazebo_msgs/msg/detail/model_state__builder.hpp
[84.311s] -- Installing: /home/sentry_ws/src/install/gazebo_msgs/include/gazebo_msgs/gazebo_msgs/msg/detail/ode_joint_properties__struct.hpp
[84.311s] -- Installing: /home/sentry_ws/src/install/gazebo_msgs/include/gazebo_msgs/gazebo_msgs/msg/detail/contact_state__struct.hpp
[84.312s] -- Installing: /home/sentry_ws/src/install/gazebo_msgs/include/gazebo_msgs/gazebo_msgs/msg/detail/model_state__traits.hpp
[84.329s] -- Installing: /home/sentry_ws/src/install/gazebo_msgs/include/gazebo_msgs/gazebo_msgs/msg/detail/wheel_slip__traits.hpp
[84.371s] -- Installing: /home/sentry_ws/src/install/gazebo_msgs/include/gazebo_msgs/gazebo_msgs/msg/detail/ode_physics__traits.hpp
[84.434s] -- Installing: /home/sentry_ws/src/install/gazebo_msgs/include/gazebo_msgs/gazebo_msgs/msg/detail/link_state__struct.hpp
[84.435s] -- Installing: /home/sentry_ws/src/install/gazebo_msgs/include/gazebo_msgs/gazebo_msgs/msg/detail/world_state__struct.hpp
[84.435s] -- Installing: /home/sentry_ws/src/install/gazebo_msgs/include/gazebo_msgs/gazebo_msgs/msg/link_state.hpp
[84.541s] -- Installing: /home/sentry_ws/src/install/gazebo_msgs/include/gazebo_msgs/gazebo_msgs/msg/ode_joint_properties.hpp
[84.563s] -- Installing: /home/sentry_ws/src/install/gazebo_msgs/include/gazebo_msgs/gazebo_msgs/msg/performance_metrics.hpp
[84.812s] -- Installing: /home/sentry_ws/src/install/gazebo_msgs/include/gazebo_msgs/gazebo_msgs/msg/link_states.hpp
[84.894s] -- Installing: /home/sentry_ws/src/install/gazebo_msgs/include/gazebo_msgs/gazebo_msgs/msg/wheel_slip.hpp
[84.964s] -- Installing: /home/sentry_ws/src/install/gazebo_msgs/include/gazebo_msgs/gazebo_msgs/msg/ode_physics.hpp
[85.002s] -- Installing: /home/sentry_ws/src/install/gazebo_msgs/include/gazebo_msgs/gazebo_msgs/msg/sensor_performance_metric.hpp
[85.026s] -- Installing: /home/sentry_ws/src/install/gazebo_msgs/include/gazebo_msgs/gazebo_msgs/msg/contact_state.hpp
[85.071s] -- Installing: /home/sentry_ws/src/install/gazebo_msgs/include/gazebo_msgs/gazebo_msgs/msg/model_state.hpp
[85.107s] -- Installing: /home/sentry_ws/src/install/gazebo_msgs/include/gazebo_msgs/gazebo_msgs/msg/entity_state.hpp
[85.127s] -- Installing: /home/sentry_ws/src/install/gazebo_msgs/include/gazebo_msgs/gazebo_msgs/msg/model_states.hpp
[85.142s] -- Up-to-date: /home/sentry_ws/src/install/gazebo_msgs/include/gazebo_msgs/gazebo_msgs
[85.142s] -- Up-to-date: /home/sentry_ws/src/install/gazebo_msgs/include/gazebo_msgs/gazebo_msgs/srv
[85.142s] -- Up-to-date: /home/sentry_ws/src/install/gazebo_msgs/include/gazebo_msgs/gazebo_msgs/srv/detail
[85.142s] -- Installing: /home/sentry_ws/src/install/gazebo_msgs/include/gazebo_msgs/gazebo_msgs/srv/detail/apply_link_wrench__rosidl_typesupport_fastrtps_cpp.hpp
[85.142s] -- Installing: /home/sentry_ws/src/install/gazebo_msgs/include/gazebo_msgs/gazebo_msgs/srv/detail/joint_request__rosidl_typesupport_fastrtps_cpp.hpp
[85.203s] -- Installing: /home/sentry_ws/src/install/gazebo_msgs/include/gazebo_msgs/gazebo_msgs/srv/detail/set_model_configuration__rosidl_typesupport_fastrtps_cpp.hpp
[85.204s] -- Installing: /home/sentry_ws/src/install/gazebo_msgs/include/gazebo_msgs/gazebo_msgs/srv/detail/link_request__rosidl_typesupport_fastrtps_cpp.hpp
[85.204s] -- Installing: /home/sentry_ws/src/install/gazebo_msgs/include/gazebo_msgs/gazebo_msgs/srv/detail/get_model_state__rosidl_typesupport_fastrtps_cpp.hpp
[85.229s] -- Installing: /home/sentry_ws/src/install/gazebo_msgs/include/gazebo_msgs/gazebo_msgs/srv/detail/set_model_state__rosidl_typesupport_fastrtps_cpp.hpp
[85.230s] -- Installing: /home/sentry_ws/src/install/gazebo_msgs/include/gazebo_msgs/gazebo_msgs/srv/detail/delete_entity__rosidl_typesupport_fastrtps_cpp.hpp
[85.265s] -- Installing: /home/sentry_ws/src/install/gazebo_msgs/include/gazebo_msgs/gazebo_msgs/srv/detail/get_link_properties__rosidl_typesupport_fastrtps_cpp.hpp
[85.319s] -- Installing: /home/sentry_ws/src/install/gazebo_msgs/include/gazebo_msgs/gazebo_msgs/srv/detail/get_entity_state__rosidl_typesupport_fastrtps_cpp.hpp
[85.368s] -- Installing: /home/sentry_ws/src/install/gazebo_msgs/include/gazebo_msgs/gazebo_msgs/srv/detail/get_physics_properties__rosidl_typesupport_fastrtps_cpp.hpp
[85.368s] -- Installing: /home/sentry_ws/src/install/gazebo_msgs/include/gazebo_msgs/gazebo_msgs/srv/detail/dds_fastrtps
[85.368s] -- Installing: /home/sentry_ws/src/install/gazebo_msgs/include/gazebo_msgs/gazebo_msgs/srv/detail/get_model_list__rosidl_typesupport_fastrtps_cpp.hpp
[85.385s] -- Installing: /home/sentry_ws/src/install/gazebo_msgs/include/gazebo_msgs/gazebo_msgs/srv/detail/set_light_properties__rosidl_typesupport_fastrtps_cpp.hpp
[85.453s] -- Installing: /home/sentry_ws/src/install/gazebo_msgs/include/gazebo_msgs/gazebo_msgs/srv/detail/set_entity_state__rosidl_typesupport_fastrtps_cpp.hpp
[85.477s] -- Installing: /home/sentry_ws/src/install/gazebo_msgs/include/gazebo_msgs/gazebo_msgs/srv/detail/get_joint_properties__rosidl_typesupport_fastrtps_cpp.hpp
[85.512s] -- Installing: /home/sentry_ws/src/install/gazebo_msgs/include/gazebo_msgs/gazebo_msgs/srv/detail/apply_joint_effort__rosidl_typesupport_fastrtps_cpp.hpp
[85.606s] -- Installing: /home/sentry_ws/src/install/gazebo_msgs/include/gazebo_msgs/gazebo_msgs/srv/detail/set_joint_trajectory__rosidl_typesupport_fastrtps_cpp.hpp
[85.606s] -- Installing: /home/sentry_ws/src/install/gazebo_msgs/include/gazebo_msgs/gazebo_msgs/srv/detail/body_request__rosidl_typesupport_fastrtps_cpp.hpp
[85.653s] -- Installing: /home/sentry_ws/src/install/gazebo_msgs/include/gazebo_msgs/gazebo_msgs/srv/detail/delete_model__rosidl_typesupport_fastrtps_cpp.hpp
[85.700s] -- Installing: /home/sentry_ws/src/install/gazebo_msgs/include/gazebo_msgs/gazebo_msgs/srv/detail/set_link_properties__rosidl_typesupport_fastrtps_cpp.hpp
[85.804s] -- Installing: /home/sentry_ws/src/install/gazebo_msgs/include/gazebo_msgs/gazebo_msgs/srv/detail/set_link_state__rosidl_typesupport_fastrtps_cpp.hpp
[85.804s] -- Installing: /home/sentry_ws/src/install/gazebo_msgs/include/gazebo_msgs/gazebo_msgs/srv/detail/get_link_state__rosidl_typesupport_fastrtps_cpp.hpp
[85.831s] -- Installing: /home/sentry_ws/src/install/gazebo_msgs/include/gazebo_msgs/gazebo_msgs/srv/detail/get_light_properties__rosidl_typesupport_fastrtps_cpp.hpp
[85.858s] -- Installing: /home/sentry_ws/src/install/gazebo_msgs/include/gazebo_msgs/gazebo_msgs/srv/detail/set_joint_properties__rosidl_typesupport_fastrtps_cpp.hpp
[85.891s] -- Installing: /home/sentry_ws/src/install/gazebo_msgs/include/gazebo_msgs/gazebo_msgs/srv/detail/spawn_model__rosidl_typesupport_fastrtps_cpp.hpp
[85.891s] -- Installing: /home/sentry_ws/src/install/gazebo_msgs/include/gazebo_msgs/gazebo_msgs/srv/detail/set_physics_properties__rosidl_typesupport_fastrtps_cpp.hpp
[85.891s] -- Installing: /home/sentry_ws/src/install/gazebo_msgs/include/gazebo_msgs/gazebo_msgs/srv/detail/delete_light__rosidl_typesupport_fastrtps_cpp.hpp
[85.899s] -- Installing: /home/sentry_ws/src/install/gazebo_msgs/include/gazebo_msgs/gazebo_msgs/srv/detail/apply_body_wrench__rosidl_typesupport_fastrtps_cpp.hpp
[85.899s] -- Installing: /home/sentry_ws/src/install/gazebo_msgs/include/gazebo_msgs/gazebo_msgs/srv/detail/get_world_properties__rosidl_typesupport_fastrtps_cpp.hpp
[85.943s] -- Installing: /home/sentry_ws/src/install/gazebo_msgs/include/gazebo_msgs/gazebo_msgs/srv/detail/get_model_properties__rosidl_typesupport_fastrtps_cpp.hpp
[85.998s] -- Installing: /home/sentry_ws/src/install/gazebo_msgs/include/gazebo_msgs/gazebo_msgs/srv/detail/spawn_entity__rosidl_typesupport_fastrtps_cpp.hpp
[85.999s] -- Up-to-date: /home/sentry_ws/src/install/gazebo_msgs/include/gazebo_msgs/gazebo_msgs/msg
[85.999s] -- Installing: /home/sentry_ws/src/install/gazebo_msgs/include/gazebo_msgs/gazebo_msgs/msg/rosidl_typesupport_fastrtps_cpp__visibility_control.h
[85.999s] -- Up-to-date: /home/sentry_ws/src/install/gazebo_msgs/include/gazebo_msgs/gazebo_msgs/msg/detail
[85.999s] -- Installing: /home/sentry_ws/src/install/gazebo_msgs/include/gazebo_msgs/gazebo_msgs/msg/detail/model_states__rosidl_typesupport_fastrtps_cpp.hpp
[86.044s] -- Installing: /home/sentry_ws/src/install/gazebo_msgs/include/gazebo_msgs/gazebo_msgs/msg/detail/contact_state__rosidl_typesupport_fastrtps_cpp.hpp
[86.066s] -- Installing: /home/sentry_ws/src/install/gazebo_msgs/include/gazebo_msgs/gazebo_msgs/msg/detail/contacts_state__rosidl_typesupport_fastrtps_cpp.hpp
[86.080s] -- Installing: /home/sentry_ws/src/install/gazebo_msgs/include/gazebo_msgs/gazebo_msgs/msg/detail/world_state__rosidl_typesupport_fastrtps_cpp.hpp
[86.144s] -- Installing: /home/sentry_ws/src/install/gazebo_msgs/include/gazebo_msgs/gazebo_msgs/msg/detail/dds_fastrtps
[86.145s] -- Installing: /home/sentry_ws/src/install/gazebo_msgs/include/gazebo_msgs/gazebo_msgs/msg/detail/model_state__rosidl_typesupport_fastrtps_cpp.hpp
[86.201s] -- Installing: /home/sentry_ws/src/install/gazebo_msgs/include/gazebo_msgs/gazebo_msgs/msg/detail/ode_joint_properties__rosidl_typesupport_fastrtps_cpp.hpp
[86.231s] -- Installing: /home/sentry_ws/src/install/gazebo_msgs/include/gazebo_msgs/gazebo_msgs/msg/detail/performance_metrics__rosidl_typesupport_fastrtps_cpp.hpp
[86.277s] -- Installing: /home/sentry_ws/src/install/gazebo_msgs/include/gazebo_msgs/gazebo_msgs/msg/detail/sensor_performance_metric__rosidl_typesupport_fastrtps_cpp.hpp
[86.302s] -- Installing: /home/sentry_ws/src/install/gazebo_msgs/include/gazebo_msgs/gazebo_msgs/msg/detail/ode_physics__rosidl_typesupport_fastrtps_cpp.hpp
[86.376s] -- Installing: /home/sentry_ws/src/install/gazebo_msgs/include/gazebo_msgs/gazebo_msgs/msg/detail/wheel_slip__rosidl_typesupport_fastrtps_cpp.hpp
[86.477s] -- Installing: /home/sentry_ws/src/install/gazebo_msgs/include/gazebo_msgs/gazebo_msgs/msg/detail/link_state__rosidl_typesupport_fastrtps_cpp.hpp
[86.500s] -- Installing: /home/sentry_ws/src/install/gazebo_msgs/include/gazebo_msgs/gazebo_msgs/msg/detail/entity_state__rosidl_typesupport_fastrtps_cpp.hpp
[86.500s] -- Installing: /home/sentry_ws/src/install/gazebo_msgs/include/gazebo_msgs/gazebo_msgs/msg/detail/link_states__rosidl_typesupport_fastrtps_cpp.hpp
[86.501s] -- Installing: /home/sentry_ws/src/install/gazebo_msgs/lib/libgazebo_msgs__rosidl_typesupport_fastrtps_cpp.so
[86.504s] -- Set runtime path of "/home/sentry_ws/src/install/gazebo_msgs/lib/libgazebo_msgs__rosidl_typesupport_fastrtps_cpp.so" to ""
[86.504s] -- Up-to-date: /home/sentry_ws/src/install/gazebo_msgs/include/gazebo_msgs/gazebo_msgs
[86.504s] -- Up-to-date: /home/sentry_ws/src/install/gazebo_msgs/include/gazebo_msgs/gazebo_msgs/srv
[86.505s] -- Up-to-date: /home/sentry_ws/src/install/gazebo_msgs/include/gazebo_msgs/gazebo_msgs/srv/detail
[86.505s] -- Installing: /home/sentry_ws/src/install/gazebo_msgs/include/gazebo_msgs/gazebo_msgs/srv/detail/spawn_model__type_support.c
[86.599s] -- Installing: /home/sentry_ws/src/install/gazebo_msgs/include/gazebo_msgs/gazebo_msgs/srv/detail/set_joint_trajectory__rosidl_typesupport_introspection_c.h
[86.703s] -- Installing: /home/sentry_ws/src/install/gazebo_msgs/include/gazebo_msgs/gazebo_msgs/srv/detail/set_physics_properties__type_support.c
[86.954s] -- Installing: /home/sentry_ws/src/install/gazebo_msgs/include/gazebo_msgs/gazebo_msgs/srv/detail/delete_light__rosidl_typesupport_introspection_c.h
[87.204s] -- Installing: /home/sentry_ws/src/install/gazebo_msgs/include/gazebo_msgs/gazebo_msgs/srv/detail/get_model_properties__type_support.c
[87.297s] -- Installing: /home/sentry_ws/src/install/gazebo_msgs/include/gazebo_msgs/gazebo_msgs/srv/detail/link_request__type_support.c
[87.459s] -- Installing: /home/sentry_ws/src/install/gazebo_msgs/include/gazebo_msgs/gazebo_msgs/srv/detail/set_model_state__type_support.c
[87.676s] -- Installing: /home/sentry_ws/src/install/gazebo_msgs/include/gazebo_msgs/gazebo_msgs/srv/detail/get_entity_state__rosidl_typesupport_introspection_c.h
[87.872s] -- Installing: /home/sentry_ws/src/install/gazebo_msgs/include/gazebo_msgs/gazebo_msgs/srv/detail/set_link_state__type_support.c
[88.242s] -- Installing: /home/sentry_ws/src/install/gazebo_msgs/include/gazebo_msgs/gazebo_msgs/srv/detail/get_world_properties__rosidl_typesupport_introspection_c.h
[88.335s] -- Installing: /home/sentry_ws/src/install/gazebo_msgs/include/gazebo_msgs/gazebo_msgs/srv/detail/set_link_state__rosidl_typesupport_introspection_c.h
[88.386s] -- Installing: /home/sentry_ws/src/install/gazebo_msgs/include/gazebo_msgs/gazebo_msgs/srv/detail/apply_link_wrench__type_support.c
[88.790s] -- Installing: /home/sentry_ws/src/install/gazebo_msgs/include/gazebo_msgs/gazebo_msgs/srv/detail/get_model_properties__rosidl_typesupport_introspection_c.h
[89.532s] -- Installing: /home/sentry_ws/src/install/gazebo_msgs/include/gazebo_msgs/gazebo_msgs/srv/detail/set_model_state__rosidl_typesupport_introspection_c.h
[89.698s] -- Installing: /home/sentry_ws/src/install/gazebo_msgs/include/gazebo_msgs/gazebo_msgs/srv/detail/get_physics_properties__rosidl_typesupport_introspection_c.h
[89.823s] -- Installing: /home/sentry_ws/src/install/gazebo_msgs/include/gazebo_msgs/gazebo_msgs/srv/detail/apply_link_wrench__rosidl_typesupport_introspection_c.h
[89.911s] -- Installing: /home/sentry_ws/src/install/gazebo_msgs/include/gazebo_msgs/gazebo_msgs/srv/detail/get_entity_state__type_support.c
[89.961s] -- Installing: /home/sentry_ws/src/install/gazebo_msgs/include/gazebo_msgs/gazebo_msgs/srv/detail/set_joint_properties__rosidl_typesupport_introspection_c.h
[90.035s] -- Installing: /home/sentry_ws/src/install/gazebo_msgs/include/gazebo_msgs/gazebo_msgs/srv/detail/set_model_configuration__type_support.c
[90.177s] -- Installing: /home/sentry_ws/src/install/gazebo_msgs/include/gazebo_msgs/gazebo_msgs/srv/detail/body_request__type_support.c
[90.249s] -- Installing: /home/sentry_ws/src/install/gazebo_msgs/include/gazebo_msgs/gazebo_msgs/srv/detail/get_physics_properties__type_support.c
[90.340s] -- Installing: /home/sentry_ws/src/install/gazebo_msgs/include/gazebo_msgs/gazebo_msgs/srv/detail/set_joint_properties__type_support.c
[90.369s] -- Installing: /home/sentry_ws/src/install/gazebo_msgs/include/gazebo_msgs/gazebo_msgs/srv/detail/delete_model__rosidl_typesupport_introspection_c.h
[90.415s] -- Installing: /home/sentry_ws/src/install/gazebo_msgs/include/gazebo_msgs/gazebo_msgs/srv/detail/spawn_model__rosidl_typesupport_introspection_c.h
[90.487s] -- Installing: /home/sentry_ws/src/install/gazebo_msgs/include/gazebo_msgs/gazebo_msgs/srv/detail/get_link_properties__rosidl_typesupport_introspection_c.h
[90.508s] -- Installing: /home/sentry_ws/src/install/gazebo_msgs/include/gazebo_msgs/gazebo_msgs/srv/detail/get_link_properties__type_support.c
[90.562s] -- Installing: /home/sentry_ws/src/install/gazebo_msgs/include/gazebo_msgs/gazebo_msgs/srv/detail/set_entity_state__rosidl_typesupport_introspection_c.h
[90.604s] -- Installing: /home/sentry_ws/src/install/gazebo_msgs/include/gazebo_msgs/gazebo_msgs/srv/detail/get_model_list__type_support.c
[90.683s] -- Installing: /home/sentry_ws/src/install/gazebo_msgs/include/gazebo_msgs/gazebo_msgs/srv/detail/get_link_state__type_support.c
[90.734s] -- Installing: /home/sentry_ws/src/install/gazebo_msgs/include/gazebo_msgs/gazebo_msgs/srv/detail/get_light_properties__type_support.c
[90.917s] -- Installing: /home/sentry_ws/src/install/gazebo_msgs/include/gazebo_msgs/gazebo_msgs/srv/detail/apply_joint_effort__rosidl_typesupport_introspection_c.h
[90.947s] -- Installing: /home/sentry_ws/src/install/gazebo_msgs/include/gazebo_msgs/gazebo_msgs/srv/detail/set_entity_state__type_support.c
[91.102s] -- Installing: /home/sentry_ws/src/install/gazebo_msgs/include/gazebo_msgs/gazebo_msgs/srv/detail/apply_joint_effort__type_support.c
[91.118s] -- Installing: /home/sentry_ws/src/install/gazebo_msgs/include/gazebo_msgs/gazebo_msgs/srv/detail/spawn_entity__type_support.c
[91.221s] -- Installing: /home/sentry_ws/src/install/gazebo_msgs/include/gazebo_msgs/gazebo_msgs/srv/detail/delete_entity__type_support.c
[91.379s] -- Installing: /home/sentry_ws/src/install/gazebo_msgs/include/gazebo_msgs/gazebo_msgs/srv/detail/link_request__rosidl_typesupport_introspection_c.h
[91.458s] -- Installing: /home/sentry_ws/src/install/gazebo_msgs/include/gazebo_msgs/gazebo_msgs/srv/detail/get_joint_properties__rosidl_typesupport_introspection_c.h
[91.615s] -- Installing: /home/sentry_ws/src/install/gazebo_msgs/include/gazebo_msgs/gazebo_msgs/srv/detail/get_link_state__rosidl_typesupport_introspection_c.h
[91.710s] -- Installing: /home/sentry_ws/src/install/gazebo_msgs/include/gazebo_msgs/gazebo_msgs/srv/detail/set_physics_properties__rosidl_typesupport_introspection_c.h
[91.821s] -- Installing: /home/sentry_ws/src/install/gazebo_msgs/include/gazebo_msgs/gazebo_msgs/srv/detail/set_model_configuration__rosidl_typesupport_introspection_c.h
[91.907s] -- Installing: /home/sentry_ws/src/install/gazebo_msgs/include/gazebo_msgs/gazebo_msgs/srv/detail/set_light_properties__type_support.c
[92.027s] -- Installing: /home/sentry_ws/src/install/gazebo_msgs/include/gazebo_msgs/gazebo_msgs/srv/detail/get_joint_properties__type_support.c
[92.115s] -- Installing: /home/sentry_ws/src/install/gazebo_msgs/include/gazebo_msgs/gazebo_msgs/srv/detail/get_world_properties__type_support.c
[92.372s] -- Installing: /home/sentry_ws/src/install/gazebo_msgs/include/gazebo_msgs/gazebo_msgs/srv/detail/set_light_properties__rosidl_typesupport_introspection_c.h
[92.451s] -- Installing: /home/sentry_ws/src/install/gazebo_msgs/include/gazebo_msgs/gazebo_msgs/srv/detail/delete_light__type_support.c
[92.526s] -- Installing: /home/sentry_ws/src/install/gazebo_msgs/include/gazebo_msgs/gazebo_msgs/srv/detail/spawn_entity__rosidl_typesupport_introspection_c.h
[92.531s] -- Installing: /home/sentry_ws/src/install/gazebo_msgs/include/gazebo_msgs/gazebo_msgs/srv/detail/body_request__rosidl_typesupport_introspection_c.h
[92.570s] -- Installing: /home/sentry_ws/src/install/gazebo_msgs/include/gazebo_msgs/gazebo_msgs/srv/detail/joint_request__type_support.c
[92.571s] -- Installing: /home/sentry_ws/src/install/gazebo_msgs/include/gazebo_msgs/gazebo_msgs/srv/detail/set_joint_trajectory__type_support.c
[92.682s] -- Installing: /home/sentry_ws/src/install/gazebo_msgs/include/gazebo_msgs/gazebo_msgs/srv/detail/get_model_list__rosidl_typesupport_introspection_c.h
[92.698s] -- Installing: /home/sentry_ws/src/install/gazebo_msgs/include/gazebo_msgs/gazebo_msgs/srv/detail/delete_entity__rosidl_typesupport_introspection_c.h
[92.707s] -- Installing: /home/sentry_ws/src/install/gazebo_msgs/include/gazebo_msgs/gazebo_msgs/srv/detail/get_light_properties__rosidl_typesupport_introspection_c.h
[92.772s] -- Installing: /home/sentry_ws/src/install/gazebo_msgs/include/gazebo_msgs/gazebo_msgs/srv/detail/joint_request__rosidl_typesupport_introspection_c.h
[92.772s] -- Installing: /home/sentry_ws/src/install/gazebo_msgs/include/gazebo_msgs/gazebo_msgs/srv/detail/set_link_properties__type_support.c
[93.007s] -- Installing: /home/sentry_ws/src/install/gazebo_msgs/include/gazebo_msgs/gazebo_msgs/srv/detail/set_link_properties__rosidl_typesupport_introspection_c.h
[93.116s] -- Installing: /home/sentry_ws/src/install/gazebo_msgs/include/gazebo_msgs/gazebo_msgs/srv/detail/apply_body_wrench__rosidl_typesupport_introspection_c.h
[93.204s] -- Installing: /home/sentry_ws/src/install/gazebo_msgs/include/gazebo_msgs/gazebo_msgs/srv/detail/delete_model__type_support.c
[93.237s] -- Installing: /home/sentry_ws/src/install/gazebo_msgs/include/gazebo_msgs/gazebo_msgs/srv/detail/get_model_state__rosidl_typesupport_introspection_c.h
[93.278s] -- Installing: /home/sentry_ws/src/install/gazebo_msgs/include/gazebo_msgs/gazebo_msgs/srv/detail/get_model_state__type_support.c
[93.346s] -- Installing: /home/sentry_ws/src/install/gazebo_msgs/include/gazebo_msgs/gazebo_msgs/srv/detail/apply_body_wrench__type_support.c
[93.461s] -- Up-to-date: /home/sentry_ws/src/install/gazebo_msgs/include/gazebo_msgs/gazebo_msgs/msg
[93.461s] -- Up-to-date: /home/sentry_ws/src/install/gazebo_msgs/include/gazebo_msgs/gazebo_msgs/msg/detail
[93.461s] -- Installing: /home/sentry_ws/src/install/gazebo_msgs/include/gazebo_msgs/gazebo_msgs/msg/detail/contacts_state__type_support.c
[93.524s] -- Installing: /home/sentry_ws/src/install/gazebo_msgs/include/gazebo_msgs/gazebo_msgs/msg/detail/wheel_slip__rosidl_typesupport_introspection_c.h
[93.552s] -- Installing: /home/sentry_ws/src/install/gazebo_msgs/include/gazebo_msgs/gazebo_msgs/msg/detail/sensor_performance_metric__rosidl_typesupport_introspection_c.h
[93.552s] -- Installing: /home/sentry_ws/src/install/gazebo_msgs/include/gazebo_msgs/gazebo_msgs/msg/detail/world_state__type_support.c
[93.777s] -- Installing: /home/sentry_ws/src/install/gazebo_msgs/include/gazebo_msgs/gazebo_msgs/msg/detail/model_states__type_support.c
[93.798s] -- Installing: /home/sentry_ws/src/install/gazebo_msgs/include/gazebo_msgs/gazebo_msgs/msg/detail/ode_physics__rosidl_typesupport_introspection_c.h
[93.798s] -- Installing: /home/sentry_ws/src/install/gazebo_msgs/include/gazebo_msgs/gazebo_msgs/msg/detail/model_state__type_support.c
[93.851s] -- Installing: /home/sentry_ws/src/install/gazebo_msgs/include/gazebo_msgs/gazebo_msgs/msg/detail/contact_state__type_support.c
[93.996s] -- Installing: /home/sentry_ws/src/install/gazebo_msgs/include/gazebo_msgs/gazebo_msgs/msg/detail/performance_metrics__type_support.c
[94.040s] -- Installing: /home/sentry_ws/src/install/gazebo_msgs/include/gazebo_msgs/gazebo_msgs/msg/detail/model_states__rosidl_typesupport_introspection_c.h
[94.108s] -- Installing: /home/sentry_ws/src/install/gazebo_msgs/include/gazebo_msgs/gazebo_msgs/msg/detail/ode_joint_properties__type_support.c
[94.326s] -- Installing: /home/sentry_ws/src/install/gazebo_msgs/include/gazebo_msgs/gazebo_msgs/msg/detail/world_state__rosidl_typesupport_introspection_c.h
[94.464s] -- Installing: /home/sentry_ws/src/install/gazebo_msgs/include/gazebo_msgs/gazebo_msgs/msg/detail/ode_joint_properties__rosidl_typesupport_introspection_c.h
[94.464s] -- Installing: /home/sentry_ws/src/install/gazebo_msgs/include/gazebo_msgs/gazebo_msgs/msg/detail/ode_physics__type_support.c
[94.544s] -- Installing: /home/sentry_ws/src/install/gazebo_msgs/include/gazebo_msgs/gazebo_msgs/msg/detail/contacts_state__rosidl_typesupport_introspection_c.h
[94.614s] -- Installing: /home/sentry_ws/src/install/gazebo_msgs/include/gazebo_msgs/gazebo_msgs/msg/detail/link_state__type_support.c
[94.662s] -- Installing: /home/sentry_ws/src/install/gazebo_msgs/include/gazebo_msgs/gazebo_msgs/msg/detail/link_states__rosidl_typesupport_introspection_c.h
[95.085s] -- Installing: /home/sentry_ws/src/install/gazebo_msgs/include/gazebo_msgs/gazebo_msgs/msg/detail/link_state__rosidl_typesupport_introspection_c.h
[95.085s] -- Installing: /home/sentry_ws/src/install/gazebo_msgs/include/gazebo_msgs/gazebo_msgs/msg/detail/model_state__rosidl_typesupport_introspection_c.h
[95.086s] -- Installing: /home/sentry_ws/src/install/gazebo_msgs/include/gazebo_msgs/gazebo_msgs/msg/detail/entity_state__rosidl_typesupport_introspection_c.h
[95.086s] -- Installing: /home/sentry_ws/src/install/gazebo_msgs/include/gazebo_msgs/gazebo_msgs/msg/detail/performance_metrics__rosidl_typesupport_introspection_c.h
[95.118s] -- Installing: /home/sentry_ws/src/install/gazebo_msgs/include/gazebo_msgs/gazebo_msgs/msg/detail/link_states__type_support.c
[95.407s] -- Installing: /home/sentry_ws/src/install/gazebo_msgs/include/gazebo_msgs/gazebo_msgs/msg/detail/wheel_slip__type_support.c
[95.575s] -- Installing: /home/sentry_ws/src/install/gazebo_msgs/include/gazebo_msgs/gazebo_msgs/msg/detail/entity_state__type_support.c
[95.658s] -- Installing: /home/sentry_ws/src/install/gazebo_msgs/include/gazebo_msgs/gazebo_msgs/msg/detail/contact_state__rosidl_typesupport_introspection_c.h
[95.659s] -- Installing: /home/sentry_ws/src/install/gazebo_msgs/include/gazebo_msgs/gazebo_msgs/msg/detail/sensor_performance_metric__type_support.c
[95.852s] -- Installing: /home/sentry_ws/src/install/gazebo_msgs/include/gazebo_msgs/gazebo_msgs/msg/rosidl_typesupport_introspection_c__visibility_control.h
[95.852s] -- Installing: /home/sentry_ws/src/install/gazebo_msgs/lib/libgazebo_msgs__rosidl_typesupport_introspection_c.so
[96.047s] -- Set runtime path of "/home/sentry_ws/src/install/gazebo_msgs/lib/libgazebo_msgs__rosidl_typesupport_introspection_c.so" to ""
[96.047s] -- Installing: /home/sentry_ws/src/install/gazebo_msgs/lib/libgazebo_msgs__rosidl_typesupport_c.so
[96.389s] -- Set runtime path of "/home/sentry_ws/src/install/gazebo_msgs/lib/libgazebo_msgs__rosidl_typesupport_c.so" to ""
[96.390s] -- Up-to-date: /home/sentry_ws/src/install/gazebo_msgs/include/gazebo_msgs/gazebo_msgs
[96.390s] -- Up-to-date: /home/sentry_ws/src/install/gazebo_msgs/include/gazebo_msgs/gazebo_msgs/srv
[96.390s] -- Up-to-date: /home/sentry_ws/src/install/gazebo_msgs/include/gazebo_msgs/gazebo_msgs/srv/detail
[96.390s] -- Installing: /home/sentry_ws/src/install/gazebo_msgs/include/gazebo_msgs/gazebo_msgs/srv/detail/get_entity_state__type_support.cpp
[96.468s] -- Installing: /home/sentry_ws/src/install/gazebo_msgs/include/gazebo_msgs/gazebo_msgs/srv/detail/set_joint_properties__rosidl_typesupport_introspection_cpp.hpp
[96.654s] -- Installing: /home/sentry_ws/src/install/gazebo_msgs/include/gazebo_msgs/gazebo_msgs/srv/detail/set_model_state__rosidl_typesupport_introspection_cpp.hpp
[96.759s] -- Installing: /home/sentry_ws/src/install/gazebo_msgs/include/gazebo_msgs/gazebo_msgs/srv/detail/get_model_list__rosidl_typesupport_introspection_cpp.hpp
[96.897s] -- Installing: /home/sentry_ws/src/install/gazebo_msgs/include/gazebo_msgs/gazebo_msgs/srv/detail/set_link_properties__rosidl_typesupport_introspection_cpp.hpp
[96.925s] -- Installing: /home/sentry_ws/src/install/gazebo_msgs/include/gazebo_msgs/gazebo_msgs/srv/detail/set_link_properties__type_support.cpp
[97.079s] -- Installing: /home/sentry_ws/src/install/gazebo_msgs/include/gazebo_msgs/gazebo_msgs/srv/detail/apply_link_wrench__type_support.cpp
[97.165s] -- Installing: /home/sentry_ws/src/install/gazebo_msgs/include/gazebo_msgs/gazebo_msgs/srv/detail/spawn_model__rosidl_typesupport_introspection_cpp.hpp
[97.327s] -- Installing: /home/sentry_ws/src/install/gazebo_msgs/include/gazebo_msgs/gazebo_msgs/srv/detail/body_request__rosidl_typesupport_introspection_cpp.hpp
[97.372s] -- Installing: /home/sentry_ws/src/install/gazebo_msgs/include/gazebo_msgs/gazebo_msgs/srv/detail/delete_light__type_support.cpp
[97.454s] -- Installing: /home/sentry_ws/src/install/gazebo_msgs/include/gazebo_msgs/gazebo_msgs/srv/detail/get_physics_properties__rosidl_typesupport_introspection_cpp.hpp
[97.537s] -- Installing: /home/sentry_ws/src/install/gazebo_msgs/include/gazebo_msgs/gazebo_msgs/srv/detail/get_link_state__type_support.cpp
[97.640s] -- Installing: /home/sentry_ws/src/install/gazebo_msgs/include/gazebo_msgs/gazebo_msgs/srv/detail/set_entity_state__type_support.cpp
[97.642s] -- Installing: /home/sentry_ws/src/install/gazebo_msgs/include/gazebo_msgs/gazebo_msgs/srv/detail/get_link_properties__type_support.cpp
[97.903s] -- Installing: /home/sentry_ws/src/install/gazebo_msgs/include/gazebo_msgs/gazebo_msgs/srv/detail/get_light_properties__rosidl_typesupport_introspection_cpp.hpp
[98.013s] -- Installing: /home/sentry_ws/src/install/gazebo_msgs/include/gazebo_msgs/gazebo_msgs/srv/detail/spawn_model__type_support.cpp
[98.013s] -- Installing: /home/sentry_ws/src/install/gazebo_msgs/include/gazebo_msgs/gazebo_msgs/srv/detail/get_joint_properties__type_support.cpp
[98.208s] -- Installing: /home/sentry_ws/src/install/gazebo_msgs/include/gazebo_msgs/gazebo_msgs/srv/detail/set_entity_state__rosidl_typesupport_introspection_cpp.hpp
[98.298s] -- Installing: /home/sentry_ws/src/install/gazebo_msgs/include/gazebo_msgs/gazebo_msgs/srv/detail/set_link_state__type_support.cpp
[98.363s] -- Installing: /home/sentry_ws/src/install/gazebo_msgs/include/gazebo_msgs/gazebo_msgs/srv/detail/set_model_configuration__rosidl_typesupport_introspection_cpp.hpp
[98.502s] -- Installing: /home/sentry_ws/src/install/gazebo_msgs/include/gazebo_msgs/gazebo_msgs/srv/detail/get_model_list__type_support.cpp
[98.719s] -- Installing: /home/sentry_ws/src/install/gazebo_msgs/include/gazebo_msgs/gazebo_msgs/srv/detail/set_light_properties__type_support.cpp
[98.767s] -- Installing: /home/sentry_ws/src/install/gazebo_msgs/include/gazebo_msgs/gazebo_msgs/srv/detail/delete_entity__type_support.cpp
[98.840s] -- Installing: /home/sentry_ws/src/install/gazebo_msgs/include/gazebo_msgs/gazebo_msgs/srv/detail/apply_body_wrench__type_support.cpp
[99.023s] -- Installing: /home/sentry_ws/src/install/gazebo_msgs/include/gazebo_msgs/gazebo_msgs/srv/detail/link_request__type_support.cpp
[99.076s] -- Installing: /home/sentry_ws/src/install/gazebo_msgs/include/gazebo_msgs/gazebo_msgs/srv/detail/delete_model__rosidl_typesupport_introspection_cpp.hpp
[99.188s] -- Installing: /home/sentry_ws/src/install/gazebo_msgs/include/gazebo_msgs/gazebo_msgs/srv/detail/spawn_entity__type_support.cpp
[99.189s] -- Installing: /home/sentry_ws/src/install/gazebo_msgs/include/gazebo_msgs/gazebo_msgs/srv/detail/link_request__rosidl_typesupport_introspection_cpp.hpp
[99.242s] -- Installing: /home/sentry_ws/src/install/gazebo_msgs/include/gazebo_msgs/gazebo_msgs/srv/detail/get_world_properties__type_support.cpp
[99.663s] -- Installing: /home/sentry_ws/src/install/gazebo_msgs/include/gazebo_msgs/gazebo_msgs/srv/detail/set_joint_trajectory__type_support.cpp
[100.038s] -- Installing: /home/sentry_ws/src/install/gazebo_msgs/include/gazebo_msgs/gazebo_msgs/srv/detail/get_model_properties__type_support.cpp
[100.623s] -- Installing: /home/sentry_ws/src/install/gazebo_msgs/include/gazebo_msgs/gazebo_msgs/srv/detail/set_link_state__rosidl_typesupport_introspection_cpp.hpp
[100.693s] -- Installing: /home/sentry_ws/src/install/gazebo_msgs/include/gazebo_msgs/gazebo_msgs/srv/detail/set_joint_trajectory__rosidl_typesupport_introspection_cpp.hpp
[100.826s] -- Installing: /home/sentry_ws/src/install/gazebo_msgs/include/gazebo_msgs/gazebo_msgs/srv/detail/delete_model__type_support.cpp
[100.923s] -- Installing: /home/sentry_ws/src/install/gazebo_msgs/include/gazebo_msgs/gazebo_msgs/srv/detail/delete_entity__rosidl_typesupport_introspection_cpp.hpp
[100.962s] -- Installing: /home/sentry_ws/src/install/gazebo_msgs/include/gazebo_msgs/gazebo_msgs/srv/detail/apply_joint_effort__type_support.cpp
[101.055s] -- Installing: /home/sentry_ws/src/install/gazebo_msgs/include/gazebo_msgs/gazebo_msgs/srv/detail/spawn_entity__rosidl_typesupport_introspection_cpp.hpp
[101.126s] -- Installing: /home/sentry_ws/src/install/gazebo_msgs/include/gazebo_msgs/gazebo_msgs/srv/detail/get_joint_properties__rosidl_typesupport_introspection_cpp.hpp
[101.179s] -- Installing: /home/sentry_ws/src/install/gazebo_msgs/include/gazebo_msgs/gazebo_msgs/srv/detail/get_link_state__rosidl_typesupport_introspection_cpp.hpp
[101.218s] -- Installing: /home/sentry_ws/src/install/gazebo_msgs/include/gazebo_msgs/gazebo_msgs/srv/detail/joint_request__rosidl_typesupport_introspection_cpp.hpp
[101.241s] -- Installing: /home/sentry_ws/src/install/gazebo_msgs/include/gazebo_msgs/gazebo_msgs/srv/detail/joint_request__type_support.cpp
[101.564s] -- Installing: /home/sentry_ws/src/install/gazebo_msgs/include/gazebo_msgs/gazebo_msgs/srv/detail/set_physics_properties__rosidl_typesupport_introspection_cpp.hpp
[101.738s] -- Installing: /home/sentry_ws/src/install/gazebo_msgs/include/gazebo_msgs/gazebo_msgs/srv/detail/delete_light__rosidl_typesupport_introspection_cpp.hpp
[101.898s] -- Installing: /home/sentry_ws/src/install/gazebo_msgs/include/gazebo_msgs/gazebo_msgs/srv/detail/get_model_properties__rosidl_typesupport_introspection_cpp.hpp
[101.965s] -- Installing: /home/sentry_ws/src/install/gazebo_msgs/include/gazebo_msgs/gazebo_msgs/srv/detail/set_model_state__type_support.cpp
[101.965s] -- Installing: /home/sentry_ws/src/install/gazebo_msgs/include/gazebo_msgs/gazebo_msgs/srv/detail/get_link_properties__rosidl_typesupport_introspection_cpp.hpp
[102.036s] -- Installing: /home/sentry_ws/src/install/gazebo_msgs/include/gazebo_msgs/gazebo_msgs/srv/detail/get_entity_state__rosidl_typesupport_introspection_cpp.hpp
[102.046s] -- Installing: /home/sentry_ws/src/install/gazebo_msgs/include/gazebo_msgs/gazebo_msgs/srv/detail/set_joint_properties__type_support.cpp
[102.113s] -- Installing: /home/sentry_ws/src/install/gazebo_msgs/include/gazebo_msgs/gazebo_msgs/srv/detail/get_model_state__rosidl_typesupport_introspection_cpp.hpp
[102.153s] -- Installing: /home/sentry_ws/src/install/gazebo_msgs/include/gazebo_msgs/gazebo_msgs/srv/detail/get_world_properties__rosidl_typesupport_introspection_cpp.hpp
[102.185s] -- Installing: /home/sentry_ws/src/install/gazebo_msgs/include/gazebo_msgs/gazebo_msgs/srv/detail/apply_body_wrench__rosidl_typesupport_introspection_cpp.hpp
[102.233s] -- Installing: /home/sentry_ws/src/install/gazebo_msgs/include/gazebo_msgs/gazebo_msgs/srv/detail/set_physics_properties__type_support.cpp
[102.234s] -- Installing: /home/sentry_ws/src/install/gazebo_msgs/include/gazebo_msgs/gazebo_msgs/srv/detail/get_light_properties__type_support.cpp
[102.313s] -- Installing: /home/sentry_ws/src/install/gazebo_msgs/include/gazebo_msgs/gazebo_msgs/srv/detail/set_light_properties__rosidl_typesupport_introspection_cpp.hpp
[102.411s] -- Installing: /home/sentry_ws/src/install/gazebo_msgs/include/gazebo_msgs/gazebo_msgs/srv/detail/apply_joint_effort__rosidl_typesupport_introspection_cpp.hpp
[102.460s] -- Installing: /home/sentry_ws/src/install/gazebo_msgs/include/gazebo_msgs/gazebo_msgs/srv/detail/get_physics_properties__type_support.cpp
[102.552s] -- Installing: /home/sentry_ws/src/install/gazebo_msgs/include/gazebo_msgs/gazebo_msgs/srv/detail/body_request__type_support.cpp
[102.554s] -- Installing: /home/sentry_ws/src/install/gazebo_msgs/include/gazebo_msgs/gazebo_msgs/srv/detail/set_model_configuration__type_support.cpp
[102.699s] -- Installing: /home/sentry_ws/src/install/gazebo_msgs/include/gazebo_msgs/gazebo_msgs/srv/detail/apply_link_wrench__rosidl_typesupport_introspection_cpp.hpp
[102.724s] -- Installing: /home/sentry_ws/src/install/gazebo_msgs/include/gazebo_msgs/gazebo_msgs/srv/detail/get_model_state__type_support.cpp
[102.731s] -- Up-to-date: /home/sentry_ws/src/install/gazebo_msgs/include/gazebo_msgs/gazebo_msgs/msg
[102.731s] -- Up-to-date: /home/sentry_ws/src/install/gazebo_msgs/include/gazebo_msgs/gazebo_msgs/msg/detail
[102.731s] -- Installing: /home/sentry_ws/src/install/gazebo_msgs/include/gazebo_msgs/gazebo_msgs/msg/detail/sensor_performance_metric__type_support.cpp
[102.765s] -- Installing: /home/sentry_ws/src/install/gazebo_msgs/include/gazebo_msgs/gazebo_msgs/msg/detail/model_states__type_support.cpp
[102.802s] -- Installing: /home/sentry_ws/src/install/gazebo_msgs/include/gazebo_msgs/gazebo_msgs/msg/detail/ode_physics__type_support.cpp
[102.818s] -- Installing: /home/sentry_ws/src/install/gazebo_msgs/include/gazebo_msgs/gazebo_msgs/msg/detail/model_state__rosidl_typesupport_introspection_cpp.hpp
[103.000s] -- Installing: /home/sentry_ws/src/install/gazebo_msgs/include/gazebo_msgs/gazebo_msgs/msg/detail/performance_metrics__rosidl_typesupport_introspection_cpp.hpp
[103.287s] -- Installing: /home/sentry_ws/src/install/gazebo_msgs/include/gazebo_msgs/gazebo_msgs/msg/detail/ode_physics__rosidl_typesupport_introspection_cpp.hpp
[103.305s] -- Installing: /home/sentry_ws/src/install/gazebo_msgs/include/gazebo_msgs/gazebo_msgs/msg/detail/ode_joint_properties__type_support.cpp
[103.498s] -- Installing: /home/sentry_ws/src/install/gazebo_msgs/include/gazebo_msgs/gazebo_msgs/msg/detail/model_states__rosidl_typesupport_introspection_cpp.hpp
[103.523s] -- Installing: /home/sentry_ws/src/install/gazebo_msgs/include/gazebo_msgs/gazebo_msgs/msg/detail/contacts_state__type_support.cpp
[103.667s] -- Installing: /home/sentry_ws/src/install/gazebo_msgs/include/gazebo_msgs/gazebo_msgs/msg/detail/sensor_performance_metric__rosidl_typesupport_introspection_cpp.hpp
[103.699s] -- Installing: /home/sentry_ws/src/install/gazebo_msgs/include/gazebo_msgs/gazebo_msgs/msg/detail/wheel_slip__type_support.cpp
[103.743s] -- Installing: /home/sentry_ws/src/install/gazebo_msgs/include/gazebo_msgs/gazebo_msgs/msg/detail/model_state__type_support.cpp
[103.879s] -- Installing: /home/sentry_ws/src/install/gazebo_msgs/include/gazebo_msgs/gazebo_msgs/msg/detail/contacts_state__rosidl_typesupport_introspection_cpp.hpp
[103.988s] -- Installing: /home/sentry_ws/src/install/gazebo_msgs/include/gazebo_msgs/gazebo_msgs/msg/detail/entity_state__rosidl_typesupport_introspection_cpp.hpp
[104.167s] -- Installing: /home/sentry_ws/src/install/gazebo_msgs/include/gazebo_msgs/gazebo_msgs/msg/detail/contact_state__type_support.cpp
[104.216s] -- Installing: /home/sentry_ws/src/install/gazebo_msgs/include/gazebo_msgs/gazebo_msgs/msg/detail/link_states__rosidl_typesupport_introspection_cpp.hpp
[104.288s] -- Installing: /home/sentry_ws/src/install/gazebo_msgs/include/gazebo_msgs/gazebo_msgs/msg/detail/wheel_slip__rosidl_typesupport_introspection_cpp.hpp
[104.388s] -- Installing: /home/sentry_ws/src/install/gazebo_msgs/include/gazebo_msgs/gazebo_msgs/msg/detail/performance_metrics__type_support.cpp
[104.389s] -- Installing: /home/sentry_ws/src/install/gazebo_msgs/include/gazebo_msgs/gazebo_msgs/msg/detail/ode_joint_properties__rosidl_typesupport_introspection_cpp.hpp
[104.530s] -- Installing: /home/sentry_ws/src/install/gazebo_msgs/include/gazebo_msgs/gazebo_msgs/msg/detail/world_state__type_support.cpp
[104.570s] -- Installing: /home/sentry_ws/src/install/gazebo_msgs/include/gazebo_msgs/gazebo_msgs/msg/detail/link_state__type_support.cpp
[104.572s] -- Installing: /home/sentry_ws/src/install/gazebo_msgs/include/gazebo_msgs/gazebo_msgs/msg/detail/world_state__rosidl_typesupport_introspection_cpp.hpp
[104.708s] -- Installing: /home/sentry_ws/src/install/gazebo_msgs/include/gazebo_msgs/gazebo_msgs/msg/detail/entity_state__type_support.cpp
[104.777s] -- Installing: /home/sentry_ws/src/install/gazebo_msgs/include/gazebo_msgs/gazebo_msgs/msg/detail/link_states__type_support.cpp
[104.835s] -- Installing: /home/sentry_ws/src/install/gazebo_msgs/include/gazebo_msgs/gazebo_msgs/msg/detail/link_state__rosidl_typesupport_introspection_cpp.hpp
[104.911s] -- Installing: /home/sentry_ws/src/install/gazebo_msgs/include/gazebo_msgs/gazebo_msgs/msg/detail/contact_state__rosidl_typesupport_introspection_cpp.hpp
[104.995s] -- Installing: /home/sentry_ws/src/install/gazebo_msgs/lib/libgazebo_msgs__rosidl_typesupport_introspection_cpp.so
[104.996s] -- Set runtime path of "/home/sentry_ws/src/install/gazebo_msgs/lib/libgazebo_msgs__rosidl_typesupport_introspection_cpp.so" to ""
[104.996s] -- Installing: /home/sentry_ws/src/install/gazebo_msgs/lib/libgazebo_msgs__rosidl_typesupport_cpp.so
[105.424s] -- Set runtime path of "/home/sentry_ws/src/install/gazebo_msgs/lib/libgazebo_msgs__rosidl_typesupport_cpp.so" to ""
[105.425s] -- Installing: /home/sentry_ws/src/install/gazebo_msgs/share/gazebo_msgs/environment/pythonpath.sh
[105.450s] -- Installing: /home/sentry_ws/src/install/gazebo_msgs/share/gazebo_msgs/environment/pythonpath.dsv
[105.477s] -- Installing: /home/sentry_ws/src/install/gazebo_msgs/local/lib/python3.10/dist-packages/gazebo_msgs-3.9.0-py3.10.egg-info
[105.477s] -- Installing: /home/sentry_ws/src/install/gazebo_msgs/local/lib/python3.10/dist-packages/gazebo_msgs-3.9.0-py3.10.egg-info/dependency_links.txt
[105.537s] -- Installing: /home/sentry_ws/src/install/gazebo_msgs/local/lib/python3.10/dist-packages/gazebo_msgs-3.9.0-py3.10.egg-info/top_level.txt
[105.538s] -- Installing: /home/sentry_ws/src/install/gazebo_msgs/local/lib/python3.10/dist-packages/gazebo_msgs-3.9.0-py3.10.egg-info/PKG-INFO
[105.550s] -- Installing: /home/sentry_ws/src/install/gazebo_msgs/local/lib/python3.10/dist-packages/gazebo_msgs-3.9.0-py3.10.egg-info/SOURCES.txt
[105.556s] -- Installing: /home/sentry_ws/src/install/gazebo_msgs/local/lib/python3.10/dist-packages/gazebo_msgs
[105.556s] -- Installing: /home/sentry_ws/src/install/gazebo_msgs/local/lib/python3.10/dist-packages/gazebo_msgs/__init__.py
[105.557s] -- Installing: /home/sentry_ws/src/install/gazebo_msgs/local/lib/python3.10/dist-packages/gazebo_msgs/gazebo_msgs_s__rosidl_typesupport_c.cpython-310-x86_64-linux-gnu.so
[105.558s] -- Installing: /home/sentry_ws/src/install/gazebo_msgs/local/lib/python3.10/dist-packages/gazebo_msgs/srv
[105.558s] -- Installing: /home/sentry_ws/src/install/gazebo_msgs/local/lib/python3.10/dist-packages/gazebo_msgs/srv/_apply_joint_effort.py
[105.559s] -- Installing: /home/sentry_ws/src/install/gazebo_msgs/local/lib/python3.10/dist-packages/gazebo_msgs/srv/__init__.py
[105.559s] -- Installing: /home/sentry_ws/src/install/gazebo_msgs/local/lib/python3.10/dist-packages/gazebo_msgs/srv/_get_link_state_s.c
[105.559s] -- Installing: /home/sentry_ws/src/install/gazebo_msgs/local/lib/python3.10/dist-packages/gazebo_msgs/srv/_set_model_state_s.c
[105.560s] -- Installing: /home/sentry_ws/src/install/gazebo_msgs/local/lib/python3.10/dist-packages/gazebo_msgs/srv/_apply_body_wrench.py
[105.560s] -- Installing: /home/sentry_ws/src/install/gazebo_msgs/local/lib/python3.10/dist-packages/gazebo_msgs/srv/_get_light_properties_s.c
[105.561s] -- Installing: /home/sentry_ws/src/install/gazebo_msgs/local/lib/python3.10/dist-packages/gazebo_msgs/srv/_delete_model_s.c
[105.561s] -- Installing: /home/sentry_ws/src/install/gazebo_msgs/local/lib/python3.10/dist-packages/gazebo_msgs/srv/_set_joint_properties_s.c
[105.562s] -- Installing: /home/sentry_ws/src/install/gazebo_msgs/local/lib/python3.10/dist-packages/gazebo_msgs/srv/_link_request_s.c
[105.562s] -- Installing: /home/sentry_ws/src/install/gazebo_msgs/local/lib/python3.10/dist-packages/gazebo_msgs/srv/_link_request.py
[105.562s] -- Installing: /home/sentry_ws/src/install/gazebo_msgs/local/lib/python3.10/dist-packages/gazebo_msgs/srv/_body_request.py
[105.563s] -- Installing: /home/sentry_ws/src/install/gazebo_msgs/local/lib/python3.10/dist-packages/gazebo_msgs/srv/_joint_request_s.c
[105.563s] -- Installing: /home/sentry_ws/src/install/gazebo_msgs/local/lib/python3.10/dist-packages/gazebo_msgs/srv/_get_model_properties.py
[105.563s] -- Installing: /home/sentry_ws/src/install/gazebo_msgs/local/lib/python3.10/dist-packages/gazebo_msgs/srv/_set_link_state.py
[105.563s] -- Installing: /home/sentry_ws/src/install/gazebo_msgs/local/lib/python3.10/dist-packages/gazebo_msgs/srv/_spawn_entity_s.c
[105.563s] -- Installing: /home/sentry_ws/src/install/gazebo_msgs/local/lib/python3.10/dist-packages/gazebo_msgs/srv/_set_physics_properties_s.c
[105.563s] -- Installing: /home/sentry_ws/src/install/gazebo_msgs/local/lib/python3.10/dist-packages/gazebo_msgs/srv/_get_entity_state.py
[105.564s] -- Installing: /home/sentry_ws/src/install/gazebo_msgs/local/lib/python3.10/dist-packages/gazebo_msgs/srv/_set_link_properties_s.c
[105.564s] -- Installing: /home/sentry_ws/src/install/gazebo_msgs/local/lib/python3.10/dist-packages/gazebo_msgs/srv/_set_joint_properties.py
[105.564s] -- Installing: /home/sentry_ws/src/install/gazebo_msgs/local/lib/python3.10/dist-packages/gazebo_msgs/srv/_delete_model.py
[105.564s] -- Installing: /home/sentry_ws/src/install/gazebo_msgs/local/lib/python3.10/dist-packages/gazebo_msgs/srv/_spawn_model.py
[105.564s] -- Installing: /home/sentry_ws/src/install/gazebo_msgs/local/lib/python3.10/dist-packages/gazebo_msgs/srv/_set_link_state_s.c
[105.564s] -- Installing: /home/sentry_ws/src/install/gazebo_msgs/local/lib/python3.10/dist-packages/gazebo_msgs/srv/_set_light_properties_s.c
[105.564s] -- Installing: /home/sentry_ws/src/install/gazebo_msgs/local/lib/python3.10/dist-packages/gazebo_msgs/srv/_get_world_properties_s.c
[105.565s] -- Installing: /home/sentry_ws/src/install/gazebo_msgs/local/lib/python3.10/dist-packages/gazebo_msgs/srv/_set_model_configuration_s.c
[105.565s] -- Installing: /home/sentry_ws/src/install/gazebo_msgs/local/lib/python3.10/dist-packages/gazebo_msgs/srv/_set_entity_state.py
[105.565s] -- Installing: /home/sentry_ws/src/install/gazebo_msgs/local/lib/python3.10/dist-packages/gazebo_msgs/srv/_set_joint_trajectory_s.c
[105.565s] -- Installing: /home/sentry_ws/src/install/gazebo_msgs/local/lib/python3.10/dist-packages/gazebo_msgs/srv/_get_joint_properties_s.c
[105.565s] -- Installing: /home/sentry_ws/src/install/gazebo_msgs/local/lib/python3.10/dist-packages/gazebo_msgs/srv/_apply_body_wrench_s.c
[105.565s] -- Installing: /home/sentry_ws/src/install/gazebo_msgs/local/lib/python3.10/dist-packages/gazebo_msgs/srv/_apply_joint_effort_s.c
[105.565s] -- Installing: /home/sentry_ws/src/install/gazebo_msgs/local/lib/python3.10/dist-packages/gazebo_msgs/srv/_get_physics_properties.py
[105.566s] -- Installing: /home/sentry_ws/src/install/gazebo_msgs/local/lib/python3.10/dist-packages/gazebo_msgs/srv/_set_physics_properties.py
[105.566s] -- Installing: /home/sentry_ws/src/install/gazebo_msgs/local/lib/python3.10/dist-packages/gazebo_msgs/srv/_set_model_configuration.py
[105.566s] -- Installing: /home/sentry_ws/src/install/gazebo_msgs/local/lib/python3.10/dist-packages/gazebo_msgs/srv/_delete_light_s.c
[105.566s] -- Installing: /home/sentry_ws/src/install/gazebo_msgs/local/lib/python3.10/dist-packages/gazebo_msgs/srv/_set_light_properties.py
[105.566s] -- Installing: /home/sentry_ws/src/install/gazebo_msgs/local/lib/python3.10/dist-packages/gazebo_msgs/srv/_get_light_properties.py
[105.566s] -- Installing: /home/sentry_ws/src/install/gazebo_msgs/local/lib/python3.10/dist-packages/gazebo_msgs/srv/_get_link_properties_s.c
[105.567s] -- Installing: /home/sentry_ws/src/install/gazebo_msgs/local/lib/python3.10/dist-packages/gazebo_msgs/srv/_delete_entity_s.c
[105.567s] -- Installing: /home/sentry_ws/src/install/gazebo_msgs/local/lib/python3.10/dist-packages/gazebo_msgs/srv/_set_entity_state_s.c
[105.567s] -- Installing: /home/sentry_ws/src/install/gazebo_msgs/local/lib/python3.10/dist-packages/gazebo_msgs/srv/_get_physics_properties_s.c
[105.567s] -- Installing: /home/sentry_ws/src/install/gazebo_msgs/local/lib/python3.10/dist-packages/gazebo_msgs/srv/_get_model_list_s.c
[105.567s] -- Installing: /home/sentry_ws/src/install/gazebo_msgs/local/lib/python3.10/dist-packages/gazebo_msgs/srv/_get_model_list.py
[105.567s] -- Installing: /home/sentry_ws/src/install/gazebo_msgs/local/lib/python3.10/dist-packages/gazebo_msgs/srv/_spawn_model_s.c
[105.568s] -- Installing: /home/sentry_ws/src/install/gazebo_msgs/local/lib/python3.10/dist-packages/gazebo_msgs/srv/_get_world_properties.py
[105.569s] -- Installing: /home/sentry_ws/src/install/gazebo_msgs/local/lib/python3.10/dist-packages/gazebo_msgs/srv/_get_entity_state_s.c
[105.570s] -- Installing: /home/sentry_ws/src/install/gazebo_msgs/local/lib/python3.10/dist-packages/gazebo_msgs/srv/_set_model_state.py
[105.570s] -- Installing: /home/sentry_ws/src/install/gazebo_msgs/local/lib/python3.10/dist-packages/gazebo_msgs/srv/_delete_entity.py
[105.570s] -- Installing: /home/sentry_ws/src/install/gazebo_msgs/local/lib/python3.10/dist-packages/gazebo_msgs/srv/_get_model_state.py
[105.570s] -- Installing: /home/sentry_ws/src/install/gazebo_msgs/local/lib/python3.10/dist-packages/gazebo_msgs/srv/_delete_light.py
[105.570s] -- Installing: /home/sentry_ws/src/install/gazebo_msgs/local/lib/python3.10/dist-packages/gazebo_msgs/srv/_body_request_s.c
[105.570s] -- Installing: /home/sentry_ws/src/install/gazebo_msgs/local/lib/python3.10/dist-packages/gazebo_msgs/srv/_get_joint_properties.py
[105.570s] -- Installing: /home/sentry_ws/src/install/gazebo_msgs/local/lib/python3.10/dist-packages/gazebo_msgs/srv/_set_joint_trajectory.py
[105.571s] -- Installing: /home/sentry_ws/src/install/gazebo_msgs/local/lib/python3.10/dist-packages/gazebo_msgs/srv/_get_link_state.py
[105.571s] -- Installing: /home/sentry_ws/src/install/gazebo_msgs/local/lib/python3.10/dist-packages/gazebo_msgs/srv/_apply_link_wrench_s.c
[105.571s] -- Installing: /home/sentry_ws/src/install/gazebo_msgs/local/lib/python3.10/dist-packages/gazebo_msgs/srv/_get_model_state_s.c
[105.571s] -- Installing: /home/sentry_ws/src/install/gazebo_msgs/local/lib/python3.10/dist-packages/gazebo_msgs/srv/_set_link_properties.py
[105.571s] -- Installing: /home/sentry_ws/src/install/gazebo_msgs/local/lib/python3.10/dist-packages/gazebo_msgs/srv/_get_model_properties_s.c
[105.571s] -- Installing: /home/sentry_ws/src/install/gazebo_msgs/local/lib/python3.10/dist-packages/gazebo_msgs/srv/_get_link_properties.py
[105.571s] -- Installing: /home/sentry_ws/src/install/gazebo_msgs/local/lib/python3.10/dist-packages/gazebo_msgs/srv/_joint_request.py
[105.571s] -- Installing: /home/sentry_ws/src/install/gazebo_msgs/local/lib/python3.10/dist-packages/gazebo_msgs/srv/_apply_link_wrench.py
[105.571s] -- Installing: /home/sentry_ws/src/install/gazebo_msgs/local/lib/python3.10/dist-packages/gazebo_msgs/srv/_spawn_entity.py
[105.571s] -- Installing: /home/sentry_ws/src/install/gazebo_msgs/local/lib/python3.10/dist-packages/gazebo_msgs/_gazebo_msgs_s.ep.rosidl_typesupport_fastrtps_c.c
[105.571s] -- Installing: /home/sentry_ws/src/install/gazebo_msgs/local/lib/python3.10/dist-packages/gazebo_msgs/libgazebo_msgs__rosidl_generator_py.so
[105.571s] -- Installing: /home/sentry_ws/src/install/gazebo_msgs/local/lib/python3.10/dist-packages/gazebo_msgs/_gazebo_msgs_s.ep.rosidl_typesupport_c.c
[105.572s] -- Installing: /home/sentry_ws/src/install/gazebo_msgs/local/lib/python3.10/dist-packages/gazebo_msgs/_gazebo_msgs_s.ep.rosidl_typesupport_introspection_c.c
[105.573s] -- Installing: /home/sentry_ws/src/install/gazebo_msgs/local/lib/python3.10/dist-packages/gazebo_msgs/msg
[105.573s] -- Installing: /home/sentry_ws/src/install/gazebo_msgs/local/lib/python3.10/dist-packages/gazebo_msgs/msg/__init__.py
[105.573s] -- Installing: /home/sentry_ws/src/install/gazebo_msgs/local/lib/python3.10/dist-packages/gazebo_msgs/msg/_model_states.py
[105.573s] -- Installing: /home/sentry_ws/src/install/gazebo_msgs/local/lib/python3.10/dist-packages/gazebo_msgs/msg/_ode_joint_properties.py
[105.573s] -- Installing: /home/sentry_ws/src/install/gazebo_msgs/local/lib/python3.10/dist-packages/gazebo_msgs/msg/_link_states_s.c
[105.573s] -- Installing: /home/sentry_ws/src/install/gazebo_msgs/local/lib/python3.10/dist-packages/gazebo_msgs/msg/_sensor_performance_metric.py
[105.573s] -- Installing: /home/sentry_ws/src/install/gazebo_msgs/local/lib/python3.10/dist-packages/gazebo_msgs/msg/_model_state.py
[105.574s] -- Installing: /home/sentry_ws/src/install/gazebo_msgs/local/lib/python3.10/dist-packages/gazebo_msgs/msg/_link_state_s.c
[105.574s] -- Installing: /home/sentry_ws/src/install/gazebo_msgs/local/lib/python3.10/dist-packages/gazebo_msgs/msg/_contact_state.py
[105.574s] -- Installing: /home/sentry_ws/src/install/gazebo_msgs/local/lib/python3.10/dist-packages/gazebo_msgs/msg/_sensor_performance_metric_s.c
[105.574s] -- Installing: /home/sentry_ws/src/install/gazebo_msgs/local/lib/python3.10/dist-packages/gazebo_msgs/msg/_contacts_state_s.c
[105.574s] -- Installing: /home/sentry_ws/src/install/gazebo_msgs/local/lib/python3.10/dist-packages/gazebo_msgs/msg/_contact_state_s.c
[105.574s] -- Installing: /home/sentry_ws/src/install/gazebo_msgs/local/lib/python3.10/dist-packages/gazebo_msgs/msg/_world_state_s.c
[105.574s] -- Installing: /home/sentry_ws/src/install/gazebo_msgs/local/lib/python3.10/dist-packages/gazebo_msgs/msg/_model_state_s.c
[105.575s] -- Installing: /home/sentry_ws/src/install/gazebo_msgs/local/lib/python3.10/dist-packages/gazebo_msgs/msg/_link_state.py
[105.575s] -- Installing: /home/sentry_ws/src/install/gazebo_msgs/local/lib/python3.10/dist-packages/gazebo_msgs/msg/_model_states_s.c
[105.575s] -- Installing: /home/sentry_ws/src/install/gazebo_msgs/local/lib/python3.10/dist-packages/gazebo_msgs/msg/_ode_physics_s.c
[105.575s] -- Installing: /home/sentry_ws/src/install/gazebo_msgs/local/lib/python3.10/dist-packages/gazebo_msgs/msg/_ode_physics.py
[105.575s] -- Installing: /home/sentry_ws/src/install/gazebo_msgs/local/lib/python3.10/dist-packages/gazebo_msgs/msg/_performance_metrics_s.c
[105.575s] -- Installing: /home/sentry_ws/src/install/gazebo_msgs/local/lib/python3.10/dist-packages/gazebo_msgs/msg/_wheel_slip_s.c
[105.575s] -- Installing: /home/sentry_ws/src/install/gazebo_msgs/local/lib/python3.10/dist-packages/gazebo_msgs/msg/_entity_state_s.c
[105.576s] -- Installing: /home/sentry_ws/src/install/gazebo_msgs/local/lib/python3.10/dist-packages/gazebo_msgs/msg/_entity_state.py
[105.576s] -- Installing: /home/sentry_ws/src/install/gazebo_msgs/local/lib/python3.10/dist-packages/gazebo_msgs/msg/_wheel_slip.py
[105.576s] -- Installing: /home/sentry_ws/src/install/gazebo_msgs/local/lib/python3.10/dist-packages/gazebo_msgs/msg/_performance_metrics.py
[105.576s] -- Installing: /home/sentry_ws/src/install/gazebo_msgs/local/lib/python3.10/dist-packages/gazebo_msgs/msg/_contacts_state.py
[105.576s] -- Installing: /home/sentry_ws/src/install/gazebo_msgs/local/lib/python3.10/dist-packages/gazebo_msgs/msg/_world_state.py
[105.576s] -- Installing: /home/sentry_ws/src/install/gazebo_msgs/local/lib/python3.10/dist-packages/gazebo_msgs/msg/_link_states.py
[105.576s] -- Installing: /home/sentry_ws/src/install/gazebo_msgs/local/lib/python3.10/dist-packages/gazebo_msgs/msg/_ode_joint_properties_s.c
[105.577s] -- Installing: /home/sentry_ws/src/install/gazebo_msgs/local/lib/python3.10/dist-packages/gazebo_msgs/gazebo_msgs_s__rosidl_typesupport_introspection_c.cpython-310-x86_64-linux-gnu.so
[105.577s] -- Installing: /home/sentry_ws/src/install/gazebo_msgs/local/lib/python3.10/dist-packages/gazebo_msgs/gazebo_msgs_s__rosidl_typesupport_fastrtps_c.cpython-310-x86_64-linux-gnu.so
[105.656s] Listing '/home/sentry_ws/src/install/gazebo_msgs/local/lib/python3.10/dist-packages/gazebo_msgs'...
[105.656s] Compiling '/home/sentry_ws/src/install/gazebo_msgs/local/lib/python3.10/dist-packages/gazebo_msgs/__init__.py'...
[105.656s] Listing '/home/sentry_ws/src/install/gazebo_msgs/local/lib/python3.10/dist-packages/gazebo_msgs/msg'...
[105.656s] Compiling '/home/sentry_ws/src/install/gazebo_msgs/local/lib/python3.10/dist-packages/gazebo_msgs/msg/__init__.py'...
[105.656s] Compiling '/home/sentry_ws/src/install/gazebo_msgs/local/lib/python3.10/dist-packages/gazebo_msgs/msg/_contact_state.py'...
[105.656s] Compiling '/home/sentry_ws/src/install/gazebo_msgs/local/lib/python3.10/dist-packages/gazebo_msgs/msg/_contacts_state.py'...
[105.657s] Compiling '/home/sentry_ws/src/install/gazebo_msgs/local/lib/python3.10/dist-packages/gazebo_msgs/msg/_entity_state.py'...
[105.657s] Compiling '/home/sentry_ws/src/install/gazebo_msgs/local/lib/python3.10/dist-packages/gazebo_msgs/msg/_link_state.py'...
[105.657s] Compiling '/home/sentry_ws/src/install/gazebo_msgs/local/lib/python3.10/dist-packages/gazebo_msgs/msg/_link_states.py'...
[105.657s] Compiling '/home/sentry_ws/src/install/gazebo_msgs/local/lib/python3.10/dist-packages/gazebo_msgs/msg/_model_state.py'...
[105.657s] Compiling '/home/sentry_ws/src/install/gazebo_msgs/local/lib/python3.10/dist-packages/gazebo_msgs/msg/_model_states.py'...
[105.657s] Compiling '/home/sentry_ws/src/install/gazebo_msgs/local/lib/python3.10/dist-packages/gazebo_msgs/msg/_ode_joint_properties.py'...
[105.657s] Compiling '/home/sentry_ws/src/install/gazebo_msgs/local/lib/python3.10/dist-packages/gazebo_msgs/msg/_ode_physics.py'...
[105.657s] Compiling '/home/sentry_ws/src/install/gazebo_msgs/local/lib/python3.10/dist-packages/gazebo_msgs/msg/_performance_metrics.py'...
[105.657s] Compiling '/home/sentry_ws/src/install/gazebo_msgs/local/lib/python3.10/dist-packages/gazebo_msgs/msg/_sensor_performance_metric.py'...
[105.658s] Compiling '/home/sentry_ws/src/install/gazebo_msgs/local/lib/python3.10/dist-packages/gazebo_msgs/msg/_wheel_slip.py'...
[105.658s] Compiling '/home/sentry_ws/src/install/gazebo_msgs/local/lib/python3.10/dist-packages/gazebo_msgs/msg/_world_state.py'...
[105.658s] Listing '/home/sentry_ws/src/install/gazebo_msgs/local/lib/python3.10/dist-packages/gazebo_msgs/srv'...
[105.658s] Compiling '/home/sentry_ws/src/install/gazebo_msgs/local/lib/python3.10/dist-packages/gazebo_msgs/srv/__init__.py'...
[105.658s] Compiling '/home/sentry_ws/src/install/gazebo_msgs/local/lib/python3.10/dist-packages/gazebo_msgs/srv/_apply_body_wrench.py'...
[105.658s] Compiling '/home/sentry_ws/src/install/gazebo_msgs/local/lib/python3.10/dist-packages/gazebo_msgs/srv/_apply_joint_effort.py'...
[105.658s] Compiling '/home/sentry_ws/src/install/gazebo_msgs/local/lib/python3.10/dist-packages/gazebo_msgs/srv/_apply_link_wrench.py'...
[105.658s] Compiling '/home/sentry_ws/src/install/gazebo_msgs/local/lib/python3.10/dist-packages/gazebo_msgs/srv/_body_request.py'...
[105.658s] Compiling '/home/sentry_ws/src/install/gazebo_msgs/local/lib/python3.10/dist-packages/gazebo_msgs/srv/_delete_entity.py'...
[105.658s] Compiling '/home/sentry_ws/src/install/gazebo_msgs/local/lib/python3.10/dist-packages/gazebo_msgs/srv/_delete_light.py'...
[105.658s] Compiling '/home/sentry_ws/src/install/gazebo_msgs/local/lib/python3.10/dist-packages/gazebo_msgs/srv/_delete_model.py'...
[105.659s] Compiling '/home/sentry_ws/src/install/gazebo_msgs/local/lib/python3.10/dist-packages/gazebo_msgs/srv/_get_entity_state.py'...
[105.659s] Compiling '/home/sentry_ws/src/install/gazebo_msgs/local/lib/python3.10/dist-packages/gazebo_msgs/srv/_get_joint_properties.py'...
[105.659s] Compiling '/home/sentry_ws/src/install/gazebo_msgs/local/lib/python3.10/dist-packages/gazebo_msgs/srv/_get_light_properties.py'...
[105.659s] Compiling '/home/sentry_ws/src/install/gazebo_msgs/local/lib/python3.10/dist-packages/gazebo_msgs/srv/_get_link_properties.py'...
[105.659s] Compiling '/home/sentry_ws/src/install/gazebo_msgs/local/lib/python3.10/dist-packages/gazebo_msgs/srv/_get_link_state.py'...
[105.659s] Compiling '/home/sentry_ws/src/install/gazebo_msgs/local/lib/python3.10/dist-packages/gazebo_msgs/srv/_get_model_list.py'...
[105.659s] Compiling '/home/sentry_ws/src/install/gazebo_msgs/local/lib/python3.10/dist-packages/gazebo_msgs/srv/_get_model_properties.py'...
[105.659s] Compiling '/home/sentry_ws/src/install/gazebo_msgs/local/lib/python3.10/dist-packages/gazebo_msgs/srv/_get_model_state.py'...
[105.659s] Compiling '/home/sentry_ws/src/install/gazebo_msgs/local/lib/python3.10/dist-packages/gazebo_msgs/srv/_get_physics_properties.py'...
[105.660s] Compiling '/home/sentry_ws/src/install/gazebo_msgs/local/lib/python3.10/dist-packages/gazebo_msgs/srv/_get_world_properties.py'...
[105.660s] Compiling '/home/sentry_ws/src/install/gazebo_msgs/local/lib/python3.10/dist-packages/gazebo_msgs/srv/_joint_request.py'...
[105.660s] Compiling '/home/sentry_ws/src/install/gazebo_msgs/local/lib/python3.10/dist-packages/gazebo_msgs/srv/_link_request.py'...
[105.660s] Compiling '/home/sentry_ws/src/install/gazebo_msgs/local/lib/python3.10/dist-packages/gazebo_msgs/srv/_set_entity_state.py'...
[105.660s] Compiling '/home/sentry_ws/src/install/gazebo_msgs/local/lib/python3.10/dist-packages/gazebo_msgs/srv/_set_joint_properties.py'...
[105.660s] Compiling '/home/sentry_ws/src/install/gazebo_msgs/local/lib/python3.10/dist-packages/gazebo_msgs/srv/_set_joint_trajectory.py'...
[105.660s] Compiling '/home/sentry_ws/src/install/gazebo_msgs/local/lib/python3.10/dist-packages/gazebo_msgs/srv/_set_light_properties.py'...
[105.660s] Compiling '/home/sentry_ws/src/install/gazebo_msgs/local/lib/python3.10/dist-packages/gazebo_msgs/srv/_set_link_properties.py'...
[105.660s] Compiling '/home/sentry_ws/src/install/gazebo_msgs/local/lib/python3.10/dist-packages/gazebo_msgs/srv/_set_link_state.py'...
[105.660s] Compiling '/home/sentry_ws/src/install/gazebo_msgs/local/lib/python3.10/dist-packages/gazebo_msgs/srv/_set_model_configuration.py'...
[105.660s] Compiling '/home/sentry_ws/src/install/gazebo_msgs/local/lib/python3.10/dist-packages/gazebo_msgs/srv/_set_model_state.py'...
[105.660s] Compiling '/home/sentry_ws/src/install/gazebo_msgs/local/lib/python3.10/dist-packages/gazebo_msgs/srv/_set_physics_properties.py'...
[105.660s] Compiling '/home/sentry_ws/src/install/gazebo_msgs/local/lib/python3.10/dist-packages/gazebo_msgs/srv/_spawn_entity.py'...
[105.660s] Compiling '/home/sentry_ws/src/install/gazebo_msgs/local/lib/python3.10/dist-packages/gazebo_msgs/srv/_spawn_model.py'...
[105.660s] -- Installing: /home/sentry_ws/src/install/gazebo_msgs/local/lib/python3.10/dist-packages/gazebo_msgs/gazebo_msgs_s__rosidl_typesupport_fastrtps_c.cpython-310-x86_64-linux-gnu.so
[105.661s] -- Set runtime path of "/home/sentry_ws/src/install/gazebo_msgs/local/lib/python3.10/dist-packages/gazebo_msgs/gazebo_msgs_s__rosidl_typesupport_fastrtps_c.cpython-310-x86_64-linux-gnu.so" to ""
[105.661s] -- Installing: /home/sentry_ws/src/install/gazebo_msgs/local/lib/python3.10/dist-packages/gazebo_msgs/gazebo_msgs_s__rosidl_typesupport_introspection_c.cpython-310-x86_64-linux-gnu.so
[105.663s] -- Set runtime path of "/home/sentry_ws/src/install/gazebo_msgs/local/lib/python3.10/dist-packages/gazebo_msgs/gazebo_msgs_s__rosidl_typesupport_introspection_c.cpython-310-x86_64-linux-gnu.so" to ""
[105.664s] -- Installing: /home/sentry_ws/src/install/gazebo_msgs/local/lib/python3.10/dist-packages/gazebo_msgs/gazebo_msgs_s__rosidl_typesupport_c.cpython-310-x86_64-linux-gnu.so
[105.665s] -- Set runtime path of "/home/sentry_ws/src/install/gazebo_msgs/local/lib/python3.10/dist-packages/gazebo_msgs/gazebo_msgs_s__rosidl_typesupport_c.cpython-310-x86_64-linux-gnu.so" to ""
[105.665s] -- Installing: /home/sentry_ws/src/install/gazebo_msgs/lib/libgazebo_msgs__rosidl_generator_py.so
[105.668s] -- Set runtime path of "/home/sentry_ws/src/install/gazebo_msgs/lib/libgazebo_msgs__rosidl_generator_py.so" to ""
[105.668s] -- Installing: /home/sentry_ws/src/install/gazebo_msgs/share/gazebo_msgs/msg/ContactState.idl
[105.668s] -- Installing: /home/sentry_ws/src/install/gazebo_msgs/share/gazebo_msgs/msg/ContactsState.idl
[105.669s] -- Installing: /home/sentry_ws/src/install/gazebo_msgs/share/gazebo_msgs/msg/EntityState.idl
[105.669s] -- Installing: /home/sentry_ws/src/install/gazebo_msgs/share/gazebo_msgs/msg/LinkState.idl
[105.670s] -- Installing: /home/sentry_ws/src/install/gazebo_msgs/share/gazebo_msgs/msg/LinkStates.idl
[105.670s] -- Installing: /home/sentry_ws/src/install/gazebo_msgs/share/gazebo_msgs/msg/ModelState.idl
[105.670s] -- Installing: /home/sentry_ws/src/install/gazebo_msgs/share/gazebo_msgs/msg/ModelStates.idl
[105.671s] -- Installing: /home/sentry_ws/src/install/gazebo_msgs/share/gazebo_msgs/msg/ODEJointProperties.idl
[105.671s] -- Installing: /home/sentry_ws/src/install/gazebo_msgs/share/gazebo_msgs/msg/ODEPhysics.idl
[105.671s] -- Installing: /home/sentry_ws/src/install/gazebo_msgs/share/gazebo_msgs/msg/PerformanceMetrics.idl
[105.671s] -- Installing: /home/sentry_ws/src/install/gazebo_msgs/share/gazebo_msgs/msg/SensorPerformanceMetric.idl
[105.671s] -- Installing: /home/sentry_ws/src/install/gazebo_msgs/share/gazebo_msgs/msg/WheelSlip.idl
[105.672s] -- Installing: /home/sentry_ws/src/install/gazebo_msgs/share/gazebo_msgs/msg/WorldState.idl
[105.672s] -- Installing: /home/sentry_ws/src/install/gazebo_msgs/share/gazebo_msgs/srv/ApplyBodyWrench.idl
[105.672s] -- Installing: /home/sentry_ws/src/install/gazebo_msgs/share/gazebo_msgs/srv/ApplyLinkWrench.idl
[105.672s] -- Installing: /home/sentry_ws/src/install/gazebo_msgs/share/gazebo_msgs/srv/ApplyJointEffort.idl
[105.672s] -- Installing: /home/sentry_ws/src/install/gazebo_msgs/share/gazebo_msgs/srv/BodyRequest.idl
[105.673s] -- Installing: /home/sentry_ws/src/install/gazebo_msgs/share/gazebo_msgs/srv/DeleteEntity.idl
[105.673s] -- Installing: /home/sentry_ws/src/install/gazebo_msgs/share/gazebo_msgs/srv/DeleteLight.idl
[105.673s] -- Installing: /home/sentry_ws/src/install/gazebo_msgs/share/gazebo_msgs/srv/DeleteModel.idl
[105.673s] -- Installing: /home/sentry_ws/src/install/gazebo_msgs/share/gazebo_msgs/srv/GetJointProperties.idl
[105.673s] -- Installing: /home/sentry_ws/src/install/gazebo_msgs/share/gazebo_msgs/srv/GetEntityState.idl
[105.674s] -- Installing: /home/sentry_ws/src/install/gazebo_msgs/share/gazebo_msgs/srv/GetLightProperties.idl
[105.674s] -- Installing: /home/sentry_ws/src/install/gazebo_msgs/share/gazebo_msgs/srv/GetLinkProperties.idl
[105.674s] -- Installing: /home/sentry_ws/src/install/gazebo_msgs/share/gazebo_msgs/srv/GetLinkState.idl
[105.674s] -- Installing: /home/sentry_ws/src/install/gazebo_msgs/share/gazebo_msgs/srv/GetModelList.idl
[105.674s] -- Installing: /home/sentry_ws/src/install/gazebo_msgs/share/gazebo_msgs/srv/GetModelProperties.idl
[105.675s] -- Installing: /home/sentry_ws/src/install/gazebo_msgs/share/gazebo_msgs/srv/GetModelState.idl
[105.675s] -- Installing: /home/sentry_ws/src/install/gazebo_msgs/share/gazebo_msgs/srv/GetPhysicsProperties.idl
[105.675s] -- Installing: /home/sentry_ws/src/install/gazebo_msgs/share/gazebo_msgs/srv/GetWorldProperties.idl
[105.675s] -- Installing: /home/sentry_ws/src/install/gazebo_msgs/share/gazebo_msgs/srv/JointRequest.idl
[105.675s] -- Installing: /home/sentry_ws/src/install/gazebo_msgs/share/gazebo_msgs/srv/LinkRequest.idl
[105.676s] -- Installing: /home/sentry_ws/src/install/gazebo_msgs/share/gazebo_msgs/srv/SetEntityState.idl
[105.676s] -- Installing: /home/sentry_ws/src/install/gazebo_msgs/share/gazebo_msgs/srv/SetJointProperties.idl
[105.676s] -- Installing: /home/sentry_ws/src/install/gazebo_msgs/share/gazebo_msgs/srv/SetJointTrajectory.idl
[105.676s] -- Installing: /home/sentry_ws/src/install/gazebo_msgs/share/gazebo_msgs/srv/SetLightProperties.idl
[105.676s] -- Installing: /home/sentry_ws/src/install/gazebo_msgs/share/gazebo_msgs/srv/SetLinkProperties.idl
[105.677s] -- Installing: /home/sentry_ws/src/install/gazebo_msgs/share/gazebo_msgs/srv/SetLinkState.idl
[105.677s] -- Installing: /home/sentry_ws/src/install/gazebo_msgs/share/gazebo_msgs/srv/SetModelConfiguration.idl
[105.677s] -- Installing: /home/sentry_ws/src/install/gazebo_msgs/share/gazebo_msgs/srv/SetModelState.idl
[105.677s] -- Installing: /home/sentry_ws/src/install/gazebo_msgs/share/gazebo_msgs/srv/SetPhysicsProperties.idl
[105.677s] -- Installing: /home/sentry_ws/src/install/gazebo_msgs/share/gazebo_msgs/srv/SpawnEntity.idl
[105.678s] -- Installing: /home/sentry_ws/src/install/gazebo_msgs/share/gazebo_msgs/srv/SpawnModel.idl
[105.678s] -- Installing: /home/sentry_ws/src/install/gazebo_msgs/share/gazebo_msgs/msg/ContactState.msg
[105.706s] -- Installing: /home/sentry_ws/src/install/gazebo_msgs/share/gazebo_msgs/msg/ContactsState.msg
[105.720s] -- Installing: /home/sentry_ws/src/install/gazebo_msgs/share/gazebo_msgs/msg/EntityState.msg
[105.721s] -- Installing: /home/sentry_ws/src/install/gazebo_msgs/share/gazebo_msgs/msg/LinkState.msg
[105.745s] -- Installing: /home/sentry_ws/src/install/gazebo_msgs/share/gazebo_msgs/msg/LinkStates.msg
[105.751s] -- Installing: /home/sentry_ws/src/install/gazebo_msgs/share/gazebo_msgs/msg/ModelState.msg
[105.797s] -- Installing: /home/sentry_ws/src/install/gazebo_msgs/share/gazebo_msgs/msg/ModelStates.msg
[105.823s] -- Installing: /home/sentry_ws/src/install/gazebo_msgs/share/gazebo_msgs/msg/ODEJointProperties.msg
[105.865s] -- Installing: /home/sentry_ws/src/install/gazebo_msgs/share/gazebo_msgs/msg/ODEPhysics.msg
[105.892s] -- Installing: /home/sentry_ws/src/install/gazebo_msgs/share/gazebo_msgs/msg/PerformanceMetrics.msg
[105.921s] -- Installing: /home/sentry_ws/src/install/gazebo_msgs/share/gazebo_msgs/msg/SensorPerformanceMetric.msg
[105.969s] -- Installing: /home/sentry_ws/src/install/gazebo_msgs/share/gazebo_msgs/msg/WheelSlip.msg
[106.003s] -- Installing: /home/sentry_ws/src/install/gazebo_msgs/share/gazebo_msgs/msg/WorldState.msg
[106.059s] -- Installing: /home/sentry_ws/src/install/gazebo_msgs/share/gazebo_msgs/srv/ApplyBodyWrench.srv
[106.120s] -- Installing: /home/sentry_ws/src/install/gazebo_msgs/share/gazebo_msgs/srv/ApplyBodyWrench_Request.msg
[106.161s] -- Installing: /home/sentry_ws/src/install/gazebo_msgs/share/gazebo_msgs/srv/ApplyBodyWrench_Response.msg
[106.218s] -- Installing: /home/sentry_ws/src/install/gazebo_msgs/share/gazebo_msgs/srv/ApplyLinkWrench.srv
[106.262s] -- Installing: /home/sentry_ws/src/install/gazebo_msgs/share/gazebo_msgs/srv/ApplyLinkWrench_Request.msg
[106.295s] -- Installing: /home/sentry_ws/src/install/gazebo_msgs/share/gazebo_msgs/srv/ApplyLinkWrench_Response.msg
[106.346s] -- Installing: /home/sentry_ws/src/install/gazebo_msgs/share/gazebo_msgs/srv/ApplyJointEffort.srv
[106.407s] -- Installing: /home/sentry_ws/src/install/gazebo_msgs/share/gazebo_msgs/srv/ApplyJointEffort_Request.msg
[106.420s] -- Installing: /home/sentry_ws/src/install/gazebo_msgs/share/gazebo_msgs/srv/ApplyJointEffort_Response.msg
[106.433s] -- Installing: /home/sentry_ws/src/install/gazebo_msgs/share/gazebo_msgs/srv/BodyRequest.srv
[106.451s] -- Installing: /home/sentry_ws/src/install/gazebo_msgs/share/gazebo_msgs/srv/BodyRequest_Request.msg
[106.495s] -- Installing: /home/sentry_ws/src/install/gazebo_msgs/share/gazebo_msgs/srv/BodyRequest_Response.msg
[106.515s] -- Installing: /home/sentry_ws/src/install/gazebo_msgs/share/gazebo_msgs/srv/DeleteEntity.srv
[106.559s] -- Installing: /home/sentry_ws/src/install/gazebo_msgs/share/gazebo_msgs/srv/DeleteEntity_Request.msg
[106.584s] -- Installing: /home/sentry_ws/src/install/gazebo_msgs/share/gazebo_msgs/srv/DeleteEntity_Response.msg
[106.591s] -- Installing: /home/sentry_ws/src/install/gazebo_msgs/share/gazebo_msgs/srv/DeleteLight.srv
[106.618s] -- Installing: /home/sentry_ws/src/install/gazebo_msgs/share/gazebo_msgs/srv/DeleteLight_Request.msg
[106.751s] -- Installing: /home/sentry_ws/src/install/gazebo_msgs/share/gazebo_msgs/srv/DeleteLight_Response.msg
[106.767s] -- Installing: /home/sentry_ws/src/install/gazebo_msgs/share/gazebo_msgs/srv/DeleteModel.srv
[106.807s] -- Installing: /home/sentry_ws/src/install/gazebo_msgs/share/gazebo_msgs/srv/DeleteModel_Request.msg
[106.830s] -- Installing: /home/sentry_ws/src/install/gazebo_msgs/share/gazebo_msgs/srv/DeleteModel_Response.msg
[106.831s] -- Installing: /home/sentry_ws/src/install/gazebo_msgs/share/gazebo_msgs/srv/GetJointProperties.srv
[106.843s] -- Installing: /home/sentry_ws/src/install/gazebo_msgs/share/gazebo_msgs/srv/GetJointProperties_Request.msg
[107.012s] -- Installing: /home/sentry_ws/src/install/gazebo_msgs/share/gazebo_msgs/srv/GetJointProperties_Response.msg
[107.057s] -- Installing: /home/sentry_ws/src/install/gazebo_msgs/share/gazebo_msgs/srv/GetEntityState.srv
[107.066s] -- Installing: /home/sentry_ws/src/install/gazebo_msgs/share/gazebo_msgs/srv/GetEntityState_Request.msg
[107.098s] -- Installing: /home/sentry_ws/src/install/gazebo_msgs/share/gazebo_msgs/srv/GetEntityState_Response.msg
[107.117s] -- Installing: /home/sentry_ws/src/install/gazebo_msgs/share/gazebo_msgs/srv/GetLightProperties.srv
[107.170s] -- Installing: /home/sentry_ws/src/install/gazebo_msgs/share/gazebo_msgs/srv/GetLightProperties_Request.msg
[107.188s] -- Installing: /home/sentry_ws/src/install/gazebo_msgs/share/gazebo_msgs/srv/GetLightProperties_Response.msg
[107.198s] -- Installing: /home/sentry_ws/src/install/gazebo_msgs/share/gazebo_msgs/srv/GetLinkProperties.srv
[107.199s] -- Installing: /home/sentry_ws/src/install/gazebo_msgs/share/gazebo_msgs/srv/GetLinkProperties_Request.msg
[107.219s] -- Installing: /home/sentry_ws/src/install/gazebo_msgs/share/gazebo_msgs/srv/GetLinkProperties_Response.msg
[107.226s] -- Installing: /home/sentry_ws/src/install/gazebo_msgs/share/gazebo_msgs/srv/GetLinkState.srv
[107.228s] -- Installing: /home/sentry_ws/src/install/gazebo_msgs/share/gazebo_msgs/srv/GetLinkState_Request.msg
[107.244s] -- Installing: /home/sentry_ws/src/install/gazebo_msgs/share/gazebo_msgs/srv/GetLinkState_Response.msg
[107.281s] -- Installing: /home/sentry_ws/src/install/gazebo_msgs/share/gazebo_msgs/srv/GetModelList.srv
[107.307s] -- Installing: /home/sentry_ws/src/install/gazebo_msgs/share/gazebo_msgs/srv/GetModelList_Request.msg
[107.308s] -- Installing: /home/sentry_ws/src/install/gazebo_msgs/share/gazebo_msgs/srv/GetModelList_Response.msg
[107.310s] -- Installing: /home/sentry_ws/src/install/gazebo_msgs/share/gazebo_msgs/srv/GetModelProperties.srv
[107.347s] -- Installing: /home/sentry_ws/src/install/gazebo_msgs/share/gazebo_msgs/srv/GetModelProperties_Request.msg
[107.364s] -- Installing: /home/sentry_ws/src/install/gazebo_msgs/share/gazebo_msgs/srv/GetModelProperties_Response.msg
[107.414s] -- Installing: /home/sentry_ws/src/install/gazebo_msgs/share/gazebo_msgs/srv/GetModelState.srv
[107.459s] -- Installing: /home/sentry_ws/src/install/gazebo_msgs/share/gazebo_msgs/srv/GetModelState_Request.msg
[107.503s] -- Installing: /home/sentry_ws/src/install/gazebo_msgs/share/gazebo_msgs/srv/GetModelState_Response.msg
[107.504s] -- Installing: /home/sentry_ws/src/install/gazebo_msgs/share/gazebo_msgs/srv/GetPhysicsProperties.srv
[107.543s] -- Installing: /home/sentry_ws/src/install/gazebo_msgs/share/gazebo_msgs/srv/GetPhysicsProperties_Request.msg
[107.543s] -- Installing: /home/sentry_ws/src/install/gazebo_msgs/share/gazebo_msgs/srv/GetPhysicsProperties_Response.msg
[107.554s] -- Installing: /home/sentry_ws/src/install/gazebo_msgs/share/gazebo_msgs/srv/GetWorldProperties.srv
[107.579s] -- Installing: /home/sentry_ws/src/install/gazebo_msgs/share/gazebo_msgs/srv/GetWorldProperties_Request.msg
[107.582s] -- Installing: /home/sentry_ws/src/install/gazebo_msgs/share/gazebo_msgs/srv/GetWorldProperties_Response.msg
[107.601s] -- Installing: /home/sentry_ws/src/install/gazebo_msgs/share/gazebo_msgs/srv/JointRequest.srv
[107.605s] -- Installing: /home/sentry_ws/src/install/gazebo_msgs/share/gazebo_msgs/srv/JointRequest_Request.msg
[107.606s] -- Installing: /home/sentry_ws/src/install/gazebo_msgs/share/gazebo_msgs/srv/JointRequest_Response.msg
[107.639s] -- Installing: /home/sentry_ws/src/install/gazebo_msgs/share/gazebo_msgs/srv/LinkRequest.srv
[107.675s] -- Installing: /home/sentry_ws/src/install/gazebo_msgs/share/gazebo_msgs/srv/LinkRequest_Request.msg
[107.677s] -- Installing: /home/sentry_ws/src/install/gazebo_msgs/share/gazebo_msgs/srv/LinkRequest_Response.msg
[107.677s] -- Installing: /home/sentry_ws/src/install/gazebo_msgs/share/gazebo_msgs/srv/SetEntityState.srv
[107.678s] -- Installing: /home/sentry_ws/src/install/gazebo_msgs/share/gazebo_msgs/srv/SetEntityState_Request.msg
[107.679s] -- Installing: /home/sentry_ws/src/install/gazebo_msgs/share/gazebo_msgs/srv/SetEntityState_Response.msg
[107.680s] -- Installing: /home/sentry_ws/src/install/gazebo_msgs/share/gazebo_msgs/srv/SetJointProperties.srv
[107.681s] -- Installing: /home/sentry_ws/src/install/gazebo_msgs/share/gazebo_msgs/srv/SetJointProperties_Request.msg
[107.682s] -- Installing: /home/sentry_ws/src/install/gazebo_msgs/share/gazebo_msgs/srv/SetJointProperties_Response.msg
[107.682s] -- Installing: /home/sentry_ws/src/install/gazebo_msgs/share/gazebo_msgs/srv/SetJointTrajectory.srv
[107.683s] -- Installing: /home/sentry_ws/src/install/gazebo_msgs/share/gazebo_msgs/srv/SetJointTrajectory_Request.msg
[107.712s] -- Installing: /home/sentry_ws/src/install/gazebo_msgs/share/gazebo_msgs/srv/SetJointTrajectory_Response.msg
[107.764s] -- Installing: /home/sentry_ws/src/install/gazebo_msgs/share/gazebo_msgs/srv/SetLightProperties.srv
[107.833s] -- Installing: /home/sentry_ws/src/install/gazebo_msgs/share/gazebo_msgs/srv/SetLightProperties_Request.msg
[107.894s] -- Installing: /home/sentry_ws/src/install/gazebo_msgs/share/gazebo_msgs/srv/SetLightProperties_Response.msg
[107.940s] -- Installing: /home/sentry_ws/src/install/gazebo_msgs/share/gazebo_msgs/srv/SetLinkProperties.srv
[107.993s] -- Installing: /home/sentry_ws/src/install/gazebo_msgs/share/gazebo_msgs/srv/SetLinkProperties_Request.msg
[107.994s] -- Installing: /home/sentry_ws/src/install/gazebo_msgs/share/gazebo_msgs/srv/SetLinkProperties_Response.msg
[108.010s] -- Installing: /home/sentry_ws/src/install/gazebo_msgs/share/gazebo_msgs/srv/SetLinkState.srv
[108.044s] -- Installing: /home/sentry_ws/src/install/gazebo_msgs/share/gazebo_msgs/srv/SetLinkState_Request.msg
[108.100s] -- Installing: /home/sentry_ws/src/install/gazebo_msgs/share/gazebo_msgs/srv/SetLinkState_Response.msg
[108.109s] -- Installing: /home/sentry_ws/src/install/gazebo_msgs/share/gazebo_msgs/srv/SetModelConfiguration.srv
[108.152s] -- Installing: /home/sentry_ws/src/install/gazebo_msgs/share/gazebo_msgs/srv/SetModelConfiguration_Request.msg
[108.197s] -- Installing: /home/sentry_ws/src/install/gazebo_msgs/share/gazebo_msgs/srv/SetModelConfiguration_Response.msg
[108.212s] -- Installing: /home/sentry_ws/src/install/gazebo_msgs/share/gazebo_msgs/srv/SetModelState.srv
[108.229s] -- Installing: /home/sentry_ws/src/install/gazebo_msgs/share/gazebo_msgs/srv/SetModelState_Request.msg
[108.431s] -- Installing: /home/sentry_ws/src/install/gazebo_msgs/share/gazebo_msgs/srv/SetModelState_Response.msg
[108.501s] -- Installing: /home/sentry_ws/src/install/gazebo_msgs/share/gazebo_msgs/srv/SetPhysicsProperties.srv
[108.519s] -- Installing: /home/sentry_ws/src/install/gazebo_msgs/share/gazebo_msgs/srv/SetPhysicsProperties_Request.msg
[108.531s] -- Installing: /home/sentry_ws/src/install/gazebo_msgs/share/gazebo_msgs/srv/SetPhysicsProperties_Response.msg
[108.535s] -- Installing: /home/sentry_ws/src/install/gazebo_msgs/share/gazebo_msgs/srv/SpawnEntity.srv
[108.541s] -- Installing: /home/sentry_ws/src/install/gazebo_msgs/share/gazebo_msgs/srv/SpawnEntity_Request.msg
[108.613s] -- Installing: /home/sentry_ws/src/install/gazebo_msgs/share/gazebo_msgs/srv/SpawnEntity_Response.msg
[108.627s] -- Installing: /home/sentry_ws/src/install/gazebo_msgs/share/gazebo_msgs/srv/SpawnModel.srv
[108.652s] -- Installing: /home/sentry_ws/src/install/gazebo_msgs/share/gazebo_msgs/srv/SpawnModel_Request.msg
[108.656s] -- Installing: /home/sentry_ws/src/install/gazebo_msgs/share/gazebo_msgs/srv/SpawnModel_Response.msg
[108.659s] -- Installing: /home/sentry_ws/src/install/gazebo_msgs/share/ament_index/resource_index/package_run_dependencies/gazebo_msgs
[108.688s] -- Installing: /home/sentry_ws/src/install/gazebo_msgs/share/ament_index/resource_index/parent_prefix_path/gazebo_msgs
[108.692s] -- Installing: /home/sentry_ws/src/install/gazebo_msgs/share/gazebo_msgs/environment/ament_prefix_path.sh
[108.692s] -- Installing: /home/sentry_ws/src/install/gazebo_msgs/share/gazebo_msgs/environment/ament_prefix_path.dsv
[108.717s] -- Installing: /home/sentry_ws/src/install/gazebo_msgs/share/gazebo_msgs/environment/path.sh
[108.718s] -- Installing: /home/sentry_ws/src/install/gazebo_msgs/share/gazebo_msgs/environment/path.dsv
[108.731s] -- Installing: /home/sentry_ws/src/install/gazebo_msgs/share/gazebo_msgs/local_setup.bash
[108.735s] -- Installing: /home/sentry_ws/src/install/gazebo_msgs/share/gazebo_msgs/local_setup.sh
[108.738s] -- Installing: /home/sentry_ws/src/install/gazebo_msgs/share/gazebo_msgs/local_setup.zsh
[108.738s] -- Installing: /home/sentry_ws/src/install/gazebo_msgs/share/gazebo_msgs/local_setup.dsv
[108.744s] -- Installing: /home/sentry_ws/src/install/gazebo_msgs/share/gazebo_msgs/package.dsv
[108.776s] -- Installing: /home/sentry_ws/src/install/gazebo_msgs/share/ament_index/resource_index/packages/gazebo_msgs
[108.777s] -- Installing: /home/sentry_ws/src/install/gazebo_msgs/share/gazebo_msgs/cmake/export_gazebo_msgs__rosidl_generator_cExport.cmake
[108.812s] -- Installing: /home/sentry_ws/src/install/gazebo_msgs/share/gazebo_msgs/cmake/export_gazebo_msgs__rosidl_generator_cExport-noconfig.cmake
[108.829s] -- Installing: /home/sentry_ws/src/install/gazebo_msgs/share/gazebo_msgs/cmake/export_gazebo_msgs__rosidl_typesupport_fastrtps_cExport.cmake
[108.857s] -- Installing: /home/sentry_ws/src/install/gazebo_msgs/share/gazebo_msgs/cmake/export_gazebo_msgs__rosidl_typesupport_fastrtps_cExport-noconfig.cmake
[108.877s] -- Installing: /home/sentry_ws/src/install/gazebo_msgs/share/gazebo_msgs/cmake/export_gazebo_msgs__rosidl_generator_cppExport.cmake
[108.880s] -- Installing: /home/sentry_ws/src/install/gazebo_msgs/share/gazebo_msgs/cmake/export_gazebo_msgs__rosidl_typesupport_fastrtps_cppExport.cmake
[108.884s] -- Installing: /home/sentry_ws/src/install/gazebo_msgs/share/gazebo_msgs/cmake/export_gazebo_msgs__rosidl_typesupport_fastrtps_cppExport-noconfig.cmake
[108.895s] -- Installing: /home/sentry_ws/src/install/gazebo_msgs/share/gazebo_msgs/cmake/gazebo_msgs__rosidl_typesupport_introspection_cExport.cmake
[108.938s] -- Installing: /home/sentry_ws/src/install/gazebo_msgs/share/gazebo_msgs/cmake/gazebo_msgs__rosidl_typesupport_introspection_cExport-noconfig.cmake
[108.941s] -- Installing: /home/sentry_ws/src/install/gazebo_msgs/share/gazebo_msgs/cmake/gazebo_msgs__rosidl_typesupport_cExport.cmake
[109.001s] -- Installing: /home/sentry_ws/src/install/gazebo_msgs/share/gazebo_msgs/cmake/gazebo_msgs__rosidl_typesupport_cExport-noconfig.cmake
[109.123s] -- Installing: /home/sentry_ws/src/install/gazebo_msgs/share/gazebo_msgs/cmake/gazebo_msgs__rosidl_typesupport_introspection_cppExport.cmake
[109.136s] -- Installing: /home/sentry_ws/src/install/gazebo_msgs/share/gazebo_msgs/cmake/gazebo_msgs__rosidl_typesupport_introspection_cppExport-noconfig.cmake
[109.230s] -- Installing: /home/sentry_ws/src/install/gazebo_msgs/share/gazebo_msgs/cmake/gazebo_msgs__rosidl_typesupport_cppExport.cmake
[109.335s] -- Installing: /home/sentry_ws/src/install/gazebo_msgs/share/gazebo_msgs/cmake/gazebo_msgs__rosidl_typesupport_cppExport-noconfig.cmake
[109.439s] -- Installing: /home/sentry_ws/src/install/gazebo_msgs/share/gazebo_msgs/cmake/export_gazebo_msgs__rosidl_generator_pyExport.cmake
[109.519s] -- Installing: /home/sentry_ws/src/install/gazebo_msgs/share/gazebo_msgs/cmake/export_gazebo_msgs__rosidl_generator_pyExport-noconfig.cmake
[109.674s] -- Installing: /home/sentry_ws/src/install/gazebo_msgs/share/gazebo_msgs/cmake/gazebo_msgs-extras.cmake
[109.773s] -- Installing: /home/sentry_ws/src/install/gazebo_msgs/share/gazebo_msgs/cmake/rosidl_cmake-extras.cmake
[109.808s] -- Installing: /home/sentry_ws/src/install/gazebo_msgs/share/gazebo_msgs/cmake/ament_cmake_export_dependencies-extras.cmake
[109.840s] -- Installing: /home/sentry_ws/src/install/gazebo_msgs/share/gazebo_msgs/cmake/ament_cmake_export_include_directories-extras.cmake
[109.891s] -- Installing: /home/sentry_ws/src/install/gazebo_msgs/share/gazebo_msgs/cmake/ament_cmake_export_libraries-extras.cmake
[109.908s] -- Installing: /home/sentry_ws/src/install/gazebo_msgs/share/gazebo_msgs/cmake/ament_cmake_export_targets-extras.cmake
[109.938s] -- Installing: /home/sentry_ws/src/install/gazebo_msgs/share/gazebo_msgs/cmake/rosidl_cmake_export_typesupport_targets-extras.cmake
[110.054s] -- Installing: /home/sentry_ws/src/install/gazebo_msgs/share/gazebo_msgs/cmake/rosidl_cmake_export_typesupport_libraries-extras.cmake
[110.198s] -- Installing: /home/sentry_ws/src/install/gazebo_msgs/share/gazebo_msgs/cmake/gazebo_msgsConfig.cmake
[110.310s] -- Installing: /home/sentry_ws/src/install/gazebo_msgs/share/gazebo_msgs/cmake/gazebo_msgsConfig-version.cmake
[110.463s] -- Installing: /home/sentry_ws/src/install/gazebo_msgs/share/gazebo_msgs/package.xml
[110.484s] -- Installing: /home/sentry_ws/src/install/gazebo_msgs/share/gazebo_msgs/gazebo_msgs_mapping_rules.yaml
[110.755s] Invoked command in '/home/sentry_ws/src/build/gazebo_msgs' returned '0': CMAKE_PREFIX_PATH=${CMAKE_PREFIX_PATH}:/home/sentry_ws/install/control_panel:/opt/ros/humble /usr/bin/cmake --install /home/sentry_ws/src/build/gazebo_msgs
