[0.221s] DEBUG:colcon:Command line arguments: ['/usr/bin/colcon', 'build']
[0.221s] DEBUG:colcon:Parsed command line arguments: Namespace(log_base=None, log_level=None, verb_name='build', build_base='build', install_base='install', merge_install=False, symlink_install=False, test_result_base=None, continue_on_error=False, executor='parallel', parallel_workers=16, event_handlers=None, ignore_user_meta=False, metas=['./colcon.meta'], base_paths=['.'], packages_ignore=None, packages_ignore_regex=None, paths=None, packages_up_to=None, packages_up_to_regex=None, packages_above=None, packages_above_and_dependencies=None, packages_above_depth=None, packages_select_by_dep=None, packages_skip_by_dep=None, packages_skip_up_to=None, packages_select_build_failed=False, packages_skip_build_finished=False, packages_select_test_failures=False, packages_skip_test_passed=False, packages_select=None, packages_skip=None, packages_select_regex=None, packages_skip_regex=None, packages_start=None, packages_end=None, cmake_args=None, cmake_target=None, cmake_target_skip_unavailable=False, cmake_clean_cache=False, cmake_clean_first=False, cmake_force_configure=False, ament_cmake_args=None, catkin_cmake_args=None, catkin_skip_building_tests=False, mixin_files=None, mixin=None, verb_parser=<colcon_mixin.mixin.mixin_argument.MixinArgumentDecorator object at 0x7f508917a710>, verb_extension=<colcon_core.verb.build.BuildVerb object at 0x7f50890ca080>, main=<bound method BuildVerb.main of <colcon_core.verb.build.BuildVerb object at 0x7f50890ca080>>, mixin_verb=('build',))
[0.243s] Level 1:colcon.colcon_core.package_discovery:discover_packages(colcon_meta) check parameters
[0.244s] INFO:colcon.colcon_metadata.package_discovery.colcon_meta:Using configuration from '/root/.colcon/metadata/default/Gazebo.meta'
[0.244s] INFO:colcon.colcon_metadata.package_discovery.colcon_meta:Using configuration from '/root/.colcon/metadata/default/fastrtps.meta'
[0.244s] Level 1:colcon.colcon_core.package_discovery:discover_packages(recursive) check parameters
[0.244s] Level 1:colcon.colcon_core.package_discovery:discover_packages(ignore) check parameters
[0.244s] Level 1:colcon.colcon_core.package_discovery:discover_packages(path) check parameters
[0.244s] Level 1:colcon.colcon_core.package_discovery:discover_packages(colcon_meta) discover
[0.244s] Level 1:colcon.colcon_core.package_discovery:discover_packages(recursive) discover
[0.244s] INFO:colcon.colcon_core.package_discovery:Crawling recursively for packages in '/home/sentry_ws/src'
[0.245s] Level 1:colcon.colcon_core.package_identification:_identify(.) by extensions ['ignore', 'ignore_ament_install']
[0.245s] Level 1:colcon.colcon_core.package_identification:_identify(.) by extension 'ignore'
[0.245s] Level 1:colcon.colcon_core.package_identification:_identify(.) by extension 'ignore_ament_install'
[0.245s] Level 1:colcon.colcon_core.package_identification:_identify(.) by extensions ['colcon_pkg']
[0.245s] Level 1:colcon.colcon_core.package_identification:_identify(.) by extension 'colcon_pkg'
[0.245s] Level 1:colcon.colcon_core.package_identification:_identify(.) by extensions ['colcon_meta']
[0.245s] Level 1:colcon.colcon_core.package_identification:_identify(.) by extension 'colcon_meta'
[0.245s] Level 1:colcon.colcon_core.package_identification:_identify(.) by extensions ['ros']
[0.245s] Level 1:colcon.colcon_core.package_identification:_identify(.) by extension 'ros'
[0.253s] Level 1:colcon.colcon_core.package_identification:_identify(.) by extensions ['cmake', 'python']
[0.253s] Level 1:colcon.colcon_core.package_identification:_identify(.) by extension 'cmake'
[0.253s] Level 1:colcon.colcon_core.package_identification:_identify(.) by extension 'python'
[0.253s] Level 1:colcon.colcon_core.package_identification:_identify(.) by extensions ['python_setup_py']
[0.253s] Level 1:colcon.colcon_core.package_identification:_identify(.) by extension 'python_setup_py'
[0.253s] Level 1:colcon.colcon_core.package_identification:_identify(BehaviorTree.CPP) by extensions ['ignore', 'ignore_ament_install']
[0.253s] Level 1:colcon.colcon_core.package_identification:_identify(BehaviorTree.CPP) by extension 'ignore'
[0.253s] Level 1:colcon.colcon_core.package_identification:_identify(BehaviorTree.CPP) by extension 'ignore_ament_install'
[0.253s] Level 1:colcon.colcon_core.package_identification:_identify(BehaviorTree.CPP) by extensions ['colcon_pkg']
[0.253s] Level 1:colcon.colcon_core.package_identification:_identify(BehaviorTree.CPP) by extension 'colcon_pkg'
[0.253s] Level 1:colcon.colcon_core.package_identification:_identify(BehaviorTree.CPP) by extensions ['colcon_meta']
[0.253s] Level 1:colcon.colcon_core.package_identification:_identify(BehaviorTree.CPP) by extension 'colcon_meta'
[0.253s] Level 1:colcon.colcon_core.package_identification:_identify(BehaviorTree.CPP) by extensions ['ros']
[0.253s] Level 1:colcon.colcon_core.package_identification:_identify(BehaviorTree.CPP) by extension 'ros'
[0.258s] DEBUG:colcon.colcon_core.package_identification:Package 'BehaviorTree.CPP' with type 'ros.ament_cmake' and name 'behaviortree_cpp'
[0.258s] Level 1:colcon.colcon_core.package_identification:_identify(FAST_LIO) by extensions ['ignore', 'ignore_ament_install']
[0.258s] Level 1:colcon.colcon_core.package_identification:_identify(FAST_LIO) by extension 'ignore'
[0.258s] Level 1:colcon.colcon_core.package_identification:_identify(FAST_LIO) by extension 'ignore_ament_install'
[0.258s] Level 1:colcon.colcon_core.package_identification:_identify(FAST_LIO) by extensions ['colcon_pkg']
[0.258s] Level 1:colcon.colcon_core.package_identification:_identify(FAST_LIO) by extension 'colcon_pkg'
[0.258s] Level 1:colcon.colcon_core.package_identification:_identify(FAST_LIO) by extensions ['colcon_meta']
[0.258s] Level 1:colcon.colcon_core.package_identification:_identify(FAST_LIO) by extension 'colcon_meta'
[0.258s] Level 1:colcon.colcon_core.package_identification:_identify(FAST_LIO) by extensions ['ros']
[0.258s] Level 1:colcon.colcon_core.package_identification:_identify(FAST_LIO) by extension 'ros'
[0.259s] DEBUG:colcon.colcon_core.package_identification:Package 'FAST_LIO' with type 'ros.ament_cmake' and name 'fast_lio'
[0.259s] Level 1:colcon.colcon_core.package_identification:_identify(assert) by extensions ['ignore', 'ignore_ament_install']
[0.259s] Level 1:colcon.colcon_core.package_identification:_identify(assert) by extension 'ignore'
[0.259s] Level 1:colcon.colcon_core.package_identification:_identify(assert) by extension 'ignore_ament_install'
[0.259s] Level 1:colcon.colcon_core.package_identification:_identify(assert) by extensions ['colcon_pkg']
[0.259s] Level 1:colcon.colcon_core.package_identification:_identify(assert) by extension 'colcon_pkg'
[0.259s] Level 1:colcon.colcon_core.package_identification:_identify(assert) by extensions ['colcon_meta']
[0.259s] Level 1:colcon.colcon_core.package_identification:_identify(assert) by extension 'colcon_meta'
[0.259s] Level 1:colcon.colcon_core.package_identification:_identify(assert) by extensions ['ros']
[0.259s] Level 1:colcon.colcon_core.package_identification:_identify(assert) by extension 'ros'
[0.259s] Level 1:colcon.colcon_core.package_identification:_identify(assert) by extensions ['cmake', 'python']
[0.259s] Level 1:colcon.colcon_core.package_identification:_identify(assert) by extension 'cmake'
[0.260s] Level 1:colcon.colcon_core.package_identification:_identify(assert) by extension 'python'
[0.260s] Level 1:colcon.colcon_core.package_identification:_identify(assert) by extensions ['python_setup_py']
[0.260s] Level 1:colcon.colcon_core.package_identification:_identify(assert) by extension 'python_setup_py'
[0.260s] Level 1:colcon.colcon_core.package_identification:_identify(auto_aim_interfaces) by extensions ['ignore', 'ignore_ament_install']
[0.260s] Level 1:colcon.colcon_core.package_identification:_identify(auto_aim_interfaces) by extension 'ignore'
[0.260s] Level 1:colcon.colcon_core.package_identification:_identify(auto_aim_interfaces) by extension 'ignore_ament_install'
[0.260s] Level 1:colcon.colcon_core.package_identification:_identify(auto_aim_interfaces) by extensions ['colcon_pkg']
[0.260s] Level 1:colcon.colcon_core.package_identification:_identify(auto_aim_interfaces) by extension 'colcon_pkg'
[0.260s] Level 1:colcon.colcon_core.package_identification:_identify(auto_aim_interfaces) by extensions ['colcon_meta']
[0.260s] Level 1:colcon.colcon_core.package_identification:_identify(auto_aim_interfaces) by extension 'colcon_meta'
[0.260s] Level 1:colcon.colcon_core.package_identification:_identify(auto_aim_interfaces) by extensions ['ros']
[0.260s] Level 1:colcon.colcon_core.package_identification:_identify(auto_aim_interfaces) by extension 'ros'
[0.260s] DEBUG:colcon.colcon_core.package_identification:Package 'auto_aim_interfaces' with type 'ros.ament_cmake' and name 'auto_aim_interfaces'
[0.260s] Level 1:colcon.colcon_core.package_identification:_identify(autonomous_exploration_development_environment) by extensions ['ignore', 'ignore_ament_install']
[0.260s] Level 1:colcon.colcon_core.package_identification:_identify(autonomous_exploration_development_environment) by extension 'ignore'
[0.260s] Level 1:colcon.colcon_core.package_identification:_identify(autonomous_exploration_development_environment) by extension 'ignore_ament_install'
[0.260s] Level 1:colcon.colcon_core.package_identification:_identify(autonomous_exploration_development_environment) by extensions ['colcon_pkg']
[0.261s] Level 1:colcon.colcon_core.package_identification:_identify(autonomous_exploration_development_environment) by extension 'colcon_pkg'
[0.261s] Level 1:colcon.colcon_core.package_identification:_identify(autonomous_exploration_development_environment) by extensions ['colcon_meta']
[0.261s] Level 1:colcon.colcon_core.package_identification:_identify(autonomous_exploration_development_environment) by extension 'colcon_meta'
[0.261s] Level 1:colcon.colcon_core.package_identification:_identify(autonomous_exploration_development_environment) by extensions ['ros']
[0.261s] Level 1:colcon.colcon_core.package_identification:_identify(autonomous_exploration_development_environment) by extension 'ros'
[0.261s] Level 1:colcon.colcon_core.package_identification:_identify(autonomous_exploration_development_environment) by extensions ['cmake', 'python']
[0.261s] Level 1:colcon.colcon_core.package_identification:_identify(autonomous_exploration_development_environment) by extension 'cmake'
[0.261s] Level 1:colcon.colcon_core.package_identification:_identify(autonomous_exploration_development_environment) by extension 'python'
[0.261s] Level 1:colcon.colcon_core.package_identification:_identify(autonomous_exploration_development_environment) by extensions ['python_setup_py']
[0.261s] Level 1:colcon.colcon_core.package_identification:_identify(autonomous_exploration_development_environment) by extension 'python_setup_py'
[0.261s] Level 1:colcon.colcon_core.package_identification:_identify(autonomous_exploration_development_environment/img) by extensions ['ignore', 'ignore_ament_install']
[0.261s] Level 1:colcon.colcon_core.package_identification:_identify(autonomous_exploration_development_environment/img) by extension 'ignore'
[0.261s] Level 1:colcon.colcon_core.package_identification:_identify(autonomous_exploration_development_environment/img) by extension 'ignore_ament_install'
[0.261s] Level 1:colcon.colcon_core.package_identification:_identify(autonomous_exploration_development_environment/img) by extensions ['colcon_pkg']
[0.261s] Level 1:colcon.colcon_core.package_identification:_identify(autonomous_exploration_development_environment/img) by extension 'colcon_pkg'
[0.261s] Level 1:colcon.colcon_core.package_identification:_identify(autonomous_exploration_development_environment/img) by extensions ['colcon_meta']
[0.261s] Level 1:colcon.colcon_core.package_identification:_identify(autonomous_exploration_development_environment/img) by extension 'colcon_meta'
[0.261s] Level 1:colcon.colcon_core.package_identification:_identify(autonomous_exploration_development_environment/img) by extensions ['ros']
[0.261s] Level 1:colcon.colcon_core.package_identification:_identify(autonomous_exploration_development_environment/img) by extension 'ros'
[0.261s] Level 1:colcon.colcon_core.package_identification:_identify(autonomous_exploration_development_environment/img) by extensions ['cmake', 'python']
[0.261s] Level 1:colcon.colcon_core.package_identification:_identify(autonomous_exploration_development_environment/img) by extension 'cmake'
[0.261s] Level 1:colcon.colcon_core.package_identification:_identify(autonomous_exploration_development_environment/img) by extension 'python'
[0.261s] Level 1:colcon.colcon_core.package_identification:_identify(autonomous_exploration_development_environment/img) by extensions ['python_setup_py']
[0.261s] Level 1:colcon.colcon_core.package_identification:_identify(autonomous_exploration_development_environment/img) by extension 'python_setup_py'
[0.261s] Level 1:colcon.colcon_core.package_identification:_identify(autonomous_exploration_development_environment/src) by extensions ['ignore', 'ignore_ament_install']
[0.261s] Level 1:colcon.colcon_core.package_identification:_identify(autonomous_exploration_development_environment/src) by extension 'ignore'
[0.261s] Level 1:colcon.colcon_core.package_identification:_identify(autonomous_exploration_development_environment/src) by extension 'ignore_ament_install'
[0.262s] Level 1:colcon.colcon_core.package_identification:_identify(autonomous_exploration_development_environment/src) by extensions ['colcon_pkg']
[0.262s] Level 1:colcon.colcon_core.package_identification:_identify(autonomous_exploration_development_environment/src) by extension 'colcon_pkg'
[0.262s] Level 1:colcon.colcon_core.package_identification:_identify(autonomous_exploration_development_environment/src) by extensions ['colcon_meta']
[0.262s] Level 1:colcon.colcon_core.package_identification:_identify(autonomous_exploration_development_environment/src) by extension 'colcon_meta'
[0.262s] Level 1:colcon.colcon_core.package_identification:_identify(autonomous_exploration_development_environment/src) by extensions ['ros']
[0.262s] Level 1:colcon.colcon_core.package_identification:_identify(autonomous_exploration_development_environment/src) by extension 'ros'
[0.262s] Level 1:colcon.colcon_core.package_identification:_identify(autonomous_exploration_development_environment/src) by extensions ['cmake', 'python']
[0.262s] Level 1:colcon.colcon_core.package_identification:_identify(autonomous_exploration_development_environment/src) by extension 'cmake'
[0.262s] Level 1:colcon.colcon_core.package_identification:_identify(autonomous_exploration_development_environment/src) by extension 'python'
[0.262s] Level 1:colcon.colcon_core.package_identification:_identify(autonomous_exploration_development_environment/src) by extensions ['python_setup_py']
[0.262s] Level 1:colcon.colcon_core.package_identification:_identify(autonomous_exploration_development_environment/src) by extension 'python_setup_py'
[0.262s] Level 1:colcon.colcon_core.package_identification:_identify(autonomous_exploration_development_environment/src/sensor_scan_generation) by extensions ['ignore', 'ignore_ament_install']
[0.262s] Level 1:colcon.colcon_core.package_identification:_identify(autonomous_exploration_development_environment/src/sensor_scan_generation) by extension 'ignore'
[0.262s] Level 1:colcon.colcon_core.package_identification:_identify(autonomous_exploration_development_environment/src/sensor_scan_generation) by extension 'ignore_ament_install'
[0.262s] Level 1:colcon.colcon_core.package_identification:_identify(autonomous_exploration_development_environment/src/sensor_scan_generation) by extensions ['colcon_pkg']
[0.262s] Level 1:colcon.colcon_core.package_identification:_identify(autonomous_exploration_development_environment/src/sensor_scan_generation) by extension 'colcon_pkg'
[0.262s] Level 1:colcon.colcon_core.package_identification:_identify(autonomous_exploration_development_environment/src/sensor_scan_generation) by extensions ['colcon_meta']
[0.262s] Level 1:colcon.colcon_core.package_identification:_identify(autonomous_exploration_development_environment/src/sensor_scan_generation) by extension 'colcon_meta'
[0.262s] Level 1:colcon.colcon_core.package_identification:_identify(autonomous_exploration_development_environment/src/sensor_scan_generation) by extensions ['ros']
[0.262s] Level 1:colcon.colcon_core.package_identification:_identify(autonomous_exploration_development_environment/src/sensor_scan_generation) by extension 'ros'
[0.263s] DEBUG:colcon.colcon_core.package_identification:Package 'autonomous_exploration_development_environment/src/sensor_scan_generation' with type 'ros.ament_cmake' and name 'sensor_scan_generation'
[0.263s] Level 1:colcon.colcon_core.package_identification:_identify(autonomous_exploration_development_environment/src/terrain_analysis) by extensions ['ignore', 'ignore_ament_install']
[0.263s] Level 1:colcon.colcon_core.package_identification:_identify(autonomous_exploration_development_environment/src/terrain_analysis) by extension 'ignore'
[0.263s] Level 1:colcon.colcon_core.package_identification:_identify(autonomous_exploration_development_environment/src/terrain_analysis) by extension 'ignore_ament_install'
[0.263s] Level 1:colcon.colcon_core.package_identification:_identify(autonomous_exploration_development_environment/src/terrain_analysis) by extensions ['colcon_pkg']
[0.263s] Level 1:colcon.colcon_core.package_identification:_identify(autonomous_exploration_development_environment/src/terrain_analysis) by extension 'colcon_pkg'
[0.263s] Level 1:colcon.colcon_core.package_identification:_identify(autonomous_exploration_development_environment/src/terrain_analysis) by extensions ['colcon_meta']
[0.263s] Level 1:colcon.colcon_core.package_identification:_identify(autonomous_exploration_development_environment/src/terrain_analysis) by extension 'colcon_meta'
[0.263s] Level 1:colcon.colcon_core.package_identification:_identify(autonomous_exploration_development_environment/src/terrain_analysis) by extensions ['ros']
[0.263s] Level 1:colcon.colcon_core.package_identification:_identify(autonomous_exploration_development_environment/src/terrain_analysis) by extension 'ros'
[0.264s] DEBUG:colcon.colcon_core.package_identification:Package 'autonomous_exploration_development_environment/src/terrain_analysis' with type 'ros.ament_cmake' and name 'terrain_analysis'
[0.264s] Level 1:colcon.colcon_core.package_identification:_identify(autonomous_exploration_development_environment/src/terrain_analysis_ext) by extensions ['ignore', 'ignore_ament_install']
[0.264s] Level 1:colcon.colcon_core.package_identification:_identify(autonomous_exploration_development_environment/src/terrain_analysis_ext) by extension 'ignore'
[0.264s] Level 1:colcon.colcon_core.package_identification:_identify(autonomous_exploration_development_environment/src/terrain_analysis_ext) by extension 'ignore_ament_install'
[0.264s] Level 1:colcon.colcon_core.package_identification:_identify(autonomous_exploration_development_environment/src/terrain_analysis_ext) by extensions ['colcon_pkg']
[0.264s] Level 1:colcon.colcon_core.package_identification:_identify(autonomous_exploration_development_environment/src/terrain_analysis_ext) by extension 'colcon_pkg'
[0.264s] Level 1:colcon.colcon_core.package_identification:_identify(autonomous_exploration_development_environment/src/terrain_analysis_ext) by extensions ['colcon_meta']
[0.264s] Level 1:colcon.colcon_core.package_identification:_identify(autonomous_exploration_development_environment/src/terrain_analysis_ext) by extension 'colcon_meta'
[0.264s] Level 1:colcon.colcon_core.package_identification:_identify(autonomous_exploration_development_environment/src/terrain_analysis_ext) by extensions ['ros']
[0.265s] Level 1:colcon.colcon_core.package_identification:_identify(autonomous_exploration_development_environment/src/terrain_analysis_ext) by extension 'ros'
[0.265s] DEBUG:colcon.colcon_core.package_identification:Package 'autonomous_exploration_development_environment/src/terrain_analysis_ext' with type 'ros.ament_cmake' and name 'terrain_analysis_ext'
[0.265s] Level 1:colcon.colcon_core.package_identification:_identify(build) by extensions ['ignore', 'ignore_ament_install']
[0.265s] Level 1:colcon.colcon_core.package_identification:_identify(build) by extension 'ignore'
[0.265s] Level 1:colcon.colcon_core.package_identification:_identify(build) ignored
[0.266s] Level 1:colcon.colcon_core.package_identification:_identify(control_panel) by extensions ['ignore', 'ignore_ament_install']
[0.266s] Level 1:colcon.colcon_core.package_identification:_identify(control_panel) by extension 'ignore'
[0.266s] Level 1:colcon.colcon_core.package_identification:_identify(control_panel) by extension 'ignore_ament_install'
[0.266s] Level 1:colcon.colcon_core.package_identification:_identify(control_panel) by extensions ['colcon_pkg']
[0.266s] Level 1:colcon.colcon_core.package_identification:_identify(control_panel) by extension 'colcon_pkg'
[0.266s] Level 1:colcon.colcon_core.package_identification:_identify(control_panel) by extensions ['colcon_meta']
[0.266s] Level 1:colcon.colcon_core.package_identification:_identify(control_panel) by extension 'colcon_meta'
[0.266s] Level 1:colcon.colcon_core.package_identification:_identify(control_panel) by extensions ['ros']
[0.266s] Level 1:colcon.colcon_core.package_identification:_identify(control_panel) by extension 'ros'
[0.266s] DEBUG:colcon.colcon_core.package_identification:Package 'control_panel' with type 'ros.ament_python' and name 'control_panel'
[0.266s] Level 1:colcon.colcon_core.package_identification:_identify(gazebo_ros_pkgs) by extensions ['ignore', 'ignore_ament_install']
[0.266s] Level 1:colcon.colcon_core.package_identification:_identify(gazebo_ros_pkgs) by extension 'ignore'
[0.266s] Level 1:colcon.colcon_core.package_identification:_identify(gazebo_ros_pkgs) by extension 'ignore_ament_install'
[0.266s] Level 1:colcon.colcon_core.package_identification:_identify(gazebo_ros_pkgs) by extensions ['colcon_pkg']
[0.266s] Level 1:colcon.colcon_core.package_identification:_identify(gazebo_ros_pkgs) by extension 'colcon_pkg'
[0.267s] Level 1:colcon.colcon_core.package_identification:_identify(gazebo_ros_pkgs) by extensions ['colcon_meta']
[0.267s] Level 1:colcon.colcon_core.package_identification:_identify(gazebo_ros_pkgs) by extension 'colcon_meta'
[0.267s] Level 1:colcon.colcon_core.package_identification:_identify(gazebo_ros_pkgs) by extensions ['ros']
[0.267s] Level 1:colcon.colcon_core.package_identification:_identify(gazebo_ros_pkgs) by extension 'ros'
[0.267s] Level 1:colcon.colcon_core.package_identification:_identify(gazebo_ros_pkgs) by extensions ['cmake', 'python']
[0.267s] Level 1:colcon.colcon_core.package_identification:_identify(gazebo_ros_pkgs) by extension 'cmake'
[0.267s] Level 1:colcon.colcon_core.package_identification:_identify(gazebo_ros_pkgs) by extension 'python'
[0.267s] Level 1:colcon.colcon_core.package_identification:_identify(gazebo_ros_pkgs) by extensions ['python_setup_py']
[0.267s] Level 1:colcon.colcon_core.package_identification:_identify(gazebo_ros_pkgs) by extension 'python_setup_py'
[0.267s] Level 1:colcon.colcon_core.package_identification:_identify(gazebo_ros_pkgs/gazebo_dev) by extensions ['ignore', 'ignore_ament_install']
[0.267s] Level 1:colcon.colcon_core.package_identification:_identify(gazebo_ros_pkgs/gazebo_dev) by extension 'ignore'
[0.267s] Level 1:colcon.colcon_core.package_identification:_identify(gazebo_ros_pkgs/gazebo_dev) by extension 'ignore_ament_install'
[0.267s] Level 1:colcon.colcon_core.package_identification:_identify(gazebo_ros_pkgs/gazebo_dev) by extensions ['colcon_pkg']
[0.267s] Level 1:colcon.colcon_core.package_identification:_identify(gazebo_ros_pkgs/gazebo_dev) by extension 'colcon_pkg'
[0.268s] Level 1:colcon.colcon_core.package_identification:_identify(gazebo_ros_pkgs/gazebo_dev) by extensions ['colcon_meta']
[0.268s] Level 1:colcon.colcon_core.package_identification:_identify(gazebo_ros_pkgs/gazebo_dev) by extension 'colcon_meta'
[0.268s] Level 1:colcon.colcon_core.package_identification:_identify(gazebo_ros_pkgs/gazebo_dev) by extensions ['ros']
[0.268s] Level 1:colcon.colcon_core.package_identification:_identify(gazebo_ros_pkgs/gazebo_dev) by extension 'ros'
[0.269s] DEBUG:colcon.colcon_core.package_identification:Package 'gazebo_ros_pkgs/gazebo_dev' with type 'ros.ament_cmake' and name 'gazebo_dev'
[0.269s] Level 1:colcon.colcon_core.package_identification:_identify(gazebo_ros_pkgs/gazebo_msgs) by extensions ['ignore', 'ignore_ament_install']
[0.269s] Level 1:colcon.colcon_core.package_identification:_identify(gazebo_ros_pkgs/gazebo_msgs) by extension 'ignore'
[0.269s] Level 1:colcon.colcon_core.package_identification:_identify(gazebo_ros_pkgs/gazebo_msgs) by extension 'ignore_ament_install'
[0.269s] Level 1:colcon.colcon_core.package_identification:_identify(gazebo_ros_pkgs/gazebo_msgs) by extensions ['colcon_pkg']
[0.269s] Level 1:colcon.colcon_core.package_identification:_identify(gazebo_ros_pkgs/gazebo_msgs) by extension 'colcon_pkg'
[0.269s] Level 1:colcon.colcon_core.package_identification:_identify(gazebo_ros_pkgs/gazebo_msgs) by extensions ['colcon_meta']
[0.269s] Level 1:colcon.colcon_core.package_identification:_identify(gazebo_ros_pkgs/gazebo_msgs) by extension 'colcon_meta'
[0.270s] Level 1:colcon.colcon_core.package_identification:_identify(gazebo_ros_pkgs/gazebo_msgs) by extensions ['ros']
[0.270s] Level 1:colcon.colcon_core.package_identification:_identify(gazebo_ros_pkgs/gazebo_msgs) by extension 'ros'
[0.271s] DEBUG:colcon.colcon_core.package_identification:Package 'gazebo_ros_pkgs/gazebo_msgs' with type 'ros.ament_cmake' and name 'gazebo_msgs'
[0.271s] Level 1:colcon.colcon_core.package_identification:_identify(gazebo_ros_pkgs/gazebo_plugins) by extensions ['ignore', 'ignore_ament_install']
[0.271s] Level 1:colcon.colcon_core.package_identification:_identify(gazebo_ros_pkgs/gazebo_plugins) by extension 'ignore'
[0.271s] Level 1:colcon.colcon_core.package_identification:_identify(gazebo_ros_pkgs/gazebo_plugins) by extension 'ignore_ament_install'
[0.271s] Level 1:colcon.colcon_core.package_identification:_identify(gazebo_ros_pkgs/gazebo_plugins) by extensions ['colcon_pkg']
[0.271s] Level 1:colcon.colcon_core.package_identification:_identify(gazebo_ros_pkgs/gazebo_plugins) by extension 'colcon_pkg'
[0.271s] Level 1:colcon.colcon_core.package_identification:_identify(gazebo_ros_pkgs/gazebo_plugins) by extensions ['colcon_meta']
[0.271s] Level 1:colcon.colcon_core.package_identification:_identify(gazebo_ros_pkgs/gazebo_plugins) by extension 'colcon_meta'
[0.271s] Level 1:colcon.colcon_core.package_identification:_identify(gazebo_ros_pkgs/gazebo_plugins) by extensions ['ros']
[0.272s] Level 1:colcon.colcon_core.package_identification:_identify(gazebo_ros_pkgs/gazebo_plugins) by extension 'ros'
[0.272s] DEBUG:colcon.colcon_core.package_identification:Package 'gazebo_ros_pkgs/gazebo_plugins' with type 'ros.ament_cmake' and name 'gazebo_plugins'
[0.273s] Level 1:colcon.colcon_core.package_identification:_identify(gazebo_ros_pkgs/gazebo_ros) by extensions ['ignore', 'ignore_ament_install']
[0.273s] Level 1:colcon.colcon_core.package_identification:_identify(gazebo_ros_pkgs/gazebo_ros) by extension 'ignore'
[0.273s] Level 1:colcon.colcon_core.package_identification:_identify(gazebo_ros_pkgs/gazebo_ros) by extension 'ignore_ament_install'
[0.273s] Level 1:colcon.colcon_core.package_identification:_identify(gazebo_ros_pkgs/gazebo_ros) by extensions ['colcon_pkg']
[0.273s] Level 1:colcon.colcon_core.package_identification:_identify(gazebo_ros_pkgs/gazebo_ros) by extension 'colcon_pkg'
[0.273s] Level 1:colcon.colcon_core.package_identification:_identify(gazebo_ros_pkgs/gazebo_ros) by extensions ['colcon_meta']
[0.273s] Level 1:colcon.colcon_core.package_identification:_identify(gazebo_ros_pkgs/gazebo_ros) by extension 'colcon_meta'
[0.273s] Level 1:colcon.colcon_core.package_identification:_identify(gazebo_ros_pkgs/gazebo_ros) by extensions ['ros']
[0.273s] Level 1:colcon.colcon_core.package_identification:_identify(gazebo_ros_pkgs/gazebo_ros) by extension 'ros'
[0.274s] DEBUG:colcon.colcon_core.package_identification:Package 'gazebo_ros_pkgs/gazebo_ros' with type 'ros.ament_cmake' and name 'gazebo_ros'
[0.274s] Level 1:colcon.colcon_core.package_identification:_identify(gazebo_ros_pkgs/gazebo_ros_control) by extensions ['ignore', 'ignore_ament_install']
[0.274s] Level 1:colcon.colcon_core.package_identification:_identify(gazebo_ros_pkgs/gazebo_ros_control) by extension 'ignore'
[0.274s] Level 1:colcon.colcon_core.package_identification:_identify(gazebo_ros_pkgs/gazebo_ros_control) by extension 'ignore_ament_install'
[0.274s] Level 1:colcon.colcon_core.package_identification:_identify(gazebo_ros_pkgs/gazebo_ros_control) by extensions ['colcon_pkg']
[0.274s] Level 1:colcon.colcon_core.package_identification:_identify(gazebo_ros_pkgs/gazebo_ros_control) by extension 'colcon_pkg'
[0.274s] Level 1:colcon.colcon_core.package_identification:_identify(gazebo_ros_pkgs/gazebo_ros_control) by extensions ['colcon_meta']
[0.275s] Level 1:colcon.colcon_core.package_identification:_identify(gazebo_ros_pkgs/gazebo_ros_control) by extension 'colcon_meta'
[0.275s] Level 1:colcon.colcon_core.package_identification:_identify(gazebo_ros_pkgs/gazebo_ros_control) by extensions ['ros']
[0.275s] Level 1:colcon.colcon_core.package_identification:_identify(gazebo_ros_pkgs/gazebo_ros_control) by extension 'ros'
[0.275s] Level 1:colcon.colcon_core.package_identification:_identify(gazebo_ros_pkgs/gazebo_ros_control) by extensions ['cmake', 'python']
[0.275s] Level 1:colcon.colcon_core.package_identification:_identify(gazebo_ros_pkgs/gazebo_ros_control) by extension 'cmake'
[0.275s] Level 1:colcon.colcon_core.package_identification:_identify(gazebo_ros_pkgs/gazebo_ros_control) by extension 'python'
[0.275s] Level 1:colcon.colcon_core.package_identification:_identify(gazebo_ros_pkgs/gazebo_ros_control) by extensions ['python_setup_py']
[0.275s] Level 1:colcon.colcon_core.package_identification:_identify(gazebo_ros_pkgs/gazebo_ros_control) by extension 'python_setup_py'
[0.275s] Level 1:colcon.colcon_core.package_identification:_identify(gazebo_ros_pkgs/gazebo_ros_pkgs) by extensions ['ignore', 'ignore_ament_install']
[0.275s] Level 1:colcon.colcon_core.package_identification:_identify(gazebo_ros_pkgs/gazebo_ros_pkgs) by extension 'ignore'
[0.275s] Level 1:colcon.colcon_core.package_identification:_identify(gazebo_ros_pkgs/gazebo_ros_pkgs) by extension 'ignore_ament_install'
[0.275s] Level 1:colcon.colcon_core.package_identification:_identify(gazebo_ros_pkgs/gazebo_ros_pkgs) by extensions ['colcon_pkg']
[0.275s] Level 1:colcon.colcon_core.package_identification:_identify(gazebo_ros_pkgs/gazebo_ros_pkgs) by extension 'colcon_pkg'
[0.275s] Level 1:colcon.colcon_core.package_identification:_identify(gazebo_ros_pkgs/gazebo_ros_pkgs) by extensions ['colcon_meta']
[0.275s] Level 1:colcon.colcon_core.package_identification:_identify(gazebo_ros_pkgs/gazebo_ros_pkgs) by extension 'colcon_meta'
[0.275s] Level 1:colcon.colcon_core.package_identification:_identify(gazebo_ros_pkgs/gazebo_ros_pkgs) by extensions ['ros']
[0.275s] Level 1:colcon.colcon_core.package_identification:_identify(gazebo_ros_pkgs/gazebo_ros_pkgs) by extension 'ros'
[0.275s] DEBUG:colcon.colcon_core.package_identification:Package 'gazebo_ros_pkgs/gazebo_ros_pkgs' with type 'ros.ament_cmake' and name 'gazebo_ros_pkgs'
[0.276s] Level 1:colcon.colcon_core.package_identification:_identify(icp_relocalization) by extensions ['ignore', 'ignore_ament_install']
[0.276s] Level 1:colcon.colcon_core.package_identification:_identify(icp_relocalization) by extension 'ignore'
[0.276s] Level 1:colcon.colcon_core.package_identification:_identify(icp_relocalization) by extension 'ignore_ament_install'
[0.276s] Level 1:colcon.colcon_core.package_identification:_identify(icp_relocalization) by extensions ['colcon_pkg']
[0.276s] Level 1:colcon.colcon_core.package_identification:_identify(icp_relocalization) by extension 'colcon_pkg'
[0.276s] Level 1:colcon.colcon_core.package_identification:_identify(icp_relocalization) by extensions ['colcon_meta']
[0.276s] Level 1:colcon.colcon_core.package_identification:_identify(icp_relocalization) by extension 'colcon_meta'
[0.276s] Level 1:colcon.colcon_core.package_identification:_identify(icp_relocalization) by extensions ['ros']
[0.276s] Level 1:colcon.colcon_core.package_identification:_identify(icp_relocalization) by extension 'ros'
[0.276s] DEBUG:colcon.colcon_core.package_identification:Package 'icp_relocalization' with type 'ros.ament_cmake' and name 'icp_relocalization'
[0.276s] Level 1:colcon.colcon_core.package_identification:_identify(install) by extensions ['ignore', 'ignore_ament_install']
[0.276s] Level 1:colcon.colcon_core.package_identification:_identify(install) by extension 'ignore'
[0.276s] Level 1:colcon.colcon_core.package_identification:_identify(install) ignored
[0.276s] Level 1:colcon.colcon_core.package_identification:_identify(livox_ros_driver2) by extensions ['ignore', 'ignore_ament_install']
[0.276s] Level 1:colcon.colcon_core.package_identification:_identify(livox_ros_driver2) by extension 'ignore'
[0.276s] Level 1:colcon.colcon_core.package_identification:_identify(livox_ros_driver2) by extension 'ignore_ament_install'
[0.277s] Level 1:colcon.colcon_core.package_identification:_identify(livox_ros_driver2) by extensions ['colcon_pkg']
[0.277s] Level 1:colcon.colcon_core.package_identification:_identify(livox_ros_driver2) by extension 'colcon_pkg'
[0.277s] Level 1:colcon.colcon_core.package_identification:_identify(livox_ros_driver2) by extensions ['colcon_meta']
[0.277s] Level 1:colcon.colcon_core.package_identification:_identify(livox_ros_driver2) by extension 'colcon_meta'
[0.277s] Level 1:colcon.colcon_core.package_identification:_identify(livox_ros_driver2) by extensions ['ros']
[0.277s] Level 1:colcon.colcon_core.package_identification:_identify(livox_ros_driver2) by extension 'ros'
[0.281s] DEBUG:colcon.colcon_core.package_identification:Package 'livox_ros_driver2' with type 'ros.ament_cmake' and name 'livox_ros_driver2'
[0.282s] Level 1:colcon.colcon_core.package_identification:_identify(log) by extensions ['ignore', 'ignore_ament_install']
[0.282s] Level 1:colcon.colcon_core.package_identification:_identify(log) by extension 'ignore'
[0.282s] Level 1:colcon.colcon_core.package_identification:_identify(log) ignored
[0.282s] Level 1:colcon.colcon_core.package_identification:_identify(nav2_plugins) by extensions ['ignore', 'ignore_ament_install']
[0.282s] Level 1:colcon.colcon_core.package_identification:_identify(nav2_plugins) by extension 'ignore'
[0.282s] Level 1:colcon.colcon_core.package_identification:_identify(nav2_plugins) by extension 'ignore_ament_install'
[0.282s] Level 1:colcon.colcon_core.package_identification:_identify(nav2_plugins) by extensions ['colcon_pkg']
[0.282s] Level 1:colcon.colcon_core.package_identification:_identify(nav2_plugins) by extension 'colcon_pkg'
[0.282s] Level 1:colcon.colcon_core.package_identification:_identify(nav2_plugins) by extensions ['colcon_meta']
[0.282s] Level 1:colcon.colcon_core.package_identification:_identify(nav2_plugins) by extension 'colcon_meta'
[0.282s] Level 1:colcon.colcon_core.package_identification:_identify(nav2_plugins) by extensions ['ros']
[0.282s] Level 1:colcon.colcon_core.package_identification:_identify(nav2_plugins) by extension 'ros'
[0.282s] Level 1:colcon.colcon_core.package_identification:_identify(nav2_plugins) by extensions ['cmake', 'python']
[0.282s] Level 1:colcon.colcon_core.package_identification:_identify(nav2_plugins) by extension 'cmake'
[0.282s] Level 1:colcon.colcon_core.package_identification:_identify(nav2_plugins) by extension 'python'
[0.282s] Level 1:colcon.colcon_core.package_identification:_identify(nav2_plugins) by extensions ['python_setup_py']
[0.282s] Level 1:colcon.colcon_core.package_identification:_identify(nav2_plugins) by extension 'python_setup_py'
[0.282s] Level 1:colcon.colcon_core.package_identification:_identify(nav2_plugins/behavior_ext_plugins) by extensions ['ignore', 'ignore_ament_install']
[0.282s] Level 1:colcon.colcon_core.package_identification:_identify(nav2_plugins/behavior_ext_plugins) by extension 'ignore'
[0.282s] Level 1:colcon.colcon_core.package_identification:_identify(nav2_plugins/behavior_ext_plugins) by extension 'ignore_ament_install'
[0.282s] Level 1:colcon.colcon_core.package_identification:_identify(nav2_plugins/behavior_ext_plugins) by extensions ['colcon_pkg']
[0.282s] Level 1:colcon.colcon_core.package_identification:_identify(nav2_plugins/behavior_ext_plugins) by extension 'colcon_pkg'
[0.282s] Level 1:colcon.colcon_core.package_identification:_identify(nav2_plugins/behavior_ext_plugins) by extensions ['colcon_meta']
[0.282s] Level 1:colcon.colcon_core.package_identification:_identify(nav2_plugins/behavior_ext_plugins) by extension 'colcon_meta'
[0.283s] Level 1:colcon.colcon_core.package_identification:_identify(nav2_plugins/behavior_ext_plugins) by extensions ['ros']
[0.283s] Level 1:colcon.colcon_core.package_identification:_identify(nav2_plugins/behavior_ext_plugins) by extension 'ros'
[0.283s] DEBUG:colcon.colcon_core.package_identification:Package 'nav2_plugins/behavior_ext_plugins' with type 'ros.ament_cmake' and name 'behavior_ext_plugins'
[0.283s] Level 1:colcon.colcon_core.package_identification:_identify(nav2_plugins/costmap_intensity) by extensions ['ignore', 'ignore_ament_install']
[0.283s] Level 1:colcon.colcon_core.package_identification:_identify(nav2_plugins/costmap_intensity) by extension 'ignore'
[0.283s] Level 1:colcon.colcon_core.package_identification:_identify(nav2_plugins/costmap_intensity) by extension 'ignore_ament_install'
[0.283s] Level 1:colcon.colcon_core.package_identification:_identify(nav2_plugins/costmap_intensity) by extensions ['colcon_pkg']
[0.283s] Level 1:colcon.colcon_core.package_identification:_identify(nav2_plugins/costmap_intensity) by extension 'colcon_pkg'
[0.283s] Level 1:colcon.colcon_core.package_identification:_identify(nav2_plugins/costmap_intensity) by extensions ['colcon_meta']
[0.283s] Level 1:colcon.colcon_core.package_identification:_identify(nav2_plugins/costmap_intensity) by extension 'colcon_meta'
[0.283s] Level 1:colcon.colcon_core.package_identification:_identify(nav2_plugins/costmap_intensity) by extensions ['ros']
[0.283s] Level 1:colcon.colcon_core.package_identification:_identify(nav2_plugins/costmap_intensity) by extension 'ros'
[0.285s] DEBUG:colcon.colcon_core.package_identification:Package 'nav2_plugins/costmap_intensity' with type 'ros.ament_cmake' and name 'costmap_intensity'
[0.285s] Level 1:colcon.colcon_core.package_identification:_identify(nav2_plugins/velocity_smoother_ext) by extensions ['ignore', 'ignore_ament_install']
[0.285s] Level 1:colcon.colcon_core.package_identification:_identify(nav2_plugins/velocity_smoother_ext) by extension 'ignore'
[0.285s] Level 1:colcon.colcon_core.package_identification:_identify(nav2_plugins/velocity_smoother_ext) by extension 'ignore_ament_install'
[0.285s] Level 1:colcon.colcon_core.package_identification:_identify(nav2_plugins/velocity_smoother_ext) by extensions ['colcon_pkg']
[0.285s] Level 1:colcon.colcon_core.package_identification:_identify(nav2_plugins/velocity_smoother_ext) by extension 'colcon_pkg'
[0.285s] Level 1:colcon.colcon_core.package_identification:_identify(nav2_plugins/velocity_smoother_ext) by extensions ['colcon_meta']
[0.285s] Level 1:colcon.colcon_core.package_identification:_identify(nav2_plugins/velocity_smoother_ext) by extension 'colcon_meta'
[0.285s] Level 1:colcon.colcon_core.package_identification:_identify(nav2_plugins/velocity_smoother_ext) by extensions ['ros']
[0.285s] Level 1:colcon.colcon_core.package_identification:_identify(nav2_plugins/velocity_smoother_ext) by extension 'ros'
[0.286s] DEBUG:colcon.colcon_core.package_identification:Package 'nav2_plugins/velocity_smoother_ext' with type 'ros.ament_cmake' and name 'velocity_smoother_ext'
[0.286s] Level 1:colcon.colcon_core.package_identification:_identify(rm_decision_cpp) by extensions ['ignore', 'ignore_ament_install']
[0.286s] Level 1:colcon.colcon_core.package_identification:_identify(rm_decision_cpp) by extension 'ignore'
[0.286s] Level 1:colcon.colcon_core.package_identification:_identify(rm_decision_cpp) by extension 'ignore_ament_install'
[0.286s] Level 1:colcon.colcon_core.package_identification:_identify(rm_decision_cpp) by extensions ['colcon_pkg']
[0.286s] Level 1:colcon.colcon_core.package_identification:_identify(rm_decision_cpp) by extension 'colcon_pkg'
[0.286s] Level 1:colcon.colcon_core.package_identification:_identify(rm_decision_cpp) by extensions ['colcon_meta']
[0.286s] Level 1:colcon.colcon_core.package_identification:_identify(rm_decision_cpp) by extension 'colcon_meta'
[0.286s] Level 1:colcon.colcon_core.package_identification:_identify(rm_decision_cpp) by extensions ['ros']
[0.286s] Level 1:colcon.colcon_core.package_identification:_identify(rm_decision_cpp) by extension 'ros'
[0.287s] DEBUG:colcon.colcon_core.package_identification:Package 'rm_decision_cpp' with type 'ros.ament_cmake' and name 'rm_decision_cpp'
[0.287s] Level 1:colcon.colcon_core.package_identification:_identify(rm_interfaces) by extensions ['ignore', 'ignore_ament_install']
[0.287s] Level 1:colcon.colcon_core.package_identification:_identify(rm_interfaces) by extension 'ignore'
[0.287s] Level 1:colcon.colcon_core.package_identification:_identify(rm_interfaces) by extension 'ignore_ament_install'
[0.287s] Level 1:colcon.colcon_core.package_identification:_identify(rm_interfaces) by extensions ['colcon_pkg']
[0.287s] Level 1:colcon.colcon_core.package_identification:_identify(rm_interfaces) by extension 'colcon_pkg'
[0.287s] Level 1:colcon.colcon_core.package_identification:_identify(rm_interfaces) by extensions ['colcon_meta']
[0.287s] Level 1:colcon.colcon_core.package_identification:_identify(rm_interfaces) by extension 'colcon_meta'
[0.287s] Level 1:colcon.colcon_core.package_identification:_identify(rm_interfaces) by extensions ['ros']
[0.287s] Level 1:colcon.colcon_core.package_identification:_identify(rm_interfaces) by extension 'ros'
[0.287s] DEBUG:colcon.colcon_core.package_identification:Package 'rm_interfaces' with type 'ros.ament_cmake' and name 'rm_interfaces'
[0.288s] Level 1:colcon.colcon_core.package_identification:_identify(rm_simulation) by extensions ['ignore', 'ignore_ament_install']
[0.288s] Level 1:colcon.colcon_core.package_identification:_identify(rm_simulation) by extension 'ignore'
[0.288s] Level 1:colcon.colcon_core.package_identification:_identify(rm_simulation) by extension 'ignore_ament_install'
[0.288s] Level 1:colcon.colcon_core.package_identification:_identify(rm_simulation) by extensions ['colcon_pkg']
[0.288s] Level 1:colcon.colcon_core.package_identification:_identify(rm_simulation) by extension 'colcon_pkg'
[0.288s] Level 1:colcon.colcon_core.package_identification:_identify(rm_simulation) by extensions ['colcon_meta']
[0.288s] Level 1:colcon.colcon_core.package_identification:_identify(rm_simulation) by extension 'colcon_meta'
[0.288s] Level 1:colcon.colcon_core.package_identification:_identify(rm_simulation) by extensions ['ros']
[0.288s] Level 1:colcon.colcon_core.package_identification:_identify(rm_simulation) by extension 'ros'
[0.288s] Level 1:colcon.colcon_core.package_identification:_identify(rm_simulation) by extensions ['cmake', 'python']
[0.288s] Level 1:colcon.colcon_core.package_identification:_identify(rm_simulation) by extension 'cmake'
[0.288s] Level 1:colcon.colcon_core.package_identification:_identify(rm_simulation) by extension 'python'
[0.288s] Level 1:colcon.colcon_core.package_identification:_identify(rm_simulation) by extensions ['python_setup_py']
[0.288s] Level 1:colcon.colcon_core.package_identification:_identify(rm_simulation) by extension 'python_setup_py'
[0.288s] Level 1:colcon.colcon_core.package_identification:_identify(rm_simulation/livox_laser_simulation_RO2) by extensions ['ignore', 'ignore_ament_install']
[0.288s] Level 1:colcon.colcon_core.package_identification:_identify(rm_simulation/livox_laser_simulation_RO2) by extension 'ignore'
[0.288s] Level 1:colcon.colcon_core.package_identification:_identify(rm_simulation/livox_laser_simulation_RO2) by extension 'ignore_ament_install'
[0.288s] Level 1:colcon.colcon_core.package_identification:_identify(rm_simulation/livox_laser_simulation_RO2) by extensions ['colcon_pkg']
[0.288s] Level 1:colcon.colcon_core.package_identification:_identify(rm_simulation/livox_laser_simulation_RO2) by extension 'colcon_pkg'
[0.288s] Level 1:colcon.colcon_core.package_identification:_identify(rm_simulation/livox_laser_simulation_RO2) by extensions ['colcon_meta']
[0.288s] Level 1:colcon.colcon_core.package_identification:_identify(rm_simulation/livox_laser_simulation_RO2) by extension 'colcon_meta'
[0.288s] Level 1:colcon.colcon_core.package_identification:_identify(rm_simulation/livox_laser_simulation_RO2) by extensions ['ros']
[0.288s] Level 1:colcon.colcon_core.package_identification:_identify(rm_simulation/livox_laser_simulation_RO2) by extension 'ros'
[0.289s] DEBUG:colcon.colcon_core.package_identification:Package 'rm_simulation/livox_laser_simulation_RO2' with type 'ros.ament_cmake' and name 'ros2_livox_simulation'
[0.289s] Level 1:colcon.colcon_core.package_identification:_identify(rm_simulation/pb_rm_simulation) by extensions ['ignore', 'ignore_ament_install']
[0.289s] Level 1:colcon.colcon_core.package_identification:_identify(rm_simulation/pb_rm_simulation) by extension 'ignore'
[0.289s] Level 1:colcon.colcon_core.package_identification:_identify(rm_simulation/pb_rm_simulation) by extension 'ignore_ament_install'
[0.289s] Level 1:colcon.colcon_core.package_identification:_identify(rm_simulation/pb_rm_simulation) by extensions ['colcon_pkg']
[0.289s] Level 1:colcon.colcon_core.package_identification:_identify(rm_simulation/pb_rm_simulation) by extension 'colcon_pkg'
[0.289s] Level 1:colcon.colcon_core.package_identification:_identify(rm_simulation/pb_rm_simulation) by extensions ['colcon_meta']
[0.289s] Level 1:colcon.colcon_core.package_identification:_identify(rm_simulation/pb_rm_simulation) by extension 'colcon_meta'
[0.289s] Level 1:colcon.colcon_core.package_identification:_identify(rm_simulation/pb_rm_simulation) by extensions ['ros']
[0.289s] Level 1:colcon.colcon_core.package_identification:_identify(rm_simulation/pb_rm_simulation) by extension 'ros'
[0.290s] DEBUG:colcon.colcon_core.package_identification:Package 'rm_simulation/pb_rm_simulation' with type 'ros.ament_cmake' and name 'pb_rm_simulation'
[0.290s] Level 1:colcon.colcon_core.package_identification:_identify(sentry_bringup) by extensions ['ignore', 'ignore_ament_install']
[0.290s] Level 1:colcon.colcon_core.package_identification:_identify(sentry_bringup) by extension 'ignore'
[0.290s] Level 1:colcon.colcon_core.package_identification:_identify(sentry_bringup) by extension 'ignore_ament_install'
[0.290s] Level 1:colcon.colcon_core.package_identification:_identify(sentry_bringup) by extensions ['colcon_pkg']
[0.290s] Level 1:colcon.colcon_core.package_identification:_identify(sentry_bringup) by extension 'colcon_pkg'
[0.290s] Level 1:colcon.colcon_core.package_identification:_identify(sentry_bringup) by extensions ['colcon_meta']
[0.290s] Level 1:colcon.colcon_core.package_identification:_identify(sentry_bringup) by extension 'colcon_meta'
[0.290s] Level 1:colcon.colcon_core.package_identification:_identify(sentry_bringup) by extensions ['ros']
[0.290s] Level 1:colcon.colcon_core.package_identification:_identify(sentry_bringup) by extension 'ros'
[0.290s] DEBUG:colcon.colcon_core.package_identification:Package 'sentry_bringup' with type 'ros.ament_cmake' and name 'sentry_bringup'
[0.290s] Level 1:colcon.colcon_core.package_identification:_identify(sentry_waypoint_loader_cpp) by extensions ['ignore', 'ignore_ament_install']
[0.290s] Level 1:colcon.colcon_core.package_identification:_identify(sentry_waypoint_loader_cpp) by extension 'ignore'
[0.291s] Level 1:colcon.colcon_core.package_identification:_identify(sentry_waypoint_loader_cpp) by extension 'ignore_ament_install'
[0.291s] Level 1:colcon.colcon_core.package_identification:_identify(sentry_waypoint_loader_cpp) by extensions ['colcon_pkg']
[0.291s] Level 1:colcon.colcon_core.package_identification:_identify(sentry_waypoint_loader_cpp) by extension 'colcon_pkg'
[0.291s] Level 1:colcon.colcon_core.package_identification:_identify(sentry_waypoint_loader_cpp) by extensions ['colcon_meta']
[0.291s] Level 1:colcon.colcon_core.package_identification:_identify(sentry_waypoint_loader_cpp) by extension 'colcon_meta'
[0.291s] Level 1:colcon.colcon_core.package_identification:_identify(sentry_waypoint_loader_cpp) by extensions ['ros']
[0.291s] Level 1:colcon.colcon_core.package_identification:_identify(sentry_waypoint_loader_cpp) by extension 'ros'
[0.291s] DEBUG:colcon.colcon_core.package_identification:Package 'sentry_waypoint_loader_cpp' with type 'ros.ament_cmake' and name 'sentry_waypoint_loader_cpp'
[0.291s] Level 1:colcon.colcon_core.package_discovery:discover_packages(recursive) using defaults
[0.291s] Level 1:colcon.colcon_core.package_discovery:discover_packages(ignore) discover
[0.291s] Level 1:colcon.colcon_core.package_discovery:discover_packages(ignore) using defaults
[0.291s] Level 1:colcon.colcon_core.package_discovery:discover_packages(path) discover
[0.291s] Level 1:colcon.colcon_core.package_discovery:discover_packages(path) using defaults
[0.307s] INFO:colcon.colcon_metadata.metadata.colcon_pkg:Updating descriptor of package 'gazebo_ros_pkgs/gazebo_plugins' from colcon.pkg: {'dependencies': ['Gazebo']}
[0.308s] INFO:colcon.colcon_metadata.metadata.colcon_pkg:Updating descriptor of package 'gazebo_ros_pkgs/gazebo_dev' from colcon.pkg: {'dependencies': ['Gazebo']}
[0.308s] INFO:colcon.colcon_metadata.metadata.colcon_pkg:Updating descriptor of package 'gazebo_ros_pkgs/gazebo_ros' from colcon.pkg: {'dependencies': ['Gazebo']}
[0.310s] Level 5:colcon.colcon_core.verb:set package 'auto_aim_interfaces' build argument 'cmake_args' from command line to 'None'
[0.311s] Level 5:colcon.colcon_core.verb:set package 'auto_aim_interfaces' build argument 'cmake_target' from command line to 'None'
[0.311s] Level 5:colcon.colcon_core.verb:set package 'auto_aim_interfaces' build argument 'cmake_target_skip_unavailable' from command line to 'False'
[0.311s] Level 5:colcon.colcon_core.verb:set package 'auto_aim_interfaces' build argument 'cmake_clean_cache' from command line to 'False'
[0.311s] Level 5:colcon.colcon_core.verb:set package 'auto_aim_interfaces' build argument 'cmake_clean_first' from command line to 'False'
[0.311s] Level 5:colcon.colcon_core.verb:set package 'auto_aim_interfaces' build argument 'cmake_force_configure' from command line to 'False'
[0.311s] Level 5:colcon.colcon_core.verb:set package 'auto_aim_interfaces' build argument 'ament_cmake_args' from command line to 'None'
[0.311s] Level 5:colcon.colcon_core.verb:set package 'auto_aim_interfaces' build argument 'catkin_cmake_args' from command line to 'None'
[0.311s] Level 5:colcon.colcon_core.verb:set package 'auto_aim_interfaces' build argument 'catkin_skip_building_tests' from command line to 'False'
[0.311s] DEBUG:colcon.colcon_core.verb:Building package 'auto_aim_interfaces' with the following arguments: {'ament_cmake_args': None, 'build_base': '/home/sentry_ws/src/build/auto_aim_interfaces', 'catkin_cmake_args': None, 'catkin_skip_building_tests': False, 'cmake_args': None, 'cmake_clean_cache': False, 'cmake_clean_first': False, 'cmake_force_configure': False, 'cmake_target': None, 'cmake_target_skip_unavailable': False, 'install_base': '/home/sentry_ws/src/install/auto_aim_interfaces', 'merge_install': False, 'path': '/home/sentry_ws/src/auto_aim_interfaces', 'symlink_install': False, 'test_result_base': None}
[0.311s] Level 5:colcon.colcon_core.verb:set package 'behavior_ext_plugins' build argument 'cmake_args' from command line to 'None'
[0.311s] Level 5:colcon.colcon_core.verb:set package 'behavior_ext_plugins' build argument 'cmake_target' from command line to 'None'
[0.311s] Level 5:colcon.colcon_core.verb:set package 'behavior_ext_plugins' build argument 'cmake_target_skip_unavailable' from command line to 'False'
[0.311s] Level 5:colcon.colcon_core.verb:set package 'behavior_ext_plugins' build argument 'cmake_clean_cache' from command line to 'False'
[0.311s] Level 5:colcon.colcon_core.verb:set package 'behavior_ext_plugins' build argument 'cmake_clean_first' from command line to 'False'
[0.311s] Level 5:colcon.colcon_core.verb:set package 'behavior_ext_plugins' build argument 'cmake_force_configure' from command line to 'False'
[0.311s] Level 5:colcon.colcon_core.verb:set package 'behavior_ext_plugins' build argument 'ament_cmake_args' from command line to 'None'
[0.311s] Level 5:colcon.colcon_core.verb:set package 'behavior_ext_plugins' build argument 'catkin_cmake_args' from command line to 'None'
[0.311s] Level 5:colcon.colcon_core.verb:set package 'behavior_ext_plugins' build argument 'catkin_skip_building_tests' from command line to 'False'
[0.311s] DEBUG:colcon.colcon_core.verb:Building package 'behavior_ext_plugins' with the following arguments: {'ament_cmake_args': None, 'build_base': '/home/sentry_ws/src/build/behavior_ext_plugins', 'catkin_cmake_args': None, 'catkin_skip_building_tests': False, 'cmake_args': None, 'cmake_clean_cache': False, 'cmake_clean_first': False, 'cmake_force_configure': False, 'cmake_target': None, 'cmake_target_skip_unavailable': False, 'install_base': '/home/sentry_ws/src/install/behavior_ext_plugins', 'merge_install': False, 'path': '/home/sentry_ws/src/nav2_plugins/behavior_ext_plugins', 'symlink_install': False, 'test_result_base': None}
[0.312s] Level 5:colcon.colcon_core.verb:set package 'behaviortree_cpp' build argument 'cmake_args' from command line to 'None'
[0.312s] Level 5:colcon.colcon_core.verb:set package 'behaviortree_cpp' build argument 'cmake_target' from command line to 'None'
[0.312s] Level 5:colcon.colcon_core.verb:set package 'behaviortree_cpp' build argument 'cmake_target_skip_unavailable' from command line to 'False'
[0.312s] Level 5:colcon.colcon_core.verb:set package 'behaviortree_cpp' build argument 'cmake_clean_cache' from command line to 'False'
[0.312s] Level 5:colcon.colcon_core.verb:set package 'behaviortree_cpp' build argument 'cmake_clean_first' from command line to 'False'
[0.312s] Level 5:colcon.colcon_core.verb:set package 'behaviortree_cpp' build argument 'cmake_force_configure' from command line to 'False'
[0.312s] Level 5:colcon.colcon_core.verb:set package 'behaviortree_cpp' build argument 'ament_cmake_args' from command line to 'None'
[0.312s] Level 5:colcon.colcon_core.verb:set package 'behaviortree_cpp' build argument 'catkin_cmake_args' from command line to 'None'
[0.312s] Level 5:colcon.colcon_core.verb:set package 'behaviortree_cpp' build argument 'catkin_skip_building_tests' from command line to 'False'
[0.312s] DEBUG:colcon.colcon_core.verb:Building package 'behaviortree_cpp' with the following arguments: {'ament_cmake_args': None, 'build_base': '/home/sentry_ws/src/build/behaviortree_cpp', 'catkin_cmake_args': None, 'catkin_skip_building_tests': False, 'cmake_args': None, 'cmake_clean_cache': False, 'cmake_clean_first': False, 'cmake_force_configure': False, 'cmake_target': None, 'cmake_target_skip_unavailable': False, 'install_base': '/home/sentry_ws/src/install/behaviortree_cpp', 'merge_install': False, 'path': '/home/sentry_ws/src/BehaviorTree.CPP', 'symlink_install': False, 'test_result_base': None}
[0.313s] Level 5:colcon.colcon_core.verb:set package 'control_panel' build argument 'cmake_args' from command line to 'None'
[0.313s] Level 5:colcon.colcon_core.verb:set package 'control_panel' build argument 'cmake_target' from command line to 'None'
[0.313s] Level 5:colcon.colcon_core.verb:set package 'control_panel' build argument 'cmake_target_skip_unavailable' from command line to 'False'
[0.313s] Level 5:colcon.colcon_core.verb:set package 'control_panel' build argument 'cmake_clean_cache' from command line to 'False'
[0.313s] Level 5:colcon.colcon_core.verb:set package 'control_panel' build argument 'cmake_clean_first' from command line to 'False'
[0.313s] Level 5:colcon.colcon_core.verb:set package 'control_panel' build argument 'cmake_force_configure' from command line to 'False'
[0.313s] Level 5:colcon.colcon_core.verb:set package 'control_panel' build argument 'ament_cmake_args' from command line to 'None'
[0.313s] Level 5:colcon.colcon_core.verb:set package 'control_panel' build argument 'catkin_cmake_args' from command line to 'None'
[0.313s] Level 5:colcon.colcon_core.verb:set package 'control_panel' build argument 'catkin_skip_building_tests' from command line to 'False'
[0.313s] DEBUG:colcon.colcon_core.verb:Building package 'control_panel' with the following arguments: {'ament_cmake_args': None, 'build_base': '/home/sentry_ws/src/build/control_panel', 'catkin_cmake_args': None, 'catkin_skip_building_tests': False, 'cmake_args': None, 'cmake_clean_cache': False, 'cmake_clean_first': False, 'cmake_force_configure': False, 'cmake_target': None, 'cmake_target_skip_unavailable': False, 'install_base': '/home/sentry_ws/src/install/control_panel', 'merge_install': False, 'path': '/home/sentry_ws/src/control_panel', 'symlink_install': False, 'test_result_base': None}
[0.313s] Level 5:colcon.colcon_core.verb:set package 'costmap_intensity' build argument 'cmake_args' from command line to 'None'
[0.314s] Level 5:colcon.colcon_core.verb:set package 'costmap_intensity' build argument 'cmake_target' from command line to 'None'
[0.314s] Level 5:colcon.colcon_core.verb:set package 'costmap_intensity' build argument 'cmake_target_skip_unavailable' from command line to 'False'
[0.314s] Level 5:colcon.colcon_core.verb:set package 'costmap_intensity' build argument 'cmake_clean_cache' from command line to 'False'
[0.314s] Level 5:colcon.colcon_core.verb:set package 'costmap_intensity' build argument 'cmake_clean_first' from command line to 'False'
[0.314s] Level 5:colcon.colcon_core.verb:set package 'costmap_intensity' build argument 'cmake_force_configure' from command line to 'False'
[0.314s] Level 5:colcon.colcon_core.verb:set package 'costmap_intensity' build argument 'ament_cmake_args' from command line to 'None'
[0.314s] Level 5:colcon.colcon_core.verb:set package 'costmap_intensity' build argument 'catkin_cmake_args' from command line to 'None'
[0.314s] Level 5:colcon.colcon_core.verb:set package 'costmap_intensity' build argument 'catkin_skip_building_tests' from command line to 'False'
[0.314s] DEBUG:colcon.colcon_core.verb:Building package 'costmap_intensity' with the following arguments: {'ament_cmake_args': None, 'build_base': '/home/sentry_ws/src/build/costmap_intensity', 'catkin_cmake_args': None, 'catkin_skip_building_tests': False, 'cmake_args': None, 'cmake_clean_cache': False, 'cmake_clean_first': False, 'cmake_force_configure': False, 'cmake_target': None, 'cmake_target_skip_unavailable': False, 'install_base': '/home/sentry_ws/src/install/costmap_intensity', 'merge_install': False, 'path': '/home/sentry_ws/src/nav2_plugins/costmap_intensity', 'symlink_install': False, 'test_result_base': None}
[0.314s] Level 5:colcon.colcon_core.verb:set package 'gazebo_dev' build argument 'cmake_args' from command line to 'None'
[0.314s] Level 5:colcon.colcon_core.verb:set package 'gazebo_dev' build argument 'cmake_target' from command line to 'None'
[0.314s] Level 5:colcon.colcon_core.verb:set package 'gazebo_dev' build argument 'cmake_target_skip_unavailable' from command line to 'False'
[0.314s] Level 5:colcon.colcon_core.verb:set package 'gazebo_dev' build argument 'cmake_clean_cache' from command line to 'False'
[0.314s] Level 5:colcon.colcon_core.verb:set package 'gazebo_dev' build argument 'cmake_clean_first' from command line to 'False'
[0.314s] Level 5:colcon.colcon_core.verb:set package 'gazebo_dev' build argument 'cmake_force_configure' from command line to 'False'
[0.314s] Level 5:colcon.colcon_core.verb:set package 'gazebo_dev' build argument 'ament_cmake_args' from command line to 'None'
[0.314s] Level 5:colcon.colcon_core.verb:set package 'gazebo_dev' build argument 'catkin_cmake_args' from command line to 'None'
[0.314s] Level 5:colcon.colcon_core.verb:set package 'gazebo_dev' build argument 'catkin_skip_building_tests' from command line to 'False'
[0.314s] DEBUG:colcon.colcon_core.verb:Building package 'gazebo_dev' with the following arguments: {'ament_cmake_args': None, 'build_base': '/home/sentry_ws/src/build/gazebo_dev', 'catkin_cmake_args': None, 'catkin_skip_building_tests': False, 'cmake_args': None, 'cmake_clean_cache': False, 'cmake_clean_first': False, 'cmake_force_configure': False, 'cmake_target': None, 'cmake_target_skip_unavailable': False, 'install_base': '/home/sentry_ws/src/install/gazebo_dev', 'merge_install': False, 'path': '/home/sentry_ws/src/gazebo_ros_pkgs/gazebo_dev', 'symlink_install': False, 'test_result_base': None}
[0.315s] Level 5:colcon.colcon_core.verb:set package 'gazebo_msgs' build argument 'cmake_args' from command line to 'None'
[0.315s] Level 5:colcon.colcon_core.verb:set package 'gazebo_msgs' build argument 'cmake_target' from command line to 'None'
[0.315s] Level 5:colcon.colcon_core.verb:set package 'gazebo_msgs' build argument 'cmake_target_skip_unavailable' from command line to 'False'
[0.315s] Level 5:colcon.colcon_core.verb:set package 'gazebo_msgs' build argument 'cmake_clean_cache' from command line to 'False'
[0.315s] Level 5:colcon.colcon_core.verb:set package 'gazebo_msgs' build argument 'cmake_clean_first' from command line to 'False'
[0.315s] Level 5:colcon.colcon_core.verb:set package 'gazebo_msgs' build argument 'cmake_force_configure' from command line to 'False'
[0.315s] Level 5:colcon.colcon_core.verb:set package 'gazebo_msgs' build argument 'ament_cmake_args' from command line to 'None'
[0.315s] Level 5:colcon.colcon_core.verb:set package 'gazebo_msgs' build argument 'catkin_cmake_args' from command line to 'None'
[0.315s] Level 5:colcon.colcon_core.verb:set package 'gazebo_msgs' build argument 'catkin_skip_building_tests' from command line to 'False'
[0.315s] DEBUG:colcon.colcon_core.verb:Building package 'gazebo_msgs' with the following arguments: {'ament_cmake_args': None, 'build_base': '/home/sentry_ws/src/build/gazebo_msgs', 'catkin_cmake_args': None, 'catkin_skip_building_tests': False, 'cmake_args': None, 'cmake_clean_cache': False, 'cmake_clean_first': False, 'cmake_force_configure': False, 'cmake_target': None, 'cmake_target_skip_unavailable': False, 'install_base': '/home/sentry_ws/src/install/gazebo_msgs', 'merge_install': False, 'path': '/home/sentry_ws/src/gazebo_ros_pkgs/gazebo_msgs', 'symlink_install': False, 'test_result_base': None}
[0.316s] Level 5:colcon.colcon_core.verb:set package 'livox_ros_driver2' build argument 'cmake_args' from command line to 'None'
[0.316s] Level 5:colcon.colcon_core.verb:set package 'livox_ros_driver2' build argument 'cmake_target' from command line to 'None'
[0.316s] Level 5:colcon.colcon_core.verb:set package 'livox_ros_driver2' build argument 'cmake_target_skip_unavailable' from command line to 'False'
[0.316s] Level 5:colcon.colcon_core.verb:set package 'livox_ros_driver2' build argument 'cmake_clean_cache' from command line to 'False'
[0.316s] Level 5:colcon.colcon_core.verb:set package 'livox_ros_driver2' build argument 'cmake_clean_first' from command line to 'False'
[0.316s] Level 5:colcon.colcon_core.verb:set package 'livox_ros_driver2' build argument 'cmake_force_configure' from command line to 'False'
[0.316s] Level 5:colcon.colcon_core.verb:set package 'livox_ros_driver2' build argument 'ament_cmake_args' from command line to 'None'
[0.316s] Level 5:colcon.colcon_core.verb:set package 'livox_ros_driver2' build argument 'catkin_cmake_args' from command line to 'None'
[0.316s] Level 5:colcon.colcon_core.verb:set package 'livox_ros_driver2' build argument 'catkin_skip_building_tests' from command line to 'False'
[0.316s] DEBUG:colcon.colcon_core.verb:Building package 'livox_ros_driver2' with the following arguments: {'ament_cmake_args': None, 'build_base': '/home/sentry_ws/src/build/livox_ros_driver2', 'catkin_cmake_args': None, 'catkin_skip_building_tests': False, 'cmake_args': None, 'cmake_clean_cache': False, 'cmake_clean_first': False, 'cmake_force_configure': False, 'cmake_target': None, 'cmake_target_skip_unavailable': False, 'install_base': '/home/sentry_ws/src/install/livox_ros_driver2', 'merge_install': False, 'path': '/home/sentry_ws/src/livox_ros_driver2', 'symlink_install': False, 'test_result_base': None}
[0.316s] Level 5:colcon.colcon_core.verb:set package 'rm_interfaces' build argument 'cmake_args' from command line to 'None'
[0.316s] Level 5:colcon.colcon_core.verb:set package 'rm_interfaces' build argument 'cmake_target' from command line to 'None'
[0.317s] Level 5:colcon.colcon_core.verb:set package 'rm_interfaces' build argument 'cmake_target_skip_unavailable' from command line to 'False'
[0.317s] Level 5:colcon.colcon_core.verb:set package 'rm_interfaces' build argument 'cmake_clean_cache' from command line to 'False'
[0.317s] Level 5:colcon.colcon_core.verb:set package 'rm_interfaces' build argument 'cmake_clean_first' from command line to 'False'
[0.317s] Level 5:colcon.colcon_core.verb:set package 'rm_interfaces' build argument 'cmake_force_configure' from command line to 'False'
[0.317s] Level 5:colcon.colcon_core.verb:set package 'rm_interfaces' build argument 'ament_cmake_args' from command line to 'None'
[0.317s] Level 5:colcon.colcon_core.verb:set package 'rm_interfaces' build argument 'catkin_cmake_args' from command line to 'None'
[0.317s] Level 5:colcon.colcon_core.verb:set package 'rm_interfaces' build argument 'catkin_skip_building_tests' from command line to 'False'
[0.317s] DEBUG:colcon.colcon_core.verb:Building package 'rm_interfaces' with the following arguments: {'ament_cmake_args': None, 'build_base': '/home/sentry_ws/src/build/rm_interfaces', 'catkin_cmake_args': None, 'catkin_skip_building_tests': False, 'cmake_args': None, 'cmake_clean_cache': False, 'cmake_clean_first': False, 'cmake_force_configure': False, 'cmake_target': None, 'cmake_target_skip_unavailable': False, 'install_base': '/home/sentry_ws/src/install/rm_interfaces', 'merge_install': False, 'path': '/home/sentry_ws/src/rm_interfaces', 'symlink_install': False, 'test_result_base': None}
[0.317s] Level 5:colcon.colcon_core.verb:set package 'sensor_scan_generation' build argument 'cmake_args' from command line to 'None'
[0.317s] Level 5:colcon.colcon_core.verb:set package 'sensor_scan_generation' build argument 'cmake_target' from command line to 'None'
[0.317s] Level 5:colcon.colcon_core.verb:set package 'sensor_scan_generation' build argument 'cmake_target_skip_unavailable' from command line to 'False'
[0.317s] Level 5:colcon.colcon_core.verb:set package 'sensor_scan_generation' build argument 'cmake_clean_cache' from command line to 'False'
[0.317s] Level 5:colcon.colcon_core.verb:set package 'sensor_scan_generation' build argument 'cmake_clean_first' from command line to 'False'
[0.317s] Level 5:colcon.colcon_core.verb:set package 'sensor_scan_generation' build argument 'cmake_force_configure' from command line to 'False'
[0.317s] Level 5:colcon.colcon_core.verb:set package 'sensor_scan_generation' build argument 'ament_cmake_args' from command line to 'None'
[0.317s] Level 5:colcon.colcon_core.verb:set package 'sensor_scan_generation' build argument 'catkin_cmake_args' from command line to 'None'
[0.317s] Level 5:colcon.colcon_core.verb:set package 'sensor_scan_generation' build argument 'catkin_skip_building_tests' from command line to 'False'
[0.317s] DEBUG:colcon.colcon_core.verb:Building package 'sensor_scan_generation' with the following arguments: {'ament_cmake_args': None, 'build_base': '/home/sentry_ws/src/build/sensor_scan_generation', 'catkin_cmake_args': None, 'catkin_skip_building_tests': False, 'cmake_args': None, 'cmake_clean_cache': False, 'cmake_clean_first': False, 'cmake_force_configure': False, 'cmake_target': None, 'cmake_target_skip_unavailable': False, 'install_base': '/home/sentry_ws/src/install/sensor_scan_generation', 'merge_install': False, 'path': '/home/sentry_ws/src/autonomous_exploration_development_environment/src/sensor_scan_generation', 'symlink_install': False, 'test_result_base': None}
[0.318s] Level 5:colcon.colcon_core.verb:set package 'sentry_bringup' build argument 'cmake_args' from command line to 'None'
[0.318s] Level 5:colcon.colcon_core.verb:set package 'sentry_bringup' build argument 'cmake_target' from command line to 'None'
[0.318s] Level 5:colcon.colcon_core.verb:set package 'sentry_bringup' build argument 'cmake_target_skip_unavailable' from command line to 'False'
[0.318s] Level 5:colcon.colcon_core.verb:set package 'sentry_bringup' build argument 'cmake_clean_cache' from command line to 'False'
[0.318s] Level 5:colcon.colcon_core.verb:set package 'sentry_bringup' build argument 'cmake_clean_first' from command line to 'False'
[0.318s] Level 5:colcon.colcon_core.verb:set package 'sentry_bringup' build argument 'cmake_force_configure' from command line to 'False'
[0.318s] Level 5:colcon.colcon_core.verb:set package 'sentry_bringup' build argument 'ament_cmake_args' from command line to 'None'
[0.318s] Level 5:colcon.colcon_core.verb:set package 'sentry_bringup' build argument 'catkin_cmake_args' from command line to 'None'
[0.318s] Level 5:colcon.colcon_core.verb:set package 'sentry_bringup' build argument 'catkin_skip_building_tests' from command line to 'False'
[0.318s] DEBUG:colcon.colcon_core.verb:Building package 'sentry_bringup' with the following arguments: {'ament_cmake_args': None, 'build_base': '/home/sentry_ws/src/build/sentry_bringup', 'catkin_cmake_args': None, 'catkin_skip_building_tests': False, 'cmake_args': None, 'cmake_clean_cache': False, 'cmake_clean_first': False, 'cmake_force_configure': False, 'cmake_target': None, 'cmake_target_skip_unavailable': False, 'install_base': '/home/sentry_ws/src/install/sentry_bringup', 'merge_install': False, 'path': '/home/sentry_ws/src/sentry_bringup', 'symlink_install': False, 'test_result_base': None}
[0.319s] Level 5:colcon.colcon_core.verb:set package 'sentry_waypoint_loader_cpp' build argument 'cmake_args' from command line to 'None'
[0.319s] Level 5:colcon.colcon_core.verb:set package 'sentry_waypoint_loader_cpp' build argument 'cmake_target' from command line to 'None'
[0.319s] Level 5:colcon.colcon_core.verb:set package 'sentry_waypoint_loader_cpp' build argument 'cmake_target_skip_unavailable' from command line to 'False'
[0.319s] Level 5:colcon.colcon_core.verb:set package 'sentry_waypoint_loader_cpp' build argument 'cmake_clean_cache' from command line to 'False'
[0.319s] Level 5:colcon.colcon_core.verb:set package 'sentry_waypoint_loader_cpp' build argument 'cmake_clean_first' from command line to 'False'
[0.319s] Level 5:colcon.colcon_core.verb:set package 'sentry_waypoint_loader_cpp' build argument 'cmake_force_configure' from command line to 'False'
[0.319s] Level 5:colcon.colcon_core.verb:set package 'sentry_waypoint_loader_cpp' build argument 'ament_cmake_args' from command line to 'None'
[0.319s] Level 5:colcon.colcon_core.verb:set package 'sentry_waypoint_loader_cpp' build argument 'catkin_cmake_args' from command line to 'None'
[0.319s] Level 5:colcon.colcon_core.verb:set package 'sentry_waypoint_loader_cpp' build argument 'catkin_skip_building_tests' from command line to 'False'
[0.319s] DEBUG:colcon.colcon_core.verb:Building package 'sentry_waypoint_loader_cpp' with the following arguments: {'ament_cmake_args': None, 'build_base': '/home/sentry_ws/src/build/sentry_waypoint_loader_cpp', 'catkin_cmake_args': None, 'catkin_skip_building_tests': False, 'cmake_args': None, 'cmake_clean_cache': False, 'cmake_clean_first': False, 'cmake_force_configure': False, 'cmake_target': None, 'cmake_target_skip_unavailable': False, 'install_base': '/home/sentry_ws/src/install/sentry_waypoint_loader_cpp', 'merge_install': False, 'path': '/home/sentry_ws/src/sentry_waypoint_loader_cpp', 'symlink_install': False, 'test_result_base': None}
[0.319s] Level 5:colcon.colcon_core.verb:set package 'terrain_analysis' build argument 'cmake_args' from command line to 'None'
[0.319s] Level 5:colcon.colcon_core.verb:set package 'terrain_analysis' build argument 'cmake_target' from command line to 'None'
[0.319s] Level 5:colcon.colcon_core.verb:set package 'terrain_analysis' build argument 'cmake_target_skip_unavailable' from command line to 'False'
[0.319s] Level 5:colcon.colcon_core.verb:set package 'terrain_analysis' build argument 'cmake_clean_cache' from command line to 'False'
[0.319s] Level 5:colcon.colcon_core.verb:set package 'terrain_analysis' build argument 'cmake_clean_first' from command line to 'False'
[0.319s] Level 5:colcon.colcon_core.verb:set package 'terrain_analysis' build argument 'cmake_force_configure' from command line to 'False'
[0.319s] Level 5:colcon.colcon_core.verb:set package 'terrain_analysis' build argument 'ament_cmake_args' from command line to 'None'
[0.319s] Level 5:colcon.colcon_core.verb:set package 'terrain_analysis' build argument 'catkin_cmake_args' from command line to 'None'
[0.319s] Level 5:colcon.colcon_core.verb:set package 'terrain_analysis' build argument 'catkin_skip_building_tests' from command line to 'False'
[0.320s] DEBUG:colcon.colcon_core.verb:Building package 'terrain_analysis' with the following arguments: {'ament_cmake_args': None, 'build_base': '/home/sentry_ws/src/build/terrain_analysis', 'catkin_cmake_args': None, 'catkin_skip_building_tests': False, 'cmake_args': None, 'cmake_clean_cache': False, 'cmake_clean_first': False, 'cmake_force_configure': False, 'cmake_target': None, 'cmake_target_skip_unavailable': False, 'install_base': '/home/sentry_ws/src/install/terrain_analysis', 'merge_install': False, 'path': '/home/sentry_ws/src/autonomous_exploration_development_environment/src/terrain_analysis', 'symlink_install': False, 'test_result_base': None}
[0.320s] Level 5:colcon.colcon_core.verb:set package 'terrain_analysis_ext' build argument 'cmake_args' from command line to 'None'
[0.320s] Level 5:colcon.colcon_core.verb:set package 'terrain_analysis_ext' build argument 'cmake_target' from command line to 'None'
[0.320s] Level 5:colcon.colcon_core.verb:set package 'terrain_analysis_ext' build argument 'cmake_target_skip_unavailable' from command line to 'False'
[0.320s] Level 5:colcon.colcon_core.verb:set package 'terrain_analysis_ext' build argument 'cmake_clean_cache' from command line to 'False'
[0.320s] Level 5:colcon.colcon_core.verb:set package 'terrain_analysis_ext' build argument 'cmake_clean_first' from command line to 'False'
[0.320s] Level 5:colcon.colcon_core.verb:set package 'terrain_analysis_ext' build argument 'cmake_force_configure' from command line to 'False'
[0.320s] Level 5:colcon.colcon_core.verb:set package 'terrain_analysis_ext' build argument 'ament_cmake_args' from command line to 'None'
[0.320s] Level 5:colcon.colcon_core.verb:set package 'terrain_analysis_ext' build argument 'catkin_cmake_args' from command line to 'None'
[0.320s] Level 5:colcon.colcon_core.verb:set package 'terrain_analysis_ext' build argument 'catkin_skip_building_tests' from command line to 'False'
[0.320s] DEBUG:colcon.colcon_core.verb:Building package 'terrain_analysis_ext' with the following arguments: {'ament_cmake_args': None, 'build_base': '/home/sentry_ws/src/build/terrain_analysis_ext', 'catkin_cmake_args': None, 'catkin_skip_building_tests': False, 'cmake_args': None, 'cmake_clean_cache': False, 'cmake_clean_first': False, 'cmake_force_configure': False, 'cmake_target': None, 'cmake_target_skip_unavailable': False, 'install_base': '/home/sentry_ws/src/install/terrain_analysis_ext', 'merge_install': False, 'path': '/home/sentry_ws/src/autonomous_exploration_development_environment/src/terrain_analysis_ext', 'symlink_install': False, 'test_result_base': None}
[0.321s] Level 5:colcon.colcon_core.verb:set package 'velocity_smoother_ext' build argument 'cmake_args' from command line to 'None'
[0.321s] Level 5:colcon.colcon_core.verb:set package 'velocity_smoother_ext' build argument 'cmake_target' from command line to 'None'
[0.321s] Level 5:colcon.colcon_core.verb:set package 'velocity_smoother_ext' build argument 'cmake_target_skip_unavailable' from command line to 'False'
[0.321s] Level 5:colcon.colcon_core.verb:set package 'velocity_smoother_ext' build argument 'cmake_clean_cache' from command line to 'False'
[0.321s] Level 5:colcon.colcon_core.verb:set package 'velocity_smoother_ext' build argument 'cmake_clean_first' from command line to 'False'
[0.321s] Level 5:colcon.colcon_core.verb:set package 'velocity_smoother_ext' build argument 'cmake_force_configure' from command line to 'False'
[0.321s] Level 5:colcon.colcon_core.verb:set package 'velocity_smoother_ext' build argument 'ament_cmake_args' from command line to 'None'
[0.321s] Level 5:colcon.colcon_core.verb:set package 'velocity_smoother_ext' build argument 'catkin_cmake_args' from command line to 'None'
[0.321s] Level 5:colcon.colcon_core.verb:set package 'velocity_smoother_ext' build argument 'catkin_skip_building_tests' from command line to 'False'
[0.321s] DEBUG:colcon.colcon_core.verb:Building package 'velocity_smoother_ext' with the following arguments: {'ament_cmake_args': None, 'build_base': '/home/sentry_ws/src/build/velocity_smoother_ext', 'catkin_cmake_args': None, 'catkin_skip_building_tests': False, 'cmake_args': None, 'cmake_clean_cache': False, 'cmake_clean_first': False, 'cmake_force_configure': False, 'cmake_target': None, 'cmake_target_skip_unavailable': False, 'install_base': '/home/sentry_ws/src/install/velocity_smoother_ext', 'merge_install': False, 'path': '/home/sentry_ws/src/nav2_plugins/velocity_smoother_ext', 'symlink_install': False, 'test_result_base': None}
[0.321s] Level 5:colcon.colcon_core.verb:set package 'fast_lio' build argument 'cmake_args' from command line to 'None'
[0.321s] Level 5:colcon.colcon_core.verb:set package 'fast_lio' build argument 'cmake_target' from command line to 'None'
[0.322s] Level 5:colcon.colcon_core.verb:set package 'fast_lio' build argument 'cmake_target_skip_unavailable' from command line to 'False'
[0.322s] Level 5:colcon.colcon_core.verb:set package 'fast_lio' build argument 'cmake_clean_cache' from command line to 'False'
[0.322s] Level 5:colcon.colcon_core.verb:set package 'fast_lio' build argument 'cmake_clean_first' from command line to 'False'
[0.322s] Level 5:colcon.colcon_core.verb:set package 'fast_lio' build argument 'cmake_force_configure' from command line to 'False'
[0.322s] Level 5:colcon.colcon_core.verb:set package 'fast_lio' build argument 'ament_cmake_args' from command line to 'None'
[0.322s] Level 5:colcon.colcon_core.verb:set package 'fast_lio' build argument 'catkin_cmake_args' from command line to 'None'
[0.322s] Level 5:colcon.colcon_core.verb:set package 'fast_lio' build argument 'catkin_skip_building_tests' from command line to 'False'
[0.322s] DEBUG:colcon.colcon_core.verb:Building package 'fast_lio' with the following arguments: {'ament_cmake_args': None, 'build_base': '/home/sentry_ws/src/build/fast_lio', 'catkin_cmake_args': None, 'catkin_skip_building_tests': False, 'cmake_args': None, 'cmake_clean_cache': False, 'cmake_clean_first': False, 'cmake_force_configure': False, 'cmake_target': None, 'cmake_target_skip_unavailable': False, 'install_base': '/home/sentry_ws/src/install/fast_lio', 'merge_install': False, 'path': '/home/sentry_ws/src/FAST_LIO', 'symlink_install': False, 'test_result_base': None}
[0.322s] Level 5:colcon.colcon_core.verb:set package 'gazebo_ros' build argument 'cmake_args' from command line to 'None'
[0.322s] Level 5:colcon.colcon_core.verb:set package 'gazebo_ros' build argument 'cmake_target' from command line to 'None'
[0.322s] Level 5:colcon.colcon_core.verb:set package 'gazebo_ros' build argument 'cmake_target_skip_unavailable' from command line to 'False'
[0.322s] Level 5:colcon.colcon_core.verb:set package 'gazebo_ros' build argument 'cmake_clean_cache' from command line to 'False'
[0.322s] Level 5:colcon.colcon_core.verb:set package 'gazebo_ros' build argument 'cmake_clean_first' from command line to 'False'
[0.322s] Level 5:colcon.colcon_core.verb:set package 'gazebo_ros' build argument 'cmake_force_configure' from command line to 'False'
[0.322s] Level 5:colcon.colcon_core.verb:set package 'gazebo_ros' build argument 'ament_cmake_args' from command line to 'None'
[0.322s] Level 5:colcon.colcon_core.verb:set package 'gazebo_ros' build argument 'catkin_cmake_args' from command line to 'None'
[0.322s] Level 5:colcon.colcon_core.verb:set package 'gazebo_ros' build argument 'catkin_skip_building_tests' from command line to 'False'
[0.322s] DEBUG:colcon.colcon_core.verb:Building package 'gazebo_ros' with the following arguments: {'ament_cmake_args': None, 'build_base': '/home/sentry_ws/src/build/gazebo_ros', 'catkin_cmake_args': None, 'catkin_skip_building_tests': False, 'cmake_args': None, 'cmake_clean_cache': False, 'cmake_clean_first': False, 'cmake_force_configure': False, 'cmake_target': None, 'cmake_target_skip_unavailable': False, 'install_base': '/home/sentry_ws/src/install/gazebo_ros', 'merge_install': False, 'path': '/home/sentry_ws/src/gazebo_ros_pkgs/gazebo_ros', 'symlink_install': False, 'test_result_base': None}
[0.323s] Level 5:colcon.colcon_core.verb:set package 'icp_relocalization' build argument 'cmake_args' from command line to 'None'
[0.323s] Level 5:colcon.colcon_core.verb:set package 'icp_relocalization' build argument 'cmake_target' from command line to 'None'
[0.323s] Level 5:colcon.colcon_core.verb:set package 'icp_relocalization' build argument 'cmake_target_skip_unavailable' from command line to 'False'
[0.323s] Level 5:colcon.colcon_core.verb:set package 'icp_relocalization' build argument 'cmake_clean_cache' from command line to 'False'
[0.323s] Level 5:colcon.colcon_core.verb:set package 'icp_relocalization' build argument 'cmake_clean_first' from command line to 'False'
[0.323s] Level 5:colcon.colcon_core.verb:set package 'icp_relocalization' build argument 'cmake_force_configure' from command line to 'False'
[0.323s] Level 5:colcon.colcon_core.verb:set package 'icp_relocalization' build argument 'ament_cmake_args' from command line to 'None'
[0.323s] Level 5:colcon.colcon_core.verb:set package 'icp_relocalization' build argument 'catkin_cmake_args' from command line to 'None'
[0.323s] Level 5:colcon.colcon_core.verb:set package 'icp_relocalization' build argument 'catkin_skip_building_tests' from command line to 'False'
[0.323s] DEBUG:colcon.colcon_core.verb:Building package 'icp_relocalization' with the following arguments: {'ament_cmake_args': None, 'build_base': '/home/sentry_ws/src/build/icp_relocalization', 'catkin_cmake_args': None, 'catkin_skip_building_tests': False, 'cmake_args': None, 'cmake_clean_cache': False, 'cmake_clean_first': False, 'cmake_force_configure': False, 'cmake_target': None, 'cmake_target_skip_unavailable': False, 'install_base': '/home/sentry_ws/src/install/icp_relocalization', 'merge_install': False, 'path': '/home/sentry_ws/src/icp_relocalization', 'symlink_install': False, 'test_result_base': None}
[0.324s] Level 5:colcon.colcon_core.verb:set package 'rm_decision_cpp' build argument 'cmake_args' from command line to 'None'
[0.324s] Level 5:colcon.colcon_core.verb:set package 'rm_decision_cpp' build argument 'cmake_target' from command line to 'None'
[0.324s] Level 5:colcon.colcon_core.verb:set package 'rm_decision_cpp' build argument 'cmake_target_skip_unavailable' from command line to 'False'
[0.324s] Level 5:colcon.colcon_core.verb:set package 'rm_decision_cpp' build argument 'cmake_clean_cache' from command line to 'False'
[0.324s] Level 5:colcon.colcon_core.verb:set package 'rm_decision_cpp' build argument 'cmake_clean_first' from command line to 'False'
[0.324s] Level 5:colcon.colcon_core.verb:set package 'rm_decision_cpp' build argument 'cmake_force_configure' from command line to 'False'
[0.324s] Level 5:colcon.colcon_core.verb:set package 'rm_decision_cpp' build argument 'ament_cmake_args' from command line to 'None'
[0.324s] Level 5:colcon.colcon_core.verb:set package 'rm_decision_cpp' build argument 'catkin_cmake_args' from command line to 'None'
[0.324s] Level 5:colcon.colcon_core.verb:set package 'rm_decision_cpp' build argument 'catkin_skip_building_tests' from command line to 'False'
[0.324s] DEBUG:colcon.colcon_core.verb:Building package 'rm_decision_cpp' with the following arguments: {'ament_cmake_args': None, 'build_base': '/home/sentry_ws/src/build/rm_decision_cpp', 'catkin_cmake_args': None, 'catkin_skip_building_tests': False, 'cmake_args': None, 'cmake_clean_cache': False, 'cmake_clean_first': False, 'cmake_force_configure': False, 'cmake_target': None, 'cmake_target_skip_unavailable': False, 'install_base': '/home/sentry_ws/src/install/rm_decision_cpp', 'merge_install': False, 'path': '/home/sentry_ws/src/rm_decision_cpp', 'symlink_install': False, 'test_result_base': None}
[0.324s] Level 5:colcon.colcon_core.verb:set package 'gazebo_plugins' build argument 'cmake_args' from command line to 'None'
[0.324s] Level 5:colcon.colcon_core.verb:set package 'gazebo_plugins' build argument 'cmake_target' from command line to 'None'
[0.324s] Level 5:colcon.colcon_core.verb:set package 'gazebo_plugins' build argument 'cmake_target_skip_unavailable' from command line to 'False'
[0.324s] Level 5:colcon.colcon_core.verb:set package 'gazebo_plugins' build argument 'cmake_clean_cache' from command line to 'False'
[0.324s] Level 5:colcon.colcon_core.verb:set package 'gazebo_plugins' build argument 'cmake_clean_first' from command line to 'False'
[0.324s] Level 5:colcon.colcon_core.verb:set package 'gazebo_plugins' build argument 'cmake_force_configure' from command line to 'False'
[0.324s] Level 5:colcon.colcon_core.verb:set package 'gazebo_plugins' build argument 'ament_cmake_args' from command line to 'None'
[0.324s] Level 5:colcon.colcon_core.verb:set package 'gazebo_plugins' build argument 'catkin_cmake_args' from command line to 'None'
[0.324s] Level 5:colcon.colcon_core.verb:set package 'gazebo_plugins' build argument 'catkin_skip_building_tests' from command line to 'False'
[0.324s] DEBUG:colcon.colcon_core.verb:Building package 'gazebo_plugins' with the following arguments: {'ament_cmake_args': None, 'build_base': '/home/sentry_ws/src/build/gazebo_plugins', 'catkin_cmake_args': None, 'catkin_skip_building_tests': False, 'cmake_args': None, 'cmake_clean_cache': False, 'cmake_clean_first': False, 'cmake_force_configure': False, 'cmake_target': None, 'cmake_target_skip_unavailable': False, 'install_base': '/home/sentry_ws/src/install/gazebo_plugins', 'merge_install': False, 'path': '/home/sentry_ws/src/gazebo_ros_pkgs/gazebo_plugins', 'symlink_install': False, 'test_result_base': None}
[0.325s] Level 5:colcon.colcon_core.verb:set package 'ros2_livox_simulation' build argument 'cmake_args' from command line to 'None'
[0.325s] Level 5:colcon.colcon_core.verb:set package 'ros2_livox_simulation' build argument 'cmake_target' from command line to 'None'
[0.325s] Level 5:colcon.colcon_core.verb:set package 'ros2_livox_simulation' build argument 'cmake_target_skip_unavailable' from command line to 'False'
[0.325s] Level 5:colcon.colcon_core.verb:set package 'ros2_livox_simulation' build argument 'cmake_clean_cache' from command line to 'False'
[0.325s] Level 5:colcon.colcon_core.verb:set package 'ros2_livox_simulation' build argument 'cmake_clean_first' from command line to 'False'
[0.325s] Level 5:colcon.colcon_core.verb:set package 'ros2_livox_simulation' build argument 'cmake_force_configure' from command line to 'False'
[0.325s] Level 5:colcon.colcon_core.verb:set package 'ros2_livox_simulation' build argument 'ament_cmake_args' from command line to 'None'
[0.325s] Level 5:colcon.colcon_core.verb:set package 'ros2_livox_simulation' build argument 'catkin_cmake_args' from command line to 'None'
[0.325s] Level 5:colcon.colcon_core.verb:set package 'ros2_livox_simulation' build argument 'catkin_skip_building_tests' from command line to 'False'
[0.325s] DEBUG:colcon.colcon_core.verb:Building package 'ros2_livox_simulation' with the following arguments: {'ament_cmake_args': None, 'build_base': '/home/sentry_ws/src/build/ros2_livox_simulation', 'catkin_cmake_args': None, 'catkin_skip_building_tests': False, 'cmake_args': None, 'cmake_clean_cache': False, 'cmake_clean_first': False, 'cmake_force_configure': False, 'cmake_target': None, 'cmake_target_skip_unavailable': False, 'install_base': '/home/sentry_ws/src/install/ros2_livox_simulation', 'merge_install': False, 'path': '/home/sentry_ws/src/rm_simulation/livox_laser_simulation_RO2', 'symlink_install': False, 'test_result_base': None}
[0.326s] Level 5:colcon.colcon_core.verb:set package 'gazebo_ros_pkgs' build argument 'cmake_args' from command line to 'None'
[0.326s] Level 5:colcon.colcon_core.verb:set package 'gazebo_ros_pkgs' build argument 'cmake_target' from command line to 'None'
[0.326s] Level 5:colcon.colcon_core.verb:set package 'gazebo_ros_pkgs' build argument 'cmake_target_skip_unavailable' from command line to 'False'
[0.326s] Level 5:colcon.colcon_core.verb:set package 'gazebo_ros_pkgs' build argument 'cmake_clean_cache' from command line to 'False'
[0.326s] Level 5:colcon.colcon_core.verb:set package 'gazebo_ros_pkgs' build argument 'cmake_clean_first' from command line to 'False'
[0.326s] Level 5:colcon.colcon_core.verb:set package 'gazebo_ros_pkgs' build argument 'cmake_force_configure' from command line to 'False'
[0.326s] Level 5:colcon.colcon_core.verb:set package 'gazebo_ros_pkgs' build argument 'ament_cmake_args' from command line to 'None'
[0.326s] Level 5:colcon.colcon_core.verb:set package 'gazebo_ros_pkgs' build argument 'catkin_cmake_args' from command line to 'None'
[0.326s] Level 5:colcon.colcon_core.verb:set package 'gazebo_ros_pkgs' build argument 'catkin_skip_building_tests' from command line to 'False'
[0.326s] DEBUG:colcon.colcon_core.verb:Building package 'gazebo_ros_pkgs' with the following arguments: {'ament_cmake_args': None, 'build_base': '/home/sentry_ws/src/build/gazebo_ros_pkgs', 'catkin_cmake_args': None, 'catkin_skip_building_tests': False, 'cmake_args': None, 'cmake_clean_cache': False, 'cmake_clean_first': False, 'cmake_force_configure': False, 'cmake_target': None, 'cmake_target_skip_unavailable': False, 'install_base': '/home/sentry_ws/src/install/gazebo_ros_pkgs', 'merge_install': False, 'path': '/home/sentry_ws/src/gazebo_ros_pkgs/gazebo_ros_pkgs', 'symlink_install': False, 'test_result_base': None}
[0.326s] Level 5:colcon.colcon_core.verb:set package 'pb_rm_simulation' build argument 'cmake_args' from command line to 'None'
[0.326s] Level 5:colcon.colcon_core.verb:set package 'pb_rm_simulation' build argument 'cmake_target' from command line to 'None'
[0.326s] Level 5:colcon.colcon_core.verb:set package 'pb_rm_simulation' build argument 'cmake_target_skip_unavailable' from command line to 'False'
[0.327s] Level 5:colcon.colcon_core.verb:set package 'pb_rm_simulation' build argument 'cmake_clean_cache' from command line to 'False'
[0.327s] Level 5:colcon.colcon_core.verb:set package 'pb_rm_simulation' build argument 'cmake_clean_first' from command line to 'False'
[0.327s] Level 5:colcon.colcon_core.verb:set package 'pb_rm_simulation' build argument 'cmake_force_configure' from command line to 'False'
[0.327s] Level 5:colcon.colcon_core.verb:set package 'pb_rm_simulation' build argument 'ament_cmake_args' from command line to 'None'
[0.327s] Level 5:colcon.colcon_core.verb:set package 'pb_rm_simulation' build argument 'catkin_cmake_args' from command line to 'None'
[0.327s] Level 5:colcon.colcon_core.verb:set package 'pb_rm_simulation' build argument 'catkin_skip_building_tests' from command line to 'False'
[0.327s] DEBUG:colcon.colcon_core.verb:Building package 'pb_rm_simulation' with the following arguments: {'ament_cmake_args': None, 'build_base': '/home/sentry_ws/src/build/pb_rm_simulation', 'catkin_cmake_args': None, 'catkin_skip_building_tests': False, 'cmake_args': None, 'cmake_clean_cache': False, 'cmake_clean_first': False, 'cmake_force_configure': False, 'cmake_target': None, 'cmake_target_skip_unavailable': False, 'install_base': '/home/sentry_ws/src/install/pb_rm_simulation', 'merge_install': False, 'path': '/home/sentry_ws/src/rm_simulation/pb_rm_simulation', 'symlink_install': False, 'test_result_base': None}
[0.327s] INFO:colcon.colcon_core.executor:Executing jobs using 'parallel' executor
[0.329s] DEBUG:colcon.colcon_parallel_executor.executor.parallel:run_until_complete
[0.329s] INFO:colcon.colcon_ros.task.ament_cmake.build:Building ROS package in '/home/sentry_ws/src/gazebo_ros_pkgs/gazebo_dev' with build type 'ament_cmake'
[0.329s] INFO:colcon.colcon_cmake.task.cmake.build:Building CMake package in '/home/sentry_ws/src/gazebo_ros_pkgs/gazebo_dev'
[0.333s] INFO:colcon.colcon_core.plugin_system:Skipping extension 'colcon_core.shell.bat': Not used on non-Windows systems
[0.334s] INFO:colcon.colcon_core.shell:Skip shell extension 'powershell' for command environment: Not usable outside of PowerShell
[0.334s] DEBUG:colcon.colcon_core.shell:Skip shell extension 'dsv' for command environment
[0.339s] INFO:colcon.colcon_ros.task.ament_cmake.build:Building ROS package in '/home/sentry_ws/src/gazebo_ros_pkgs/gazebo_msgs' with build type 'ament_cmake'
[0.339s] INFO:colcon.colcon_cmake.task.cmake.build:Building CMake package in '/home/sentry_ws/src/gazebo_ros_pkgs/gazebo_msgs'
[0.340s] INFO:colcon.colcon_core.shell:Skip shell extension 'powershell' for command environment: Not usable outside of PowerShell
[0.340s] DEBUG:colcon.colcon_core.shell:Skip shell extension 'dsv' for command environment
[0.345s] INFO:colcon.colcon_ros.task.ament_cmake.build:Building ROS package in '/home/sentry_ws/src/livox_ros_driver2' with build type 'ament_cmake'
[0.345s] INFO:colcon.colcon_cmake.task.cmake.build:Building CMake package in '/home/sentry_ws/src/livox_ros_driver2'
[0.345s] INFO:colcon.colcon_core.shell:Skip shell extension 'powershell' for command environment: Not usable outside of PowerShell
[0.345s] DEBUG:colcon.colcon_core.shell:Skip shell extension 'dsv' for command environment
[0.350s] INFO:colcon.colcon_ros.task.ament_cmake.build:Building ROS package in '/home/sentry_ws/src/auto_aim_interfaces' with build type 'ament_cmake'
[0.350s] INFO:colcon.colcon_cmake.task.cmake.build:Building CMake package in '/home/sentry_ws/src/auto_aim_interfaces'
[0.351s] INFO:colcon.colcon_core.shell:Skip shell extension 'powershell' for command environment: Not usable outside of PowerShell
[0.351s] DEBUG:colcon.colcon_core.shell:Skip shell extension 'dsv' for command environment
[0.357s] INFO:colcon.colcon_ros.task.ament_cmake.build:Building ROS package in '/home/sentry_ws/src/BehaviorTree.CPP' with build type 'ament_cmake'
[0.357s] INFO:colcon.colcon_cmake.task.cmake.build:Building CMake package in '/home/sentry_ws/src/BehaviorTree.CPP'
[0.358s] INFO:colcon.colcon_core.shell:Skip shell extension 'powershell' for command environment: Not usable outside of PowerShell
[0.358s] DEBUG:colcon.colcon_core.shell:Skip shell extension 'dsv' for command environment
[0.365s] INFO:colcon.colcon_ros.task.ament_cmake.build:Building ROS package in '/home/sentry_ws/src/nav2_plugins/behavior_ext_plugins' with build type 'ament_cmake'
[0.365s] INFO:colcon.colcon_cmake.task.cmake.build:Building CMake package in '/home/sentry_ws/src/nav2_plugins/behavior_ext_plugins'
[0.367s] INFO:colcon.colcon_core.shell:Skip shell extension 'powershell' for command environment: Not usable outside of PowerShell
[0.367s] DEBUG:colcon.colcon_core.shell:Skip shell extension 'dsv' for command environment
[0.373s] INFO:colcon.colcon_ros.task.ament_python.build:Building ROS package in '/home/sentry_ws/src/control_panel' with build type 'ament_python'
[0.374s] Level 1:colcon.colcon_core.shell:create_environment_hook('control_panel', 'ament_prefix_path')
[0.375s] INFO:colcon.colcon_core.shell:Creating environment hook '/home/sentry_ws/src/install/control_panel/share/control_panel/hook/ament_prefix_path.ps1'
[0.376s] INFO:colcon.colcon_core.shell:Creating environment descriptor '/home/sentry_ws/src/install/control_panel/share/control_panel/hook/ament_prefix_path.dsv'
[0.376s] INFO:colcon.colcon_core.shell:Creating environment hook '/home/sentry_ws/src/install/control_panel/share/control_panel/hook/ament_prefix_path.sh'
[0.378s] INFO:colcon.colcon_core.shell:Skip shell extension 'powershell' for command environment: Not usable outside of PowerShell
[0.378s] DEBUG:colcon.colcon_core.shell:Skip shell extension 'dsv' for command environment
[0.385s] INFO:colcon.colcon_ros.task.ament_cmake.build:Building ROS package in '/home/sentry_ws/src/nav2_plugins/costmap_intensity' with build type 'ament_cmake'
[0.385s] INFO:colcon.colcon_cmake.task.cmake.build:Building CMake package in '/home/sentry_ws/src/nav2_plugins/costmap_intensity'
[0.387s] INFO:colcon.colcon_core.shell:Skip shell extension 'powershell' for command environment: Not usable outside of PowerShell
[0.387s] DEBUG:colcon.colcon_core.shell:Skip shell extension 'dsv' for command environment
[0.393s] INFO:colcon.colcon_ros.task.ament_cmake.build:Building ROS package in '/home/sentry_ws/src/rm_interfaces' with build type 'ament_cmake'
[0.394s] INFO:colcon.colcon_cmake.task.cmake.build:Building CMake package in '/home/sentry_ws/src/rm_interfaces'
[0.395s] INFO:colcon.colcon_core.shell:Skip shell extension 'powershell' for command environment: Not usable outside of PowerShell
[0.395s] DEBUG:colcon.colcon_core.shell:Skip shell extension 'dsv' for command environment
[0.401s] INFO:colcon.colcon_ros.task.ament_cmake.build:Building ROS package in '/home/sentry_ws/src/autonomous_exploration_development_environment/src/sensor_scan_generation' with build type 'ament_cmake'
[0.402s] INFO:colcon.colcon_cmake.task.cmake.build:Building CMake package in '/home/sentry_ws/src/autonomous_exploration_development_environment/src/sensor_scan_generation'
[0.403s] INFO:colcon.colcon_core.shell:Skip shell extension 'powershell' for command environment: Not usable outside of PowerShell
[0.403s] DEBUG:colcon.colcon_core.shell:Skip shell extension 'dsv' for command environment
[0.411s] INFO:colcon.colcon_ros.task.ament_cmake.build:Building ROS package in '/home/sentry_ws/src/sentry_bringup' with build type 'ament_cmake'
[0.411s] INFO:colcon.colcon_cmake.task.cmake.build:Building CMake package in '/home/sentry_ws/src/sentry_bringup'
[0.412s] INFO:colcon.colcon_core.shell:Skip shell extension 'powershell' for command environment: Not usable outside of PowerShell
[0.412s] DEBUG:colcon.colcon_core.shell:Skip shell extension 'dsv' for command environment
[0.418s] INFO:colcon.colcon_ros.task.ament_cmake.build:Building ROS package in '/home/sentry_ws/src/sentry_waypoint_loader_cpp' with build type 'ament_cmake'
[0.418s] INFO:colcon.colcon_cmake.task.cmake.build:Building CMake package in '/home/sentry_ws/src/sentry_waypoint_loader_cpp'
[0.418s] INFO:colcon.colcon_core.shell:Skip shell extension 'powershell' for command environment: Not usable outside of PowerShell
[0.418s] DEBUG:colcon.colcon_core.shell:Skip shell extension 'dsv' for command environment
[0.423s] INFO:colcon.colcon_ros.task.ament_cmake.build:Building ROS package in '/home/sentry_ws/src/autonomous_exploration_development_environment/src/terrain_analysis' with build type 'ament_cmake'
[0.423s] INFO:colcon.colcon_cmake.task.cmake.build:Building CMake package in '/home/sentry_ws/src/autonomous_exploration_development_environment/src/terrain_analysis'
[0.424s] INFO:colcon.colcon_core.shell:Skip shell extension 'powershell' for command environment: Not usable outside of PowerShell
[0.424s] DEBUG:colcon.colcon_core.shell:Skip shell extension 'dsv' for command environment
[0.428s] INFO:colcon.colcon_ros.task.ament_cmake.build:Building ROS package in '/home/sentry_ws/src/autonomous_exploration_development_environment/src/terrain_analysis_ext' with build type 'ament_cmake'
[0.428s] INFO:colcon.colcon_cmake.task.cmake.build:Building CMake package in '/home/sentry_ws/src/autonomous_exploration_development_environment/src/terrain_analysis_ext'
[0.429s] INFO:colcon.colcon_core.shell:Skip shell extension 'powershell' for command environment: Not usable outside of PowerShell
[0.429s] DEBUG:colcon.colcon_core.shell:Skip shell extension 'dsv' for command environment
[0.434s] INFO:colcon.colcon_ros.task.ament_cmake.build:Building ROS package in '/home/sentry_ws/src/nav2_plugins/velocity_smoother_ext' with build type 'ament_cmake'
[0.435s] INFO:colcon.colcon_cmake.task.cmake.build:Building CMake package in '/home/sentry_ws/src/nav2_plugins/velocity_smoother_ext'
[0.435s] INFO:colcon.colcon_core.shell:Skip shell extension 'powershell' for command environment: Not usable outside of PowerShell
[0.435s] DEBUG:colcon.colcon_core.shell:Skip shell extension 'dsv' for command environment
[0.446s] DEBUG:colcon.colcon_core.event_handler.log_command:Invoking command in '/home/sentry_ws/src/build/gazebo_dev': CMAKE_PREFIX_PATH=${CMAKE_PREFIX_PATH}:/home/sentry_ws/install/control_panel:/opt/ros/humble /usr/bin/cmake --build /home/sentry_ws/src/build/gazebo_dev -- -j16 -l16
[0.450s] DEBUG:colcon.colcon_core.event_handler.log_command:Invoking command in '/home/sentry_ws/src/build/gazebo_msgs': CMAKE_PREFIX_PATH=${CMAKE_PREFIX_PATH}:/home/sentry_ws/install/control_panel:/opt/ros/humble /usr/bin/cmake --build /home/sentry_ws/src/build/gazebo_msgs -- -j16 -l16
[0.452s] DEBUG:colcon.colcon_core.event_handler.log_command:Invoking command in '/home/sentry_ws/src/build/livox_ros_driver2': CMAKE_PREFIX_PATH=${CMAKE_PREFIX_PATH}:/home/sentry_ws/install/control_panel:/opt/ros/humble /usr/bin/cmake /home/sentry_ws/src/livox_ros_driver2 -DCMAKE_INSTALL_PREFIX=/home/sentry_ws/src/install/livox_ros_driver2
[0.454s] DEBUG:colcon.colcon_core.event_handler.log_command:Invoking command in '/home/sentry_ws/src/build/auto_aim_interfaces': CMAKE_PREFIX_PATH=${CMAKE_PREFIX_PATH}:/home/sentry_ws/install/control_panel:/opt/ros/humble /usr/bin/cmake --build /home/sentry_ws/src/build/auto_aim_interfaces -- -j16 -l16
[0.456s] DEBUG:colcon.colcon_core.event_handler.log_command:Invoking command in '/home/sentry_ws/src/build/behaviortree_cpp': CMAKE_PREFIX_PATH=${CMAKE_PREFIX_PATH}:/home/sentry_ws/install/control_panel:/opt/ros/humble /usr/bin/cmake --build /home/sentry_ws/src/build/behaviortree_cpp -- -j16 -l16
[0.459s] DEBUG:colcon.colcon_core.event_handler.log_command:Invoking command in '/home/sentry_ws/src/build/behavior_ext_plugins': CMAKE_PREFIX_PATH=${CMAKE_PREFIX_PATH}:/home/sentry_ws/install/control_panel:/opt/ros/humble /usr/bin/cmake /home/sentry_ws/src/nav2_plugins/behavior_ext_plugins -DCMAKE_INSTALL_PREFIX=/home/sentry_ws/src/install/behavior_ext_plugins
[0.779s] INFO:colcon.colcon_core.task.python.build:Building Python package in '/home/sentry_ws/src/control_panel'
[0.781s] INFO:colcon.colcon_core.shell:Skip shell extension 'powershell' for command environment: Not usable outside of PowerShell
[0.781s] DEBUG:colcon.colcon_core.shell:Skip shell extension 'dsv' for command environment
[0.836s] DEBUG:colcon.colcon_core.event_handler.log_command:Invoking command in '/home/sentry_ws/src/build/costmap_intensity': CMAKE_PREFIX_PATH=${CMAKE_PREFIX_PATH}:/home/sentry_ws/install/control_panel:/opt/ros/humble /usr/bin/cmake --build /home/sentry_ws/src/build/costmap_intensity -- -j16 -l16
[0.863s] DEBUG:colcon.colcon_core.event_handler.log_command:Invoking command in '/home/sentry_ws/src/build/rm_interfaces': CMAKE_PREFIX_PATH=${CMAKE_PREFIX_PATH}:/home/sentry_ws/install/control_panel:/opt/ros/humble /usr/bin/cmake --build /home/sentry_ws/src/build/rm_interfaces -- -j16 -l16
[0.883s] DEBUG:colcon.colcon_core.event_handler.log_command:Invoking command in '/home/sentry_ws/src/build/sensor_scan_generation': CMAKE_PREFIX_PATH=${CMAKE_PREFIX_PATH}:/home/sentry_ws/install/control_panel:/opt/ros/humble /usr/bin/cmake /home/sentry_ws/src/autonomous_exploration_development_environment/src/sensor_scan_generation -DCMAKE_INSTALL_PREFIX=/home/sentry_ws/src/install/sensor_scan_generation
[0.908s] DEBUG:colcon.colcon_core.event_handler.log_command:Invoking command in '/home/sentry_ws/src/build/sentry_bringup': CMAKE_PREFIX_PATH=${CMAKE_PREFIX_PATH}:/home/sentry_ws/install/control_panel:/opt/ros/humble /usr/bin/cmake --build /home/sentry_ws/src/build/sentry_bringup -- -j16 -l16
[0.932s] DEBUG:colcon.colcon_core.event_handler.log_command:Invoking command in '/home/sentry_ws/src/build/sentry_waypoint_loader_cpp': CMAKE_PREFIX_PATH=${CMAKE_PREFIX_PATH}:/home/sentry_ws/install/control_panel:/opt/ros/humble /usr/bin/cmake --build /home/sentry_ws/src/build/sentry_waypoint_loader_cpp -- -j16 -l16
[0.960s] DEBUG:colcon.colcon_core.event_handler.log_command:Invoking command in '/home/sentry_ws/src/build/terrain_analysis': CMAKE_PREFIX_PATH=${CMAKE_PREFIX_PATH}:/home/sentry_ws/install/control_panel:/opt/ros/humble /usr/bin/cmake /home/sentry_ws/src/autonomous_exploration_development_environment/src/terrain_analysis -DCMAKE_INSTALL_PREFIX=/home/sentry_ws/src/install/terrain_analysis
[1.003s] DEBUG:colcon.colcon_core.event_handler.log_command:Invoking command in '/home/sentry_ws/src/build/terrain_analysis_ext': CMAKE_PREFIX_PATH=${CMAKE_PREFIX_PATH}:/home/sentry_ws/install/control_panel:/opt/ros/humble /usr/bin/cmake /home/sentry_ws/src/autonomous_exploration_development_environment/src/terrain_analysis_ext -DCMAKE_INSTALL_PREFIX=/home/sentry_ws/src/install/terrain_analysis_ext
[1.324s] DEBUG:colcon.colcon_core.event_handler.log_command:Invoking command in '/home/sentry_ws/src/build/velocity_smoother_ext': CMAKE_PREFIX_PATH=${CMAKE_PREFIX_PATH}:/home/sentry_ws/install/control_panel:/opt/ros/humble /usr/bin/cmake --build /home/sentry_ws/src/build/velocity_smoother_ext -- -j16 -l16
[1.391s] DEBUG:colcon.colcon_core.event_handler.log_command:Invoked command in '/home/sentry_ws/src/build/gazebo_dev' returned '0': CMAKE_PREFIX_PATH=${CMAKE_PREFIX_PATH}:/home/sentry_ws/install/control_panel:/opt/ros/humble /usr/bin/cmake --build /home/sentry_ws/src/build/gazebo_dev -- -j16 -l16
[1.443s] DEBUG:colcon.colcon_core.event_handler.log_command:Invoked command in '/home/sentry_ws/src/build/sentry_bringup' returned '0': CMAKE_PREFIX_PATH=${CMAKE_PREFIX_PATH}:/home/sentry_ws/install/control_panel:/opt/ros/humble /usr/bin/cmake --build /home/sentry_ws/src/build/sentry_bringup -- -j16 -l16
[1.527s] DEBUG:colcon.colcon_core.event_handler.log_command:Invoked command in '/home/sentry_ws/src/build/sentry_waypoint_loader_cpp' returned '0': CMAKE_PREFIX_PATH=${CMAKE_PREFIX_PATH}:/home/sentry_ws/install/control_panel:/opt/ros/humble /usr/bin/cmake --build /home/sentry_ws/src/build/sentry_waypoint_loader_cpp -- -j16 -l16
[1.789s] DEBUG:colcon.colcon_core.event_handler.log_command:Invoking command in '/home/sentry_ws/src/build/gazebo_dev': CMAKE_PREFIX_PATH=${CMAKE_PREFIX_PATH}:/home/sentry_ws/install/control_panel:/opt/ros/humble /usr/bin/cmake --install /home/sentry_ws/src/build/gazebo_dev
[1.827s] DEBUG:colcon.colcon_core.event_handler.log_command:Invoking command in '/home/sentry_ws/src/build/sentry_bringup': CMAKE_PREFIX_PATH=${CMAKE_PREFIX_PATH}:/home/sentry_ws/install/control_panel:/opt/ros/humble /usr/bin/cmake --install /home/sentry_ws/src/build/sentry_bringup
[1.939s] DEBUG:colcon.colcon_core.event_handler.log_command:Invoking command in '/home/sentry_ws/src/build/sentry_waypoint_loader_cpp': CMAKE_PREFIX_PATH=${CMAKE_PREFIX_PATH}:/home/sentry_ws/install/control_panel:/opt/ros/humble /usr/bin/cmake --install /home/sentry_ws/src/build/sentry_waypoint_loader_cpp
[2.410s] DEBUG:colcon.colcon_core.event_handler.log_command:Invoking command in '/home/sentry_ws/src/control_panel': PYTHONPATH=/home/sentry_ws/src/build/control_panel/prefix_override:/home/sentry_ws/src/install/control_panel/lib/python3.10/site-packages:${PYTHONPATH} /usr/bin/python3 setup.py egg_info --egg-base ../build/control_panel build --build-base /home/sentry_ws/src/build/control_panel/build install --record /home/sentry_ws/src/build/control_panel/install.log --single-version-externally-managed
[3.633s] DEBUG:colcon.colcon_parallel_executor.executor.parallel:run_until_complete was interrupted
[3.633s] DEBUG:colcon.colcon_parallel_executor.executor.parallel:run_until_complete again
[3.650s] DEBUG:colcon.colcon_core.event_handler.log_command:Invoked command in '/home/sentry_ws/src/build/terrain_analysis' returned '-2': CMAKE_PREFIX_PATH=${CMAKE_PREFIX_PATH}:/home/sentry_ws/install/control_panel:/opt/ros/humble /usr/bin/cmake /home/sentry_ws/src/autonomous_exploration_development_environment/src/terrain_analysis -DCMAKE_INSTALL_PREFIX=/home/sentry_ws/src/install/terrain_analysis
[3.881s] Level 1:colcon.colcon_core.environment:create_environment_scripts_only(gazebo_dev)
[3.885s] DEBUG:colcon.colcon_core.event_handler.log_command:Invoked command in '/home/sentry_ws/src/build/gazebo_dev' returned '0': CMAKE_PREFIX_PATH=${CMAKE_PREFIX_PATH}:/home/sentry_ws/install/control_panel:/opt/ros/humble /usr/bin/cmake --install /home/sentry_ws/src/build/gazebo_dev
[3.891s] Level 1:colcon.colcon_core.environment:checking '/home/sentry_ws/src/install/gazebo_dev' for CMake module files
[3.891s] Level 1:colcon.colcon_core.environment:checking '/home/sentry_ws/src/install/gazebo_dev' for CMake config files
[3.892s] Level 1:colcon.colcon_core.shell:create_environment_hook('gazebo_dev', 'cmake_prefix_path')
[3.892s] INFO:colcon.colcon_core.shell:Creating environment hook '/home/sentry_ws/src/install/gazebo_dev/share/gazebo_dev/hook/cmake_prefix_path.ps1'
[3.893s] INFO:colcon.colcon_core.shell:Creating environment descriptor '/home/sentry_ws/src/install/gazebo_dev/share/gazebo_dev/hook/cmake_prefix_path.dsv'
[3.893s] INFO:colcon.colcon_core.shell:Creating environment hook '/home/sentry_ws/src/install/gazebo_dev/share/gazebo_dev/hook/cmake_prefix_path.sh'
[3.894s] Level 1:colcon.colcon_core.environment:checking '/home/sentry_ws/src/install/gazebo_dev/bin'
[3.894s] Level 1:colcon.colcon_core.environment:checking '/home/sentry_ws/src/install/gazebo_dev/lib/pkgconfig/gazebo_dev.pc'
[3.894s] Level 1:colcon.colcon_core.environment:checking '/home/sentry_ws/src/install/gazebo_dev/lib/python3.10/site-packages'
[3.894s] Level 1:colcon.colcon_core.environment:checking '/home/sentry_ws/src/install/gazebo_dev/bin'
[3.895s] INFO:colcon.colcon_core.shell:Creating package script '/home/sentry_ws/src/install/gazebo_dev/share/gazebo_dev/package.ps1'
[3.895s] INFO:colcon.colcon_core.shell:Creating package descriptor '/home/sentry_ws/src/install/gazebo_dev/share/gazebo_dev/package.dsv'
[3.895s] INFO:colcon.colcon_core.shell:Creating package script '/home/sentry_ws/src/install/gazebo_dev/share/gazebo_dev/package.sh'
[3.896s] INFO:colcon.colcon_core.shell:Creating package script '/home/sentry_ws/src/install/gazebo_dev/share/gazebo_dev/package.bash'
[3.897s] INFO:colcon.colcon_core.shell:Creating package script '/home/sentry_ws/src/install/gazebo_dev/share/gazebo_dev/package.zsh'
[3.897s] Level 1:colcon.colcon_core.environment:create_file_with_runtime_dependencies(/home/sentry_ws/src/install/gazebo_dev/share/colcon-core/packages/gazebo_dev)
[3.898s] Level 1:colcon.colcon_core.environment:create_environment_scripts_only(sentry_waypoint_loader_cpp)
[3.899s] Level 1:colcon.colcon_core.environment:checking '/home/sentry_ws/src/install/sentry_waypoint_loader_cpp' for CMake module files
[3.900s] DEBUG:colcon.colcon_core.event_handler.log_command:Invoked command in '/home/sentry_ws/src/build/sentry_waypoint_loader_cpp' returned '0': CMAKE_PREFIX_PATH=${CMAKE_PREFIX_PATH}:/home/sentry_ws/install/control_panel:/opt/ros/humble /usr/bin/cmake --install /home/sentry_ws/src/build/sentry_waypoint_loader_cpp
[3.900s] Level 1:colcon.colcon_core.environment:checking '/home/sentry_ws/src/install/sentry_waypoint_loader_cpp' for CMake config files
[3.900s] Level 1:colcon.colcon_core.shell:create_environment_hook('sentry_waypoint_loader_cpp', 'cmake_prefix_path')
[3.901s] INFO:colcon.colcon_core.shell:Creating environment hook '/home/sentry_ws/src/install/sentry_waypoint_loader_cpp/share/sentry_waypoint_loader_cpp/hook/cmake_prefix_path.ps1'
[3.901s] INFO:colcon.colcon_core.shell:Creating environment descriptor '/home/sentry_ws/src/install/sentry_waypoint_loader_cpp/share/sentry_waypoint_loader_cpp/hook/cmake_prefix_path.dsv'
[3.902s] INFO:colcon.colcon_core.shell:Creating environment hook '/home/sentry_ws/src/install/sentry_waypoint_loader_cpp/share/sentry_waypoint_loader_cpp/hook/cmake_prefix_path.sh'
[3.902s] Level 1:colcon.colcon_core.environment:checking '/home/sentry_ws/src/install/sentry_waypoint_loader_cpp/lib'
[3.902s] Level 1:colcon.colcon_core.shell:create_environment_hook('sentry_waypoint_loader_cpp', 'ld_library_path_lib')
[3.903s] INFO:colcon.colcon_core.shell:Creating environment hook '/home/sentry_ws/src/install/sentry_waypoint_loader_cpp/share/sentry_waypoint_loader_cpp/hook/ld_library_path_lib.ps1'
[3.903s] INFO:colcon.colcon_core.shell:Creating environment descriptor '/home/sentry_ws/src/install/sentry_waypoint_loader_cpp/share/sentry_waypoint_loader_cpp/hook/ld_library_path_lib.dsv'
[3.903s] INFO:colcon.colcon_core.shell:Creating environment hook '/home/sentry_ws/src/install/sentry_waypoint_loader_cpp/share/sentry_waypoint_loader_cpp/hook/ld_library_path_lib.sh'
[3.904s] Level 1:colcon.colcon_core.environment:checking '/home/sentry_ws/src/install/sentry_waypoint_loader_cpp/bin'
[3.904s] Level 1:colcon.colcon_core.environment:checking '/home/sentry_ws/src/install/sentry_waypoint_loader_cpp/lib/pkgconfig/sentry_waypoint_loader_cpp.pc'
[3.904s] Level 1:colcon.colcon_core.environment:checking '/home/sentry_ws/src/install/sentry_waypoint_loader_cpp/lib/python3.10/site-packages'
[3.904s] Level 1:colcon.colcon_core.environment:checking '/home/sentry_ws/src/install/sentry_waypoint_loader_cpp/bin'
[3.905s] INFO:colcon.colcon_core.shell:Creating package script '/home/sentry_ws/src/install/sentry_waypoint_loader_cpp/share/sentry_waypoint_loader_cpp/package.ps1'
[3.905s] INFO:colcon.colcon_core.shell:Creating package descriptor '/home/sentry_ws/src/install/sentry_waypoint_loader_cpp/share/sentry_waypoint_loader_cpp/package.dsv'
[3.905s] INFO:colcon.colcon_core.shell:Creating package script '/home/sentry_ws/src/install/sentry_waypoint_loader_cpp/share/sentry_waypoint_loader_cpp/package.sh'
[3.906s] INFO:colcon.colcon_core.shell:Creating package script '/home/sentry_ws/src/install/sentry_waypoint_loader_cpp/share/sentry_waypoint_loader_cpp/package.bash'
[3.906s] INFO:colcon.colcon_core.shell:Creating package script '/home/sentry_ws/src/install/sentry_waypoint_loader_cpp/share/sentry_waypoint_loader_cpp/package.zsh'
[3.906s] Level 1:colcon.colcon_core.environment:create_file_with_runtime_dependencies(/home/sentry_ws/src/install/sentry_waypoint_loader_cpp/share/colcon-core/packages/sentry_waypoint_loader_cpp)
[3.908s] Level 1:colcon.colcon_core.environment:checking '/home/sentry_ws/src/install/control_panel' for CMake module files
[3.909s] DEBUG:colcon.colcon_core.event_handler.log_command:Invoked command in '/home/sentry_ws/src/control_panel' returned '0': PYTHONPATH=/home/sentry_ws/src/build/control_panel/prefix_override:/home/sentry_ws/src/install/control_panel/lib/python3.10/site-packages:${PYTHONPATH} /usr/bin/python3 setup.py egg_info --egg-base ../build/control_panel build --build-base /home/sentry_ws/src/build/control_panel/build install --record /home/sentry_ws/src/build/control_panel/install.log --single-version-externally-managed
[3.909s] Level 1:colcon.colcon_core.environment:checking '/home/sentry_ws/src/install/control_panel' for CMake config files
[3.909s] Level 1:colcon.colcon_core.environment:checking '/home/sentry_ws/src/install/control_panel/lib'
[3.909s] Level 1:colcon.colcon_core.environment:checking '/home/sentry_ws/src/install/control_panel/bin'
[3.909s] Level 1:colcon.colcon_core.environment:checking '/home/sentry_ws/src/install/control_panel/lib/pkgconfig/control_panel.pc'
[3.910s] Level 1:colcon.colcon_core.environment:checking '/home/sentry_ws/src/install/control_panel/lib/python3.10/site-packages'
[3.910s] Level 1:colcon.colcon_core.shell:create_environment_hook('control_panel', 'pythonpath')
[3.910s] INFO:colcon.colcon_core.shell:Creating environment hook '/home/sentry_ws/src/install/control_panel/share/control_panel/hook/pythonpath.ps1'
[3.911s] INFO:colcon.colcon_core.shell:Creating environment descriptor '/home/sentry_ws/src/install/control_panel/share/control_panel/hook/pythonpath.dsv'
[3.911s] INFO:colcon.colcon_core.shell:Creating environment hook '/home/sentry_ws/src/install/control_panel/share/control_panel/hook/pythonpath.sh'
[3.911s] Level 1:colcon.colcon_core.environment:checking '/home/sentry_ws/src/install/control_panel/bin'
[3.911s] Level 1:colcon.colcon_core.environment:create_environment_scripts_only(control_panel)
[3.912s] INFO:colcon.colcon_core.shell:Creating package script '/home/sentry_ws/src/install/control_panel/share/control_panel/package.ps1'
[3.912s] INFO:colcon.colcon_core.shell:Creating package descriptor '/home/sentry_ws/src/install/control_panel/share/control_panel/package.dsv'
[3.913s] INFO:colcon.colcon_core.shell:Creating package script '/home/sentry_ws/src/install/control_panel/share/control_panel/package.sh'
[3.913s] INFO:colcon.colcon_core.shell:Creating package script '/home/sentry_ws/src/install/control_panel/share/control_panel/package.bash'
[3.913s] INFO:colcon.colcon_core.shell:Creating package script '/home/sentry_ws/src/install/control_panel/share/control_panel/package.zsh'
[3.913s] Level 1:colcon.colcon_core.environment:create_file_with_runtime_dependencies(/home/sentry_ws/src/install/control_panel/share/colcon-core/packages/control_panel)
[6.347s] DEBUG:colcon.colcon_parallel_executor.executor.parallel:run_until_complete finished
[6.347s] DEBUG:colcon.colcon_parallel_executor.executor.parallel:closing loop
[6.347s] DEBUG:colcon.colcon_parallel_executor.executor.parallel:loop closed
[6.347s] DEBUG:colcon.colcon_core.event_reactor:joining thread
[6.353s] INFO:colcon.colcon_core.plugin_system:Skipping extension 'colcon_notification.desktop_notification.notify_send': Could not find 'notify-send'
[6.353s] INFO:colcon.colcon_core.plugin_system:Skipping extension 'colcon_notification.desktop_notification.terminal_notifier': Not used on non-Darwin systems
[6.353s] INFO:colcon.colcon_core.plugin_system:Skipping extension 'colcon_notification.desktop_notification.win32': Not used on non-Windows systems
[6.353s] INFO:colcon.colcon_notification.desktop_notification:Sending desktop notification using 'notify2'
[6.356s] DEBUG:colcon.colcon_notification.desktop_notification.notify2:Failed to initialize notify2: org.freedesktop.DBus.Error.Spawn.ExecFailed: /usr/bin/dbus-launch terminated abnormally without any error message
[6.357s] DEBUG:colcon.colcon_core.event_reactor:joined thread
[6.359s] INFO:colcon.colcon_core.shell:Creating prefix script '/home/sentry_ws/src/install/local_setup.ps1'
[6.360s] INFO:colcon.colcon_core.shell:Creating prefix util module '/home/sentry_ws/src/install/_local_setup_util_ps1.py'
[6.360s] INFO:colcon.colcon_core.shell:Creating prefix chain script '/home/sentry_ws/src/install/setup.ps1'
[6.362s] INFO:colcon.colcon_core.shell:Creating prefix script '/home/sentry_ws/src/install/local_setup.sh'
[6.362s] INFO:colcon.colcon_core.shell:Creating prefix util module '/home/sentry_ws/src/install/_local_setup_util_sh.py'
[6.363s] INFO:colcon.colcon_core.shell:Creating prefix chain script '/home/sentry_ws/src/install/setup.sh'
[6.365s] INFO:colcon.colcon_core.shell:Creating prefix script '/home/sentry_ws/src/install/local_setup.bash'
[6.365s] INFO:colcon.colcon_core.shell:Creating prefix chain script '/home/sentry_ws/src/install/setup.bash'
[6.367s] INFO:colcon.colcon_core.shell:Creating prefix script '/home/sentry_ws/src/install/local_setup.zsh'
[6.367s] INFO:colcon.colcon_core.shell:Creating prefix chain script '/home/sentry_ws/src/install/setup.zsh'
