                 0.9 0 0 0 -2.03199e-05   6.3729e-07 -0.000108582 0 0 0 0 0 0 -0.000677464  5.34539e-06    -0.001027 -1.91701e-06 -0.000181086 -4.73454e-06 0 0 0  -0.0025918 2.13794e-05      -9.809 
                   1 0.0222808 -0.059432  0.865436 0.00860312  0.0102044 -0.0080248  1.33828e-06 -1.63919e-06  8.65299e-06  8.76519e-08  9.63703e-08 -7.34768e-08 -0.00246317 0.000809695 -0.00302705 -1.95238e-06 -0.000181039 -5.04341e-06 -1.75856e-07 -1.99195e-07  1.49521e-07 -0.00259164  2.1571e-05      -9.809 
                 1.1  0.101842 -0.163065  0.896763    0.013626   0.0105973 -0.00835361  3.88754e-06 -4.00453e-05  9.30077e-06  3.54793e-08  9.48548e-08 -8.17459e-08    0.0199464 -0.000384521  -0.00275231 -0.000237717  0.000148315 -0.000110269 -7.08508e-06 -6.11936e-07 -5.67885e-08 -0.00258499 2.19874e-05      -9.809 
                 1.2 -0.0912696 -0.0275926   0.913674 0.00825336  0.0093993 0.00524385 0.000540923  0.00241301 1.96745e-05 -1.56425e-06 -1.87831e-06 -1.52793e-06 -0.00828107 -0.00221807   0.0485572  0.000462402 -0.000331869 -0.000155004  0.000429956 -9.64533e-05 -0.000409537 -0.00300763 0.000107393      -9.809 
                 1.3   -0.10977 -0.0438056   0.847384 0.00674583 0.00841522  0.0056024 -0.00101092  0.00277709  2.0485e-05 -1.31812e-06  -1.9647e-06 -1.50776e-06  -0.0114592 -0.00298838   0.0343077  0.000501405 -0.000275647  6.91542e-05  0.00049496 0.000180071  0.00017411  -0.00306487 -0.000159264       -9.809 
                 1.4 0.0609126  0.122891  0.914875  0.00632471   0.0118821 -0.00118172  0.00240393 0.000219934 1.62849e-05   1.5941e-06 -6.60679e-06 -1.84123e-06 -0.00656533  0.00448229  0.00690014 -0.000171393 -0.000815131 -0.000159879  3.86175e-05 -0.000428585   0.00279129 -0.00263106 0.000431921      -9.809 
                 1.5 -0.102943  0.073084  0.876794   0.00621915    0.0115407 -0.000583644 -0.00106158 -0.00202249 1.31757e-05  1.50888e-06 -6.38804e-06 -1.99775e-06 -0.00450305  0.00515179   0.0058883  0.000371453  -0.00063246 -3.51033e-05 -0.000361305  0.000188309   0.00306078  -0.00223703 -0.000155647       -9.809 
                 1.6 0.0232332  0.109945  0.862726  0.00567234   0.0121622 -0.00312248  -0.00235864 -0.000922773  1.45387e-05  1.29385e-06 -7.39509e-06 -1.73557e-06 -0.00315027  0.00351837 -0.00187602  -5.1399e-05 -0.000738442  8.77431e-06 -0.000165595  0.000419143    0.0054109  -0.00242114 -0.000381884       -9.809 
                 1.7 -0.0204419   0.157971   0.908278  0.00555456   0.0107615 -0.00382633  -0.0133621 -0.00118307 1.20149e-05   1.0249e-06 -7.45385e-06 -1.61228e-06 2.51665e-05 -0.00077856 -0.00408996  0.000123277 -0.000872662 -0.000131318 -0.000211826   0.00237879   0.00622214 -0.00234777 -0.00226638      -9.809 
                 1.8 -0.131766  0.079306  0.874212  0.00884992  0.00844595 0.000687369  -0.0260508  -0.0232024 1.37163e-05  3.13015e-06 -8.87909e-06 -4.07253e-06  0.00980513 -0.00361571  0.00593428  0.000529034 -0.000533559 -2.37875e-05  -0.00413497   0.00463865 -0.000144008  0.00146332 -0.00437766      -9.809 
                 1.9 -0.135725  0.193651  0.812513 0.00840313 0.00775896 0.00160107  -0.0280592  -0.0117902 1.72593e-05  3.09554e-06 -9.41174e-06 -4.32422e-06  0.00976908 -0.00301445  0.00627936   0.00053856 -0.000890402  0.000159626  -0.00210196   0.00499649 -0.000712483 -0.000485576  -0.00475235       -9.809 
                   2   -0.11045 -0.0841893   0.889141   0.00986466   0.00762709 -0.000826545 -0.0279824 -0.0166732 2.7401e-05  -3.0457e-07 -9.63641e-06 -4.79071e-06  0.00806304 -0.00258899 -0.00124474  0.000448342  -4.2331e-05 -6.68548e-05 -0.00297185  0.00498361  0.00424407 0.000343372 -0.00473027      -9.809 
                 2.1 -0.0917471 -0.0592502   0.870719  0.00587613  0.00606062 0.000189159   -0.034351  0.00929904 5.07544e-05  9.18822e-08 -9.11526e-06 -3.03333e-06 -0.00511237 -0.00522433   0.0006738  0.000400446  -0.00017389 -1.62677e-05  0.0016548 0.00611852 0.00224176 -0.00408501 -0.00588677      -9.809 
                 2.2 -0.322426 0.0649263  0.961641   0.00677684   0.00387647 -0.000185438  -0.0448418  0.00349191 5.65527e-05 -9.23207e-08 -9.03692e-06  -3.3222e-06 -0.000378377  -0.00390535  -0.00126984   0.00107903   -0.0005087 -0.000276833 0.000621724  0.00798682  0.00305488 -0.00306626 -0.00766976      -9.809 
                 2.3 -0.085274 0.0697924  0.907629  0.00633881  0.00691039 -0.00894573  -0.0285793  0.00537922 3.91202e-05  2.80773e-06 -1.42699e-05 -4.69805e-06 -0.0006232 0.00136602 -0.0192661  0.000367722 -0.000517454 -0.000118689 0.000962987   0.0050826   0.0166501 -0.00344961  -0.0049022      -9.809 
                 2.4   -0.143655 -0.00233114    0.832357 0.00326313 0.00792761  -0.010444  -0.0254686   0.0170777 6.09632e-05  2.20468e-06 -1.58271e-05 -5.26094e-06 -0.0084487 0.00541099 -0.0220697  0.000515005 -0.000332751  9.02057e-05 0.00304867 0.00452939    0.01589  -0.0054614 -0.00439844      -9.809 
                 2.5 -0.11967 0.214035  0.91176 0.00600425  0.0110704 -0.0071792  -0.0165984  0.00513386 4.33202e-05 -3.19453e-06 -1.50296e-05 -1.02821e-06 0.00330952  0.0131816 -0.0113489  0.000416815 -0.000892243  -0.00012535 0.000919938  0.00295567   0.0080308 -0.00343632 -0.00283692      -9.809 
                 2.6 0.0369947  0.230457  0.872713  0.00645664   0.0133527 -0.00780689  -0.0126725  0.00541463 4.89664e-05 -3.65398e-06 -1.42417e-05 -2.25417e-06 0.00664407   0.013419 -0.0112484 -1.79979e-05 -0.000921256 -1.85541e-05 0.000971038  0.00225564  0.00723857 -0.00349523 -0.00216267      -9.809 
                 2.7  -0.05612 0.0724017  0.893561    0.008603   0.0126471 -0.00871349  -0.0192503  0.00067443 3.34689e-05 -4.16528e-06 -1.40204e-05 -3.56943e-06 0.00996309 0.00972465 -0.0120532   0.00023842  -0.00048253 -7.29542e-05 0.000123417  0.00343202  0.00694897 -0.00266472    -0.00328      -9.809 
                 2.8 -0.048713 -0.089144  0.891273   0.0130442   0.0111452 -0.00888019  -0.0262638 -0.00955094 1.00277e-05 -3.83756e-06 -1.39536e-05 -9.44646e-06  0.0151318 0.00406527 -0.0110405  0.000225911 -3.99687e-05 -6.44989e-05 -0.0017074 0.00468768 0.00569572 -0.000888228  -0.00445621       -9.809 
                 2.9  -0.159593 -0.0718018   0.827312  0.00904358   0.0081165 -0.00762701  -0.0354932  0.00490907 1.62561e-05 -2.07516e-06 -1.74319e-05 -8.88136e-06   0.00167208 -0.000499474  -0.00708748  0.000513165 -0.000107021  9.59055e-05 0.000883816   0.0063418  0.00317245 -0.00334621 -0.00607785      -9.809 
                   3  -0.0792537 -0.00233062    0.882965  0.00669392  0.00834003 -0.00676692  -0.0345426   0.0112994 2.80227e-05 -2.66849e-06 -1.69987e-05 -9.75774e-06  -0.0041551 7.88535e-05 -0.00432082  0.000295646 -0.000290887 -4.81732e-05 0.00202967 0.00617141 0.00151432 -0.00444604 -0.00592965      -9.809 
                 3.1 -0.0673379   0.218994   0.845251  0.00538844  0.00814266 -0.00419451  -0.0349251   0.0143826 3.12289e-05 -7.07946e-06  -1.6967e-05 -1.20744e-05 -0.00211558 0.000160202  0.00210519  0.000255227 -0.000845212  4.50291e-05 0.00258306 0.00624216 -0.0013725 -0.00497558 -0.00600276      -9.809 
                 3.2 -0.00740532    0.101958    0.907545  0.00765573  0.00902344 -0.00232228  -0.0328988  0.00878336 2.27191e-05 -7.17517e-06 -1.74937e-05 -1.14691e-05  0.00279066 0.000865078  0.00533348  0.000100034 -0.000542624 -0.000106537  0.0015809 0.00588123  -0.002915 -0.00402081  -0.0056432      -9.809 
                 3.3 -0.0108994  0.0971994   0.866872   0.00715411   0.00909292 -0.000838408  -0.0328019   0.0105333 2.47654e-05 -7.27443e-06 -1.74604e-05 -1.15286e-05  0.00134072 0.000216343  0.00710123  0.000104796 -0.000528536 -5.59662e-06  0.00189432  0.00586487 -0.00373395 -0.00432122 -0.00563121      -9.809 
                 3.4 0.0755749 -0.105694  0.895475  0.00846992  0.00875937 -0.00199475 -0.0331033 0.00749605 2.2585e-05 -8.96871e-06 -1.83389e-05 -1.30338e-05 -0.000299511  -0.00393311    0.0030816 -0.000103006 -2.29655e-05 -7.47795e-05  0.00135029  0.00591704 -0.00224993 -0.00380031 -0.00567383      -9.809 
                 3.5 -0.198573 -0.078938  0.908067  0.00801239  0.00784649 -0.00371992  -0.0348722   0.0082463 2.02837e-05 -9.77376e-06 -1.51884e-05 -1.41658e-05 -0.00311244 -0.00149558 -0.00226212  0.000562942 -8.90651e-05   -0.0001043   0.00148188   0.00623072 -0.000644571 -0.00392291 -0.00597226      -9.809 
                 3.6 -0.0360929  0.0466799   0.886115  0.00667013  0.00893697 -0.00421182  -0.0322249   0.0104479 4.78249e-05 -1.00843e-05 -1.49953e-05 -1.49348e-05  -0.00474177 -0.000481221  -0.00378968   0.00016631 -0.000391164 -5.16658e-05   0.00187446   0.00575927 -0.000506911 -0.00430415 -0.00552595      -9.809 
                 3.7  0.0130589 -0.0262644   0.829596  0.00696769  0.00998022 -0.00703178  -0.0301918   0.0088666 5.75882e-05 -1.04666e-05 -1.50496e-05 -1.50523e-05  -0.00499538 -0.000213538  -0.00920167  4.91465e-05 -0.000213448  8.17676e-05 0.00158919 0.00539466 0.00119558 -0.00403267 -0.00516907      -9.809 
                 3.8  -0.05742 0.0381431  0.843673  0.00516152  0.00865027 -0.00338573  -0.0323646   0.0111346 5.80857e-05 -1.19874e-05 -1.64319e-05 -1.61999e-05  -0.00846195  -0.00170396 -0.000577192 0.000209113 -0.00036654 4.72812e-05  0.00200302   0.0057861 -0.00192485 -0.00443213   -0.005558      -9.809 
                 3.9 -0.0497911  0.0109795   0.856428  0.00545498  0.00762751 -0.00464461  -0.0337419  0.00926307 3.87908e-05 -1.19009e-05 -1.63577e-05 -1.59677e-05 -0.00716975 -0.00410354 -0.00342666  0.000192704 -0.000297966  1.78538e-05  0.00166582  0.00603163 -0.00112056 -0.00410425 -0.00578578      -9.809 
                   4  0.343961 -0.123883   0.86532  0.00569552   0.0123326 -0.00652209   -0.024585  0.00718458 0.000106868 -1.12642e-05 -1.65135e-05 -2.87189e-05 -0.00968338 -0.00304521 -0.00821545   -0.0007095  1.13447e-05 -2.09469e-06   0.00129183   0.00439187 -0.000351401 -0.00376243 -0.00421329      -9.809 
                 4.1 -0.0644113 -0.0851242   0.787781  0.00914016  0.00770448 -0.00532571  -0.0318464 0.000308416 7.04007e-05 -9.30786e-06 -1.44299e-05 -3.53649e-05 -0.00204715 -0.00893522 -0.00441461  0.000219905 -6.97434e-05  0.000171241 5.78756e-05   0.0056955 -0.00144651 -0.00257808 -0.00545049      -9.809 
                 4.2 -0.0670898 -0.0996553   0.851727  0.00880653  0.00766071 -0.00520341  -0.0306243  0.00033312 8.11113e-05 -9.10301e-06 -1.48617e-05 -3.45019e-05 -0.00490641 -0.00698615 -0.00361147  0.000220401 -3.43046e-05   2.8605e-05 6.36966e-05  0.00547625 -0.00180656 -0.00258769 -0.00524429      -9.809 
                 4.3  0.0548593 -0.0727236   0.901138  0.00890736  0.00899095 -0.00666215   -0.0275191 -0.000587691  0.000105459 -7.97667e-06 -1.50853e-05  -3.4453e-05  -0.0054253 -0.00553571 -0.00596928 -5.13896e-05 -9.25551e-05  -7.8838e-05 -0.000104116   0.00491784  -0.00123237 -0.00242772 -0.00470664      -9.809 
                 4.4  0.165318 -0.093457  0.871883  0.00937087  0.00828557 -0.00880938  -0.0273307 -0.00212291 0.000103928 -7.70314e-06 -1.60118e-05 -3.40433e-05 -0.00562458  -0.0104115 -0.00940745 -0.000287414 -4.54002e-05 -1.47438e-05  -0.00038336   0.00488296 -0.000394413 -0.00215505  -0.0046645      -9.809 
                 4.5  0.16766  0.26531 0.882372  0.00641925   0.0088801 -0.00794891  -0.0249602   0.0019165 0.000131981 -1.23004e-05 -1.52881e-05 -4.25925e-05 -0.00510221 -0.00975131 -0.00617052 -0.000294139 -0.000816634 -3.52528e-05 0.000347201  0.00445768 -0.00141761 -0.00286315   -0.004275      -9.809 
                 4.6 0.0546111  0.147798  0.900797 0.00435038 0.00849778 -0.0052668   -0.024182  0.00385769 0.000138586 -1.41056e-05 -1.68656e-05 -4.21789e-05  -0.00825278  -0.00871304 -4.20267e-05 -5.67368e-05 -0.000565182   -7.445e-05 0.000702817  0.00431985 -0.00315581 -0.00321866 -0.00416736      -9.809 
                 4.7 -0.211176  0.255299  0.857581  0.00254255  0.00812797 -0.00435902   -0.024095  0.00547557 0.000144159 -1.47807e-05 -1.83921e-05 -4.22857e-05 -0.00691489 -0.00293294  0.00315407  0.000494002 -0.000785858  1.54356e-05 0.000994789  0.00430518 -0.00359411  -0.0034995 -0.00416214      -9.809 
                 4.8 0.0507659 0.0873133  0.880958  0.00305047  0.00955373 -0.00523666  -0.0215945  0.00378806 0.000169276 -1.50876e-05 -1.83816e-05 -4.36597e-05  -0.00542523  -0.00315976 -4.15784e-05 -5.00197e-05 -0.000432151  -3.1699e-05 0.000689869  0.00385565 -0.00308208 -0.00321272   -0.003725      -9.809 
                 4.9 -0.0552984  0.0284609   0.857056  0.00409323   0.0099352 -0.00489688  -0.0209538  0.00180339 0.000177422 -1.49055e-05 -1.81215e-05 -4.56781e-05 -0.00283205 -0.00078472 0.000386074  0.000164721 -0.000310622  1.74112e-05 0.000334633  0.00374067 -0.00324545  -0.0028772 -0.00361303      -9.809 
                   5  0.170999 0.0653596   0.86568  0.00698314   0.0109572 -0.00485751  -0.0192485 -0.00185447 0.000174633 -1.50159e-05  -1.7245e-05 -4.91675e-05  0.00431641 -0.00353442 0.000347945 -0.000294518 -0.000377852  4.97127e-07 -0.000319755   0.00343543  -0.00329638 -0.00226018 -0.00331419      -9.809 
                 5.1 -0.00137367    0.185348    0.852521  0.00453562  0.00932297 -0.00265905  -0.0207764  0.00185242 0.000144754 -1.54529e-05 -1.79386e-05 -5.04345e-05  0.00127289 -0.00493041  0.00431732   5.2332e-05 -0.000619411  2.62032e-05 0.000347455  0.00370921 -0.00428109 -0.00288229 -0.00359246      -9.809 
                 5.2  0.0267157 -0.0696727   0.858867  0.00479625  0.00929921 -0.00329013  -0.0201942  0.00129006 0.000150122 -1.67417e-05 -1.79416e-05    -5.08e-05 -0.00223949 -0.00553258   0.0020896 -3.72016e-06 -0.000109855  1.33589e-05 0.000245007   0.0036053 -0.00379944 -0.00279046 -0.00348825      -9.809 
                 5.3  0.176629 0.0620363  0.869152  0.00685532   0.0101181 -0.00210819  -0.0184283 -0.00100817 0.000152545 -1.68112e-05 -1.71112e-05 -5.19751e-05  0.00357882 -0.00700136  0.00395848 -0.000298944 -0.000364235 -6.07033e-06 -0.000165036    0.0032896  -0.00426195 -0.00240326 -0.00318795      -9.809 
                 5.4 -0.154675 0.0720408   0.89448   0.00534671   0.00892287 -0.000782074  -0.0193801  0.00106072 0.000125715 -1.70498e-05 -1.72104e-05 -5.30078e-05 2.43293e-05 -0.00357946     0.00552   0.00034525 -0.000383908  -5.5384e-05 0.000207664  0.00345985 -0.00463153 -0.00274983 -0.00335721      -9.809 
                 5.5  -0.131288 -0.0451898   0.866079 0.00697696 0.00923111  0.0012871   -0.0187582 -0.000816662  0.000125926 -1.62267e-05 -1.79444e-05 -5.34324e-05  0.000821553 -0.000856903   0.00841191    0.0002953 -0.000154782  1.93979e-07 -0.000127301   0.00334775  -0.00527775 -0.00243099 -0.00325295      -9.809 
                 5.6 -0.320314  0.105999  0.894294  0.0064232 0.00647447 0.00178941  -0.0218315 0.000135912   0.0001213 -1.59621e-05 -1.69055e-05 -5.85231e-05   0.00143879 -0.000494288   0.00746231  0.000653794 -0.000441339 -5.46394e-05 4.37636e-05  0.00389932 -0.00509399 -0.00258481 -0.00377424      -9.809 
                 5.7 0.0020154 0.0774021   0.88632  0.00640253  0.00717561 -0.00601234  -0.0207435  0.00031468 0.000118216 -1.37937e-05 -2.60454e-05 -5.69306e-05  0.00121258 -0.00378946   -0.009236  4.87754e-05 -0.000383923 -3.88416e-05  6.7346e-05  0.00370552 -0.00165791 -0.00262464 -0.00358128      -9.809 
                 5.8 -0.107379  0.102055  0.881677  0.00697823  0.00708112 -0.00781531   -0.0206497 -2.57254e-05  0.000116813 -1.35127e-05 -2.61514e-05 -5.66512e-05  0.00304254 -0.00159559  -0.0113784  0.000250388 -0.000429827 -2.99038e-05 5.02047e-06  0.00368883 -0.00130657 -0.00256756 -0.00356541      -9.809 
                 5.9  -0.0068207 -0.00916444    0.848409  0.00672456  0.00842215 -0.00732083 -0.0191399 0.00034194 0.00012455 -1.31706e-05 -2.49057e-05 -5.78489e-05 -0.000225225  0.000477191  -0.00853778  6.05572e-05 -0.000223564  3.16019e-05 7.34888e-05  0.00341598 -0.00195869  -0.0026344 -0.00330637      -9.809 
                   6 -0.0646069   0.204533   0.901606  0.00485324  0.00840106 -0.00995739  -0.0192616  0.00245463 0.000115882 -1.16001e-05 -2.48847e-05   -6.006e-05 -0.000345086   0.00102757   -0.0123836  0.000166073 -0.000609988  -6.6064e-05 0.000453751  0.00343768 -0.00128547 -0.00299289 -0.00333821      -9.809 
                 6.1 -0.106657  0.271676  0.908561 0.00353938 0.00793096 -0.0102628  -0.0198455  0.00387625 0.000106944 -1.24756e-05 -2.46878e-05  -6.1918e-05 0.000490287  0.00158018  -0.0110234  0.000240302 -0.000727938 -7.84426e-05 0.000712677   0.0035431 -0.00163319 -0.00323242 -0.00343905      -9.809 
                 6.2 -0.159794 0.0128294  0.924143   0.0034451  0.00753428 -0.00733877  -0.0204711  0.00375813 9.41978e-05 -9.70066e-06 -2.59296e-05 -6.12707e-05  -0.0026528  0.00333794 -0.00373842  0.000331696 -0.000259139 -0.000104614 0.000695872  0.00365557 -0.00307324  -0.0032063 -0.00353209      -9.809 
                 6.3 -0.089721  0.107698  0.921222  0.00520545    0.008619 -0.00780514  -0.0198313  0.00216048 9.90238e-05 -9.80008e-06 -2.59065e-05  -6.1626e-05   0.0037535  0.00504819 -0.00458696  0.000203714 -0.000423795 -9.85841e-05 0.000404882  0.00353904 -0.00306027 -0.00293656 -0.00341699      -9.809 
                 6.4 0.0258993  0.171216  0.871747  0.00541418  0.00959132 -0.00689278  -0.0192905  0.00243902 0.000108106 -1.07536e-05 -2.48104e-05 -6.23575e-05  0.00616034  0.00446662 -0.00197165  -7.5283e-07 -0.000525031 -1.18418e-05 0.000457645  0.00344027 -0.00356748 -0.00298298 -0.00332039      -9.809 
                 6.5  -0.200461 -0.0643893   0.889929  0.00605678  0.00875123 -0.00587766  -0.0206452  0.00213667 0.000104601 -9.80108e-06 -2.50785e-05 -6.39702e-05  0.00334203  0.00603344 0.000127565  0.000395492 -0.000109002 -4.29919e-05 0.000404062  0.00368842 -0.00396103 -0.00292311 -0.00354607      -9.809 
                 6.6  -0.055825 -0.0477398    0.83788  0.00695695  0.00970075 -0.00433944  -0.0202614  0.00162614 0.000101656 -9.24793e-06 -2.39763e-05 -6.45333e-05 0.00299225 0.00621336 0.00160532  0.000140086 -0.000140929  4.75077e-05 0.000311851  0.00361778 -0.00450681 -0.00283303 -0.00347207      -9.809 
                 6.7  0.0624227 -0.0486338   0.863545  0.00696447   0.0108011 -0.00278617  -0.0197211  0.00183157 0.000100136 -9.01841e-06 -2.27337e-05 -6.52652e-05 0.00157727 0.00504573 0.00517468 -6.55656e-05 -0.000141809  2.98952e-06 0.000349636  0.00351859 -0.00495614 -0.00286686 -0.00337584      -9.809 
                 6.8  0.0717947 -0.0642816    0.86459  0.00806115   0.0107634 -0.00449864   -0.020065 0.000984847 0.000107101 -9.23023e-06  -2.3918e-05 -6.49142e-05   0.00226988    0.0015867 -0.000917418 -7.95026e-05 -0.000114243  1.18584e-06 0.000194498  0.00358225 -0.00422462 -0.00272486 -0.00343864      -9.809 
                 6.9  0.136226 0.0471818  0.843579  0.00977741   0.0131071 -0.00573712   -0.0182981 -0.000133216  9.71214e-05  -9.0996e-06 -2.42416e-05 -6.46421e-05  0.00487656  0.00277479 -0.00725633 -0.000188346 -0.000299444  3.69458e-05 -1.04566e-05   0.00325903  -0.00393085 -0.00254146 -0.00313725      -9.809 
                   7 0.0152431 0.0299257   0.87298  0.0107681  0.0115377 -0.0058315   -0.0197206 -0.000481818     0.000109 -9.65301e-06 -2.43318e-05 -6.55878e-05   0.00651319 -0.000926047  -0.00769737  -9.4256e-06 -0.000276428  -5.3106e-06 -7.49741e-05   0.00352219  -0.00414217 -0.00247757 -0.00337914      -9.809 
                 7.1 -0.0516613 -0.0250804   0.910709 0.00976713  0.0101113 -0.0065408  -0.0207052 0.000639254 0.000105749 -1.01746e-05 -2.35988e-05 -6.70665e-05  0.00211774 -0.00299371 -0.00773148  8.96086e-05 -0.000191367 -6.00269e-05 0.000136654  0.00370706 -0.00414894 -0.00267093 -0.00355255      -9.809 
                 7.2  -0.116533 -0.0111484   0.870155  0.00717493  0.00745925 -0.00581934  -0.0223546  0.00259577 0.000108402 -1.04687e-05 -2.47418e-05 -7.00982e-05 -0.00406562 -0.00584274 -0.00490922  0.000193813 -0.000217147   5.6666e-06  0.00050785  0.00401912 -0.00459633 -0.00301337  -0.0038483      -9.809 
                 7.3  0.0340589 0.00753751   0.859545  0.00731872  0.00959412 -0.00357839 -0.0203699 0.00216788 9.9408e-05 -1.13456e-05 -2.35015e-05 -7.09601e-05 -0.00317114 -0.00210124 0.000622638 -5.82457e-05 -0.000247726  2.34323e-05  0.00042605  0.00364089 -0.00543164 -0.00294999 -0.00350486      -9.809 
                 7.4 0.0730938 0.0638714  0.874816    0.005705  0.00829955 -0.00626231  -0.0209963  0.00312714 9.91412e-05 -1.01265e-05  -2.4493e-05 -7.11425e-05 -0.00463699 -0.00681413 -0.00378563 -0.000118315 -0.000337896 -1.85074e-06 0.000609584   0.0037598 -0.00462691 -0.00310981 -0.00361076      -9.809 
                 7.5  0.116779 0.0824941  0.905027  0.00778572  0.00979408 -0.00714068  -0.0194926  0.00143322 9.54737e-05 -9.49463e-06 -2.51187e-05 -7.11267e-05  0.00178467 -0.00533049 -0.00501593 -0.000189124 -0.000362999  -4.9659e-05 0.000290208  0.00347666 -0.00451776 -0.00281808 -0.00334489      -9.809 
                 7.6 -0.00361355    0.070166    0.878637  0.00886824  0.00971913 -0.00619433  -0.0192585  0.00082457 9.76699e-05 -9.76344e-06 -2.55584e-05 -7.07115e-05  0.00446892 -0.00383779 -0.00230198  3.65727e-06  -0.00034005 -7.05754e-06 0.000174967  0.00343298 -0.00491773 -0.00271627 -0.00330723      -9.809 
                 7.7  -0.058999 -0.0663348   0.877398  0.00861795   0.0087769 -0.00648842  -0.0196664  0.00113204 9.82971e-05 -9.89185e-06 -2.55112e-05 -7.05572e-05 0.000878862 -0.00436086 -0.00247466  9.18901e-05 -0.000122297 -5.05386e-06 0.000232059  0.00350905 -0.00489081 -0.00276753 -0.00337765      -9.809 
                 7.8  -0.14871 0.0787395  0.890776  0.00642777  0.00587221 -0.00447737  -0.0213533  0.00281646 0.000126541 -1.07419e-05 -2.71997e-05 -7.37709e-05 -0.00174937 -0.00636744  0.00179468  0.000233591 -0.000352904  -2.6801e-05 0.000541012  0.00382094 -0.00550467 -0.00304946 -0.00367691      -9.809 
                 7.9  -0.10808 0.0745049  0.874179  0.00676985  0.00575602 -0.00491287  -0.0210312  0.00247062 0.000122333 -1.06694e-05 -2.69722e-05 -7.35092e-05 0.000233583 -0.00477395 0.000692883  0.000167937 -0.000343374 -6.84058e-07 0.000478239  0.00376149 -0.00533821 -0.00299214 -0.00361945      -9.809 
                   8 -0.117948  0.103727  0.892852  0.00626028  0.00558503 -0.00380931  -0.0208703  0.00288292 0.000121864 -1.08953e-05 -2.70076e-05 -7.37664e-05 0.000594617 -0.00261923  0.00274121  0.000181292 -0.000387067 -2.97043e-05 0.000552578  0.00373193   -0.005622 -0.00306145  -0.0035957      -9.809 
                 8.1 -0.154541  0.109611  0.884595  0.00576618  0.00665471 -0.00327327  -0.0201123   0.0032775 0.000113917 -1.09755e-05 -2.70295e-05 -7.37661e-05 0.000803575  0.00216997   0.0033634  0.000234855 -0.000394005 -1.68177e-05  0.00062464   0.0035928 -0.00570008 -0.00312951 -0.00346987      -9.809 
                 8.2 -0.0889407 -0.0186452   0.789135  0.00748444  0.00683293 -0.00209342 -0.0201227 0.00205225 0.00010999 -1.03941e-05  -2.5455e-05 -7.53797e-05  0.0022726 0.00238081 0.00498441  0.000132638 -0.000194943  0.000129114 0.000398774    0.003594 -0.00592138 -0.00292368 -0.00346588      -9.809 
                 8.3 -0.0168881  0.0274533   0.911447  0.00679259  0.00911276 -0.00680402  -0.018795 0.00262759 8.9213e-05 -1.05709e-05 -2.84459e-05 -7.66585e-05 0.000896825  0.00454703 -0.00617697   2.2437e-05 -0.000266814 -5.67578e-05 0.000509061  0.00334968 -0.00457835 -0.00303092 -0.00325444      -9.809 
                 8.4  0.183353 -0.129794  0.863172  0.00890239   0.0085103 -0.00705833  -0.0191912  0.00116027 9.84618e-05 -1.03547e-05 -2.82781e-05 -7.78415e-05  0.00166311 -0.00272338 -0.00476114 -0.000277624 -2.80032e-05  1.58367e-05 0.000239648  0.00342178 -0.00464963 -0.00278548 -0.00331547      -9.809 
                 8.5 0.00288836 -0.0355081   0.844115   0.0070015   0.0079939 -0.00776287  -0.0194331  0.00245306 8.58146e-05 -1.01203e-05  -2.8162e-05 -7.76028e-05 -0.00269426 -0.00243112 -0.00529852  -6.5319e-06 -0.000172916  4.40865e-05 0.000479268  0.00346602 -0.00458058 -0.00300198 -0.00335948      -9.809 
                 8.6 -0.0570106   0.155649    0.82526  0.00596518  0.00758739 -0.00751609  -0.0195808  0.00311108 8.94748e-05 -1.11115e-05 -2.87978e-05 -7.89496e-05 -0.000693764  -0.00170453  -0.00381285  8.19079e-05 -0.000455456  7.13398e-05 0.000600688  0.00349287 -0.00478126 -0.00311225 -0.00338448      -9.809 
                 8.7 -0.0438986  -0.028669   0.874737  0.00634041  0.00812826 -0.00724751  -0.0191636  0.00266614 8.94744e-05 -1.05633e-05 -2.92487e-05 -7.84644e-05 -0.00206739 -0.00027711 -0.00252389  6.15458e-05 -0.000181469 -1.57912e-06 0.000517342  0.00341458 -0.00495343 -0.00303856 -0.00331279      -9.809 
                 8.8 0.0584733  0.143716  0.925985 0.00804877  0.0102078 -0.0078748 -0.0178662 0.00166556 7.5754e-05  -9.6728e-06 -3.00606e-05 -7.71731e-05  0.00470396  0.00168289 -0.00491408 -8.90263e-05 -0.000433915 -7.60335e-05 0.000330672  0.00317244   -0.004889 -0.00287138 -0.00309367      -9.809 
                 8.9 -0.0190702  0.0370435   0.884696    0.008799   0.0110227 -0.00542106    -0.01754  0.00140367 7.93582e-05  -9.5758e-06 -3.08906e-05 -7.66567e-05 0.00469537 0.00382065 0.00132409  2.22657e-05 -0.000280266 -1.61065e-05 0.000279482   0.0031104 -0.00560685 -0.00282918 -0.00303923      -9.809 
                   9  0.0275991 -0.0575935   0.863894 0.00909608  0.0106969 -0.0063254  -0.0178654  0.00138854 7.92551e-05 -1.00739e-05  -3.0948e-05 -7.65941e-05   0.00283238  0.000813161 -0.000571947 -4.33727e-05 -0.000142289  1.32789e-05  0.00027712  0.00317207 -0.00535551 -0.00282569 -0.00309348      -9.809 
                 9.1  0.112021 -0.153838  0.891404   0.0105174   0.0104786 -0.00728043  -0.0179153 0.000585757    8.13e-05  -1.0923e-05 -3.13515e-05 -7.82049e-05  0.00224868  -0.0030274 -0.00220008 -0.000162694 -3.14697e-06 -2.60853e-05 0.000125644  0.00318189 -0.00514507 -0.00268903  -0.0030989      -9.809 
                 9.2 -0.0433721 -0.0221967    0.91839  0.00975523   0.0102629 -0.00246989  -0.0179331  0.00118858 8.42879e-05 -1.21789e-05 -3.41097e-05 -7.83866e-05 0.000521891 -0.00060545  0.00739487  5.66341e-05 -0.000189589 -6.39451e-05 0.000236722  0.00318405 -0.00630982 -0.00279485 -0.00311294      -9.809 
                 9.3 -0.0184234   -0.11566   0.264592 -0.0504899 -0.0506025 -0.0025049  -0.0202157  0.00324716 0.000106767  6.01561e-06 -5.02535e-05 -8.03373e-05   -1.03566  -0.934677 0.00460509  2.40582e-05 -5.83596e-05   0.00085333 0.000620342  0.00362468 -0.00613922 -0.00312825 -0.00351244      -9.809 
                 9.4   0.31101 -0.271323    -6.223   -0.180002   -0.153271 -0.00367751 -0.0314415  0.0193125 0.00858015  0.000887148  -0.00110705 -0.000137568   -1.17625  -0.827346 0.00124249 -0.000407223  0.000144121   0.00381908  0.00267101  0.00536537 -0.00576385 -0.00495718 -0.00502358      -9.809 
                 9.5 0.0565715 -0.168301  -13.0365    -0.31343   -0.236305 -0.00178156 -0.0371532  0.0252969  0.0250106   0.00157375  -0.00206983 -0.000119393   -1.28939  -0.695757 0.00756985 -2.48602e-05   5.7655e-05   0.00407068   0.004102 0.00647397 -0.0060403 -0.00657729 -0.00543575      -9.809 
                 9.6 -0.0515849  0.0377299   -20.0122   -0.44886  -0.296217 0.00026776 -0.0369573  0.0263259  0.0499793   0.00160415  -0.00261994 -0.000132327  -1.37071   -0.5349 0.0081789  0.000144792 -0.000265163   0.00438268  0.00504343  0.00691645 -0.00631584 -0.00731286 -0.00479011      -9.809 
                 9.7  -0.206832 -0.0241112   -25.9364  -0.535781   -0.25779 0.00469938 -0.0248475  0.0191004   0.069113   0.00103571  -0.00248995 -0.000123147 -0.695989  0.869437 0.0110349    0.0003301 -0.000138935   0.00290697  0.00632141  0.00621377 -0.00712178 -0.00598498 -0.00541282      -9.809 
                 9.8 -0.327717 -0.243955  -19.2262  -0.592435  -0.140708 0.00661423 0.00270267  0.0392083   0.156326   0.00170566  -0.00269966 -7.95035e-05 -0.793171  0.861622 0.0155575 0.000423486 0.000146826 -0.00300041    0.0107623 -0.000194289  -0.00724705   0.0067968 -0.00802507    -9.80899 
                 9.9 -0.272587 0.0579331  -12.7363  -0.662478 -0.0309404  0.0025371 0.0212361 0.0705694  0.200809   0.00294747  -0.00301414 -7.65342e-05  -0.819287    1.01782 0.00600016  0.000300563 -0.000255763  -0.00280171   0.0133068 -0.00280065  -0.0061287   0.0162099 -0.00945258    -9.80898 
                  10 -0.348546 -0.169831  -7.74393 -0.740403 0.0726052 0.0015011 0.0327714 0.0808008  0.223779   0.00347238  -0.00338293 -8.09586e-05  -0.887589   0.956323 0.00293005 0.000397561 6.57785e-05  -0.0021457   0.0143402 -0.00441083 -0.00581921  0.0200637 -0.0115498   -9.80897 
                10.1 -0.421965  -0.11029  -3.93121  -0.833934  0.0521043 0.00508147 0.0256681 0.0592996  0.216799   0.00262038  -0.00342584 -8.26687e-05  -1.05246 -0.772852 0.0210918  0.000480533  4.57274e-05 -0.000658063   0.0114631 -0.00384774 -0.00618225  0.0135674 -0.0124121   -9.80898 
                10.2  0.0944783 -0.0118249   -10.5421  -0.949253 -0.0632943 0.00623523   0.0138544 -0.00848966    0.204926    0.002174 -0.00339148  5.9206e-05  -1.16571 -0.721667 0.0119925 -0.000196027 -3.42377e-05   0.00438324 -0.00102652 -0.00114341 -0.00572026 -0.00977446  -0.0177629    -9.80898 
                10.3 0.280911 -0.17328 -17.3737   -1.07931  -0.149745 0.00428791 0.00457385 -0.0341085   0.200881   0.0029635  -0.0031949 0.000107338   -1.45551  -0.647239 0.00482764 -0.000436835  0.000221033   0.00455283  -0.00663739 -0.000455692  -0.00498894 -0.0193125 -0.0200242   -9.80896 
                10.4 0.0227221 -0.206305  -24.3662    -1.22421   -0.218936 -0.00150063 -0.00191481  -0.0436582    0.186659   0.0036155 -0.00272775 0.000101477    -1.50445   -0.508613 -0.00813981 -6.05424e-05  0.000326303   0.00503134  -0.0102746 -0.00153075 -0.00385605 -0.0235998 -0.0223974   -9.80895 
                10.5 -0.132149  0.371816  -31.1073   -1.36696   -0.25681 0.00298432  0.0121462 -0.0435401   0.179699  0.00314943 -0.00256731 0.000118319   -1.52915  -0.347063 0.00276974  0.00015114 -0.00041623  0.00470805 -0.00859275 -0.00226263 -0.00471566 -0.0211317  -0.024271   -9.80895 
                10.6  -0.121937 -0.0188739   -37.1275    -1.50539   -0.277088 0.000391968  0.0311017 -0.0282604   0.160598  0.00235781  -0.0020601 0.000129156     -1.51337    -0.210504 -0.000216338  5.72934e-05 -2.54201e-05   0.00447633 -0.00681413 -0.00653204 -0.00427295  -0.014471 -0.0295813   -9.80894 
                10.7 -0.401945 0.0195669  -42.3238    -1.62992   -0.281117 -0.00142581   0.0568751 -0.00486531    0.152393  0.00152253  -0.0018042 0.000163706    -1.32877  -0.0807065 -0.00628182  0.000370534 -0.000168161   0.00369785 -0.00305975  -0.0117105 -0.00407058 -0.00441534   -0.036217    -9.80893 
                10.8 -0.288656   0.10994  -47.7609     -1.74486    -0.272594 -0.000450249 0.0892162 0.0230182  0.151447 0.000815806 -0.00174527 0.000172693    -1.27935   0.0455082 -0.00161408  0.000166014 -0.000311379    0.0035215   0.0025646  -0.0176655 -0.00436736 0.00825303 -0.0445352    -9.8089 
                10.9 -0.458602 -0.124541  -52.7118    -1.77267   -0.268273 0.000477614  0.140842 0.0480529  0.154191 0.000271682 -0.00173932 0.000181552  0.00451512  -0.0630808 -0.00702481  0.000334864 -2.32416e-05   0.00243957  0.00755131  -0.0273069 -0.00462739  0.020831 -0.060407  -9.80879 
                  11  -0.580101 -0.0695114   -52.7949    -1.7379  -0.262829 0.00565997  0.227447 0.0864648  0.156476 0.000434948 -0.00234413 0.000199013  0.0890202 -0.0312818 0.00203541  0.000380406 -9.87911e-05  0.000540072   0.0154252  -0.0441007 -0.00561786 0.0400921 -0.088535  -9.80852 
                11.1 -0.407542 0.0192995  -52.7112   -1.71379  -0.261853 0.00495726 0.268285 0.108736 0.154373 0.000754463 -0.00276396 0.000190912   0.132589 -0.0283215 0.00208075  0.000109548 -0.000237012  0.000432294    0.019434  -0.0518612 -0.00553754 0.0497863 -0.101694  -9.80835 
                11.2 -0.525376 -0.379172  -52.5748   -1.69374  -0.256741 0.00987813 0.278003 0.133881 0.137585  0.00111096 -0.00285586 0.000191867    0.156477 -0.00295347   0.0100503 0.000239975 0.000195644 0.000286466   0.0238194  -0.0550044 -0.00630892 0.0588945 -0.105306  -9.80826 
                11.3 -0.404245 -0.238442  -52.5387   -1.68602  -0.250919 0.00929038 0.246834 0.143695 0.115481  0.00108321 -0.00244582 0.000196605   0.151716  0.0110872 0.00807831  0.000128788 -6.88619e-06    0.0002676   0.0258659  -0.0485925 -0.00608272  0.0611743 -0.0934366   -9.80836 
                11.4 -0.237418 -0.935394  -52.6547  -1.67469 -0.252372 0.0154605 0.235272 0.132131  0.12521 0.000929007 -0.00243679 0.000202273  0.140841 0.0195625 0.0171428 -5.98603e-05  0.000824454  0.000399083   0.0226685  -0.0483547 -0.00680751  0.0559923 -0.0919027   -9.80841 
                11.5 -0.00569777   -0.703643    -52.6802   -1.67118  -0.252907 0.00868019 0.214147 0.111018 0.124608 0.000706874 -0.00224661 0.000223238   0.118622  0.0159811 0.00475082 -0.000312291  0.000568741  0.000426065  0.0204919 -0.0414062 -0.0054525  0.0492698 -0.0820728   -9.80853 
                11.6 -0.0592991  -0.635454   -52.4303   -1.67271   -0.25047 0.00776475  0.174402 0.0968207  0.122126  0.00050223  -0.0020553 0.000223297  0.0920258  0.0238613 0.00205824 -0.000205993  0.000487611  0.000126085   0.0182638  -0.0333761 -0.00510316  0.0434036 -0.0680665   -9.80867 
                11.7 -0.0515326  -0.544693   -52.5252  -1.68016 -0.245998 0.0164833  0.117284 0.0869048  0.123236  0.00029902 -0.00195176 0.000204551   0.05708 0.0400415 0.0131978 -0.000146222   0.00038888  0.000236627   0.0147456  -0.0250341 -0.00618151  0.0368577 -0.0510044    -9.8088 
                11.8 -0.210212 -0.406485  -52.4681  -1.68467 -0.243026  0.020457 0.0875801 0.0727109  0.125634 0.000209475 -0.00195659 0.000182134 0.0399488 0.0450573 0.0176164 8.22655e-05 0.000242123 0.000163101  0.0116021 -0.0201578 -0.0064394  0.0306394 -0.0418124   -9.80886 
                11.9 -0.395041 -0.469707  -52.5177  -1.69673 -0.244523 0.0300324 0.046576  0.04196 0.130068 0.000142443 -0.00205051 0.000145666 0.0122133 0.0438647  0.030361 0.000348268  0.00034849 0.000214835 0.00432373 -0.0143421 -0.0073862  0.0174472 -0.0304177   -9.80894 
                  12 -0.395784 -0.355812  -52.5658  -1.70111 -0.242851  0.038125 0.0323563 0.0306817  0.131082 0.000142317 -0.00210029 0.000136299 0.00630873  0.0442138  0.0402364 0.000363677 0.000231543 0.000267447 0.00133922 -0.0126073 -0.0080848 0.0123506 -0.026788  -9.80896 
                12.1 -0.363751 -0.391375  -52.5209  -1.69814 -0.242822 0.0262664 0.0473553 0.0187315  0.127061 0.000188209 -0.00204991  0.00013693 0.0124319 0.0379196 0.0143305 0.000306764 0.000309319 0.000218493  0.0012706 -0.0134287 -0.0057703 0.0105269 -0.030201  -9.80895 
                12.2 -0.350806  -0.38759  -52.4747  -1.69538 -0.244068 0.0210273  0.0569581 0.00750038   0.123358  0.00022518 -0.00201463 0.000137134  0.0179841  0.0310391 0.00498027 0.000279873 0.000316229 0.000167616 -6.68864e-05   -0.0146175  -0.00478944 0.00757813 -0.0332076   -9.80894 
                12.3 -0.214718  -0.34037  -52.4533  -1.69267 -0.246383 0.0203338   0.0642453 -0.00296698    0.119511 0.000262896 -0.00198523 0.000139778  0.0227139  0.0191563 0.00595633 0.000111656 0.000307712 0.000145669 -0.00192649  -0.0158659 -0.00462692  0.0042345 -0.0359372   -9.80893 
                12.4 0.0257099 0.0655337  -52.4584    -1.6942  -0.247339 0.00577241  0.0584565 -0.0116308   0.119868    0.000307 -0.00203458 0.000144941  0.0167793 0.00192313 -0.0187544 -0.000158731 -0.000127026  0.000149423 -0.00224378  -0.0142818 -0.00246014 0.00224706 -0.0335847   -9.80894 
                12.5 -0.238926 -0.280393  -52.4824   -1.69537  -0.248432 0.00706258 0.0547348 -0.018029  0.118718 0.000339293 -0.00205459 0.000144436  0.0135684    0.00553 -0.0143595  0.00015109 0.000283408  0.00017797 -0.00365628  -0.0136294 -0.00286789 -0.000309733   -0.0325517     -9.80895 
                12.6 -0.187255 -0.181133  -52.5696  -1.69975 -0.247089 0.0153112  0.0433486 -0.0205341    0.11941 0.000372685 -0.00211323 0.000146155  0.0047321  0.0106283 0.00150354 0.000103442 0.000127246 0.000275086 -0.00470755  -0.0114709 -0.00423587 -0.0021229 -0.0286964   -9.80896 
                12.7 -0.260815 -0.276212  -52.5164  -1.70054 -0.247576 0.0166909  0.0425217 -0.0250111   0.118419 0.000393568   -0.002119 0.000144329 0.00313222  0.0124565 0.00389206 0.000194773 0.000225637 0.000211592 -0.00558922  -0.0112705 -0.00439873 -0.00376039  -0.0285109    -9.80896 
                12.8 -0.245756 -0.367225  -52.5662  -1.70274 -0.246798 0.0198615  0.0389509 -0.0281772   0.118148  0.00041423 -0.00213669 0.000144841 -0.00215498   0.0172537  0.00844544 0.000175344 0.000336488 0.000265467 -0.00629666  -0.0105239 -0.00478422 -0.0051039 -0.0273059   -9.80896 
                12.9 -0.195454 -0.136771  -52.5931  -1.70932  -0.24819 0.0213518  0.0297942 -0.0378116   0.117823 0.000457823 -0.00217848 0.000144644 -0.0101607  0.0103284 0.00904214 0.000127129 8.69488e-05 0.000292971  -0.0080895 -0.00876299 -0.00487326 -0.00876326  -0.0243893    -9.80897 
                  13 -0.0562491  -0.295075   -52.5775   -1.7049 -0.246394 0.0171136  0.0382709 -0.0327339   0.117656 0.000426986 -0.00214459  0.00013949 -0.00312226   0.0118804  0.00128935 -3.65034e-05  0.000248007   0.00027385 -0.00697346  -0.0105325 -0.00417034 -0.00652919  -0.0273321    -9.80896 
                13.1 -0.206999 -0.202198  -52.5178  -1.70444 -0.247631 0.0133151 0.0405015 -0.036617  0.116808 0.000434434 -0.00213729 0.000139644 -0.000472451   0.00798527  -0.00481334 0.000123745 0.000170828  0.00020541 -0.00755147  -0.0110638 -0.00363318 -0.00765171  -0.0283292    -9.80896 
                13.2 -0.0197833  -0.266812   -52.5715   -1.70171  -0.247138 0.00706168  0.0446068 -0.0351536   0.116617 0.000421516  -0.0021225 0.000138251 0.000184686  0.00897057  -0.0147761 -9.31189e-05  0.000229759  0.000263357 -0.00709858  -0.0120344 -0.00287423 -0.0068069 -0.0298851   -9.80895 
                13.3   -0.091613 -0.00414993    -52.5413   -1.7059 -0.249002 0.0068928  0.0397021 -0.0416771   0.116351 0.000442509 -0.00214235 0.000137126 -0.00665131   0.0037205  -0.0123871 -1.00723e-05 -4.01959e-05  0.000226555 -0.00833724  -0.0110563 -0.00303803 -0.0092692 -0.0283402   -9.80895 
                13.4 -0.336152 -0.058221  -52.5032  -1.70343 -0.248533 0.0120131  0.0447851 -0.0404342    0.11561 0.000441369 -0.00213164 0.000140812  0.00691482   0.0052255 -0.00339076 0.000255216 6.65489e-06 0.000183819 -0.00831224   -0.011782 -0.00389063 -0.00889559  -0.0298686    -9.80895 
                13.5 -0.226807 -0.180858   -52.559  -1.70249 -0.248658 0.0124244  0.0458956 -0.0412741   0.115288 0.000444227  -0.0021286 0.000140529    0.010753  0.00208043 -0.00393233 0.000132458 0.000142733 0.000244928 -0.00849357  -0.0119602 -0.00399228 -0.00917866   -0.030256    -9.80895 
                13.6 -0.447841  -0.53571  -52.4743  -1.70126 -0.248191 0.0264357  0.0486586 -0.0423768   0.114545 0.000469763 -0.00213475 0.000138184 0.0145838 0.0144914 0.0207967 0.000369814 0.000572612  0.00015292 -0.00914861  -0.0120353 -0.00586634 -0.00996093  -0.0308748    -9.80895 
                13.7 -0.215935  -0.38634  -52.5696  -1.70139 -0.248984 0.0226537   0.047341 -0.0462726   0.114206 0.000476515 -0.00213864   0.0001406 0.00967556    0.01154  0.0119399  0.00012258 0.000421615 0.000253863 -0.00968771  -0.0119379 -0.00511955 -0.0111592  -0.030669   -9.80895 
                13.8 -0.390374 -0.136341  -52.5062  -1.69807 -0.246948 0.0161814  0.0483167 -0.0441355    0.11432 0.000470367 -0.00212923 0.000143182   0.0192265   0.0121008 -0.00135904  0.00031301 0.000127071 0.000180499 -0.00902723  -0.0123199 -0.00414092 -0.0101042 -0.0310982   -9.80895 
                13.9 -0.273462 -0.241252  -52.5435  -1.69883 -0.245736 0.0155809  0.0442768 -0.0457506   0.114772  0.00047576 -0.00214364 0.000144072   0.0206411  0.00972993 -0.00112607  0.00019391 0.000239576  0.00021883 -0.00930199  -0.0115757 -0.00407474  -0.010774 -0.0297588   -9.80895 
                  14 -0.051552 -0.235855  -52.5715   -1.70013  -0.247694 0.00567367   0.040905 -0.0512284   0.114581 0.000489575  -0.0021606 0.000151139   0.0111189 0.000735638  -0.0167173 -3.99062e-05  0.000236062  0.000247493  -0.0099517  -0.0111488 -0.00282905 -0.0124051 -0.0289254   -9.80895 
                14.1 0.0617738  0.110807  -52.5683   -1.70092  -0.248951 0.00242724  0.0385149 -0.0530903   0.114749 0.000495447 -0.00216999 0.000152629  0.00869428 -0.00923167  -0.0193381  -0.00015815 -0.000133575  0.000242367  -0.0102419  -0.0107311 -0.00265058 -0.0130729 -0.0281804   -9.80895 
                14.2 -0.0431396 -0.0411929   -52.5546   -1.69934  -0.248369 0.00346294  0.0389812 -0.0511019   0.114941 0.000489792  -0.0021677 0.000152593   0.0115369 -0.00766677   -0.016136 -4.62951e-05  2.30686e-05  0.000226217 -0.00998656  -0.0107659 -0.00301536 -0.0124851 -0.0282387   -9.80895 
                14.3 -0.0587973  -0.338797   -52.5934   -1.69324  -0.251144 0.00662352  0.0470861 -0.0511814   0.113561 0.000492318 -0.00213961 0.000144999   0.0192833 -0.00896938 -0.00841648 -3.75757e-05  0.000345805  0.000267742  -0.0102278  -0.0121903 -0.00362082 -0.0124716 -0.0309882   -9.80894 
                14.4 -0.382101 -0.531947  -52.4624  -1.69802 -0.250946 0.0192851  0.0399666 -0.0541442   0.114504 0.000517391 -0.00217656 0.000145525 0.00833034  0.0071358   0.011891 0.000308178  0.00052685 0.000128319  -0.0113075  -0.0106201 -0.00525328 -0.0142847 -0.0284517   -9.80895 
                14.5  -0.22906 -0.253795  -52.5372  -1.70011  -0.24969 0.0192967  0.0358116 -0.0545324   0.115211 0.000517965 -0.00218998 0.000143427 0.00391537 0.00748942 0.00974113 0.000150498 0.000229613 0.000203967 -0.0113219 -0.0098607 -0.0051226 -0.0145013 -0.0270359   -9.80895 
                14.6  -0.35817 -0.177351  -52.4801  -1.69714 -0.247077  0.019716  0.0375347 -0.0516414   0.115287 0.000509502 -0.00218252 0.000146266 0.0124344 0.0145256 0.0087764 0.000283131 0.000172384 0.000142537  -0.0107547  -0.0101997 -0.00504829 -0.0134096 -0.0275481   -9.80895 
                14.7 -0.0703237  -0.274157   -52.5693  -1.69913 -0.243354 0.0171485  0.0329017 -0.0502997   0.116312 0.000505209 -0.00219943 0.000147588 0.00346254   0.016721 0.00466997 -1.40971e-05  0.000295781  0.000234264  -0.0103387 -0.00939419 -0.00462773 -0.0129328 -0.0259391   -9.80896 
                14.8 -0.00411881   -0.537468    -52.6306  -1.69906 -0.245986 0.0148433  0.0354657 -0.0554828   0.115164 0.000517916 -0.00219069 0.000144148 -0.00462623   0.0135849 -0.00179473 -8.73767e-05  0.000588675  0.000296741  -0.0112183 -0.00989952 -0.00431233 -0.0145562 -0.0270172   -9.80895 
                14.9 -0.066232 -0.117124  -52.6093  -1.69938 -0.248696 0.0147264  0.0370155 -0.0593933   0.114345 0.000528738 -0.00218651 0.000150373 -0.00242993  0.00297389 -0.00130575 -2.43981e-05  0.000185749  0.000272586  -0.0119693  -0.0101748 -0.00433535 -0.0158821 -0.0276745   -9.80895 
                  15 -0.0228577 -0.0739264   -52.5372   -1.70039  -0.248805 0.00821244 0.0357659 -0.060074  0.114467 0.000531834 -0.00219028 0.000149851 -0.00430009 -0.00150534  -0.0103447 -6.84656e-05  0.000127111  0.000196537  -0.0118393  -0.0100461 -0.00357687 -0.0158978  -0.027338   -9.80895 
                15.1   0.446294 -0.0244527   -52.6147    -1.7028  -0.251705 0.00205267 0.0348994 -0.062716  0.114217 0.000541064 -0.00219817 0.000156443 -0.0154452 -0.0187893 -0.0167856 -0.000546063  7.91124e-05  0.000274602  -0.0121447 -0.00995596 -0.00299792 -0.0166519 -0.0271778   -9.80895 
                15.2 -0.0259677   -0.13926   -52.5744   -1.70562  -0.251032 0.00815906  0.0332661 -0.0611289   0.114735 0.000539731 -0.00220781 0.000160827  -0.0170684 -0.00880904 -0.00541117 -6.26122e-05  0.000199564  0.000231591  -0.0121298 -0.00952809 -0.00390042 -0.0164483 -0.0264707   -9.80895 
                15.3  -0.192474 -0.0827648   -52.5724   -1.70551  -0.248054 0.00942823   0.033421 -0.0566729   0.115417 0.000527846 -0.00220812  0.00016851  -0.0112413 0.000472241   -0.003213 0.000106114 0.000114617 0.000227554  -0.0113613    -0.00954 -0.00412391 -0.0149618 -0.0263617   -9.80895 
                15.4 0.0192722 -0.318945  -52.6035   -1.70538  -0.249024 0.00668141  0.0356144 -0.0572352   0.114978 0.000526562 -0.00219975 0.000166124   -0.0151541 -0.000238946  -0.00792474 -0.000110114  0.000370061  0.000258425  -0.0113899 -0.00998673 -0.00384878 -0.0150008 -0.0271666   -9.80895 
                15.5 -0.205848 -0.158724   -52.708   -1.7034 -0.251491 0.0140978   0.040475 -0.0580761   0.114017 0.000530281 -0.00218916  0.00016774 -0.00463916 -0.00350168  0.00646615 0.000112219 0.000224683 0.000362976  -0.0118621  -0.0107531 -0.00480316 -0.0154509 -0.0287721   -9.80895 
                15.6 -0.0351991  0.0201223   -52.5093  -1.70126 -0.248517 0.0126071 0.0414118 -0.053728  0.114589 0.000519612 -0.00218237 0.000167017 -0.000893432  0.000554662   0.00203057 -5.98127e-05  5.92297e-05  0.000159854  -0.0109796  -0.0109802 -0.00457826 -0.0138343 -0.0289876   -9.80895 
                15.7 -0.0535857  -0.384471   -52.5399  -1.69812  -0.24814 0.0118434  0.0448247 -0.0525596   0.114239 0.000514099 -0.00217037 0.000162757  0.00236274  0.00493295 6.90463e-05 -4.72467e-05  0.000485365  0.000189255  -0.0107376  -0.0116432 -0.00445896  -0.013283 -0.0301471   -9.80894 
                15.8 -0.178755 -0.160539  -52.5439  -1.70128  -0.24695 0.0133568  0.0412685 -0.0531735   0.114732 0.000516141 -0.00218359 0.000160904 -0.00300024  0.00795375  0.00315999 8.13192e-05 0.000278168 0.000189161  -0.0108854  -0.0109516 -0.00462075 -0.0136575 -0.0289187   -9.80895 
                15.9 -0.272748 -0.116522  -52.5582  -1.70627 -0.248758 0.0134171  0.0379942 -0.0575731   0.114553 0.000529994 -0.00219652 0.000156338 -0.0112895 0.00657826 0.00206907 0.000177737 0.000242136 0.000200999  -0.0116929  -0.0103248 -0.00459096 -0.0152854 -0.0279267   -9.80895 
                  16 -0.269041 -0.355553  -52.5728  -1.70473 -0.246424 0.0130656  0.0399049 -0.0555044   0.114592 0.000522049 -0.00218863 0.000156735 -0.00638358   0.0146879 0.000974664 0.000171867 0.000489178 0.000215162  -0.0112873   -0.010704 -0.00450868 -0.0144796 -0.0285325   -9.80895 
                16.1 -0.173581 -0.177195  -52.5752   -1.70393  -0.248193 0.00833145 0.0418231 -0.057762   0.11393 0.000526847 -0.00218154  0.00015887   0.00229263 -0.000349012   -0.0087016 8.28075e-05 0.000323367 0.000213741  -0.0115764   -0.011129 -0.00399033 -0.0150531 -0.0293223   -9.80894 
                16.2 0.291552 0.343517 -52.6073   -1.70418  -0.252706 -0.0111397  0.0412381 -0.0610862    0.11348 0.000558598 -0.00220616 0.000176522 1.51113e-06  -0.0291335  -0.0375716 -0.000372975 -0.000159583  0.000242718  -0.0116256  -0.0113032 -0.00193057 -0.0156237 -0.0294436   -9.80894 
                16.3  -0.11231 0.0656422  -52.5526   -1.70384  -0.254499 -0.0110483  0.0413955 -0.0604753   0.113522 0.000556231  -0.0022052 0.000178083 0.00222436 -0.0226923 -0.0289355 2.35777e-05 0.000104717 0.000185905  -0.0116267  -0.0112763 -0.00233903 -0.0155274 -0.0294353   -9.80894 
                16.4 -0.0812213  0.0012144   -52.5446    -1.70385   -0.252762 -0.00401668 0.0405605 -0.056785  0.114155 0.000551623 -0.00220966 0.000181393 0.00127431 -0.0122524 -0.0151381 -5.90647e-06  0.000142649  0.000176095   -0.011255   -0.010976 -0.00346209 -0.0146122 -0.0289162   -9.80895 
                16.5 -0.0673112  -0.125692   -52.5541   -1.70058  -0.252227 0.00385495  0.0432288 -0.0539049   0.114098 0.000551125 -0.00220188 0.000182116   0.00806452  -0.00790319 -0.000381661 -1.76758e-05   0.00025683   0.00018286  -0.0110324  -0.0113422 -0.00450564 -0.013847 -0.029644  -9.80895 
                16.6 -0.327114 -0.074136   -52.549  -1.70161 -0.251382 0.0159065 0.0415889 -0.053284  0.114434 0.000557196 -0.00221815 0.000183554 0.00844746 0.00446262  0.0182608 0.000236216 0.000191262 0.000175638  -0.0112856  -0.0108483 -0.00580433 -0.0140799 -0.0289243   -9.80895 
                16.7 -0.206551 -0.322027    -52.56  -1.70083 -0.247351 0.0174867   0.040824 -0.0507558   0.114949 0.000549272 -0.00222009 0.000188473 0.00464225  0.0174806  0.0183142 0.000120663 0.000439973 0.000185952   -0.010791   -0.010724 -0.00577441 -0.0132103 -0.0285851   -9.80895 
                16.8 -0.282265 -0.243142  -52.5934  -1.70321 -0.245237 0.0189647  0.0383082 -0.0515727   0.115236 0.000552619 -0.00222953 0.000188859 -0.000661639    0.0237066     0.019562 0.000194443 0.000310339 0.000216079   -0.010921  -0.0102492 -0.00574487 -0.0135634 -0.0277418   -9.80895 
                16.9 -0.161965 -0.284528  -52.5693  -1.70314 -0.245936 0.0171564  0.0392191 -0.0538045   0.114722 0.000556794 -0.00222735 0.000189098 0.00106508   0.018188  0.0127512  7.8753e-05 0.000339497 0.000192759  -0.0112492  -0.0104604 -0.00537199 -0.0142079  -0.028164   -9.80895 
                  17  0.0522858 -0.0789374    -52.582    -1.7021   -0.24583 0.00593061 0.0396695 -0.054463  0.114544 0.000558691 -0.00223179 0.000191502  0.00167779  0.00564229 -0.00786025 -0.000127889  0.000166324  0.000202434  -0.0110286  -0.0107247 -0.00409224 -0.0140576 -0.0284705   -9.80895 
                17.1 -0.232411  -0.14457  -52.5107   -1.70439  -0.247518 0.00667243   0.038273 -0.0570919   0.114281 0.000565971 -0.00223766 0.000189783   0.0044314  0.00206551 -0.00440405 0.000144636 0.000245772 0.000132839  -0.0115561  -0.0104266 -0.00423532 -0.0150576  -0.028056   -9.80895 
                17.2 -0.105147 -0.215224  -52.5048  -1.70055 -0.242618 0.0076642  0.0395718 -0.0526147   0.114806 0.000554121 -0.00223122 0.000188305  0.00857802   0.0130064 -0.00435171 1.88318e-05 0.000301482 0.000125368  -0.0107528   -0.010679 -0.00437859 -0.0134955 -0.0283509   -9.80895 
                17.3 -0.181555 -0.356697  -52.5379   -1.70055  -0.245406 0.00879289  0.0404607 -0.0559817   0.114167 0.000564911 -0.00222936 0.000185195 0.00405734  0.0126288 0.00101224 9.20867e-05 0.000429569 0.000155916  -0.0114402  -0.0108055 -0.00453048 -0.0146854 -0.0287503   -9.80895 
                17.4 -0.211737 -0.282656  -52.5532  -1.70307  -0.24562 0.0202698  0.0394291 -0.0574599   0.114088  0.00057392 -0.00223793 0.000184155 -0.00205287   0.0162895   0.0199732 0.000114704 0.000349047 0.000168789 -0.0120602 -0.0104484 -0.0057146 -0.0155898 -0.0283382   -9.80895 
                17.5 -0.548049 -0.156823  -52.5447   -1.7064 -0.247593 0.0242788   0.037899 -0.0612826   0.113765 0.000586255 -0.00224646 0.000174832 0.00102571  0.0141384  0.0217826 0.000429454 0.000205701 0.000157896   -0.012836  -0.0101112 -0.00592962 -0.0170316 -0.0279148   -9.80895 
                17.6 -0.528769 -0.604566  -52.5474 -1.70619 -0.24524 0.034268  0.0388065 -0.0610342   0.113562  0.00059377  -0.0022491 0.000175312 -0.00270691    0.033883   0.0354953 0.000408708 0.000610652 0.000162418  -0.0130192  -0.0101822 -0.00671429 -0.0171469 -0.0281509   -9.80894 
                17.7 -0.105537 -0.279124  -52.6374  -1.70691 -0.247607 0.0149862  0.0388888 -0.0652908   0.112932 0.000606069 -0.00226136   0.0001874  -0.00218729   0.00902987 -0.000838472 2.13046e-05 0.000298776 0.000242886  -0.0131866  -0.0104621 -0.00444418 -0.0179687 -0.0285148   -9.80894 
                17.8 -0.182588 -0.237606  -52.6237  -1.70618 -0.247673 0.0115361  0.0396963 -0.0659674   0.112701  0.00060811 -0.00225923 0.000188948 -0.00115853  0.00961842 -0.00471053 9.35446e-05 0.000248593 0.000227881  -0.0132247   -0.010655 -0.00409802 -0.0180804 -0.0288464   -9.80894 
                17.9 -0.0173279  -0.175111   -52.5489   -1.70224  -0.245632 0.00765506  0.0419589 -0.0639893   0.112676 0.000603277  -0.0022527 0.000184193  0.00528218  0.00740522 -0.00904155 -6.02866e-05  0.000193362  0.000158224 -0.0127726 -0.0111361 -0.0037674 -0.0172257 -0.0295922   -9.80894 
                  18 -0.166819 -0.170614  -52.5817   -1.70085   -0.24828 0.00863085   0.043552 -0.0661117   0.112095 0.000608918 -0.00224794 0.000186724  0.00727807  0.00393431 -0.00709586 7.51456e-05 0.000196679  0.00018798   -0.013244  -0.0113963 -0.00397056 -0.0179707 -0.0301918   -9.80894 
                18.1 -0.210158  -0.30051  -52.5222  -1.70107 -0.247614 0.0134037  0.0433164 -0.0661962   0.112091 0.000611232 -0.00225025  0.00018762  0.00789049  0.00552311 0.000810216 0.000113774 0.000321324 0.000133152  -0.0134134  -0.0112785 -0.00451267 -0.0181654  -0.030062   -9.80894 
                18.2 -0.322128 -0.120178  -52.5631  -1.69949 -0.248445 0.0197145  0.0445268 -0.0668926    0.11178  0.00061211 -0.00224996 0.000189265  0.0115622  0.0087521 0.00958657 0.000213857 0.000143652 0.000168284  -0.0137377  -0.0114173 -0.00514917 -0.0185543 -0.0304425   -9.80894 
                18.3  -0.26082 -0.290509  -52.5607  -1.69868 -0.249263 0.0166698  0.0448449 -0.0683983   0.111515 0.000614157 -0.00224823 0.000187613 0.00879946 0.00944501 0.00250777 0.000158848 0.000294355 0.000166444  -0.0139128  -0.0115194 -0.00475532 -0.0189523 -0.0306377   -9.80893 
                18.4 -0.360549 -0.409149  -52.5099  -1.70128 -0.248703 0.0173719  0.0427898 -0.0698896   0.111628 0.000618178 -0.00225558 0.000187288 0.00160629  0.0167247 0.00202095 0.000250082 0.000375661  0.00011944  -0.0141866  -0.0111134 -0.00478057 -0.0195439 -0.0299714   -9.80893 
                18.5 -0.229583 -0.317351  -52.5486  -1.69981 -0.247301 0.0172993  0.0436824 -0.0696184   0.111521 0.000616962 -0.00225214 0.000186931 0.000970509   0.0207241  0.00336956 0.000128898 0.000284363 0.000153871 -0.0141349 -0.0112884 -0.0047545 -0.0194133 -0.0302737   -9.80893 
                18.6  -0.35471 -0.125498  -52.5201  -1.70159 -0.246056 0.0115979  0.0419157 -0.0707887    0.11163 0.000622331 -0.00225602 0.000185314  0.00437412   0.0169645 -0.00711124 0.000245653 9.98668e-05 0.000125652   -0.014176  -0.0110244 -0.00417062 -0.0197068 -0.0297572   -9.80894 
                18.7  -0.624159 -0.0771546   -52.6053  -1.70341 -0.243359  0.020955  0.0404878 -0.0709243   0.111779 0.000621602 -0.00227204 0.000180566 0.0102906 0.0256776 0.0080911  0.00049298 5.00535e-05 0.000200092  -0.0144572  -0.0106153 -0.00513571 -0.0200725 -0.0291701   -9.80894 
                18.8  -0.21892 -0.309028  -52.5765  -1.70279 -0.245841 0.0163245  0.0416831 -0.0740508   0.111106  0.00062734 -0.00227151 0.000181763  0.00666163   0.0160481 -0.00075419 0.000128677 0.000253466 0.000173688  -0.0149348  -0.0108804 -0.00462439 -0.0209905 -0.0297293   -9.80893 
                18.9 -0.302149 -0.297516  -52.5783  -1.70061  -0.24641 0.0178727  0.0432892 -0.0750792   0.110683 0.000630862 -0.00226625 0.000180436 0.00946002  0.0161407 0.00267536 0.000199771 0.000246333 0.000174658   -0.015196  -0.0111531 -0.00478399 -0.0213478 -0.0303006   -9.80893 
                  19 -0.186021 -0.190066   -52.534  -1.69799 -0.246336 0.0169502  0.0445313 -0.0754399   0.110428 0.000631379 -0.00226269 0.000180491    0.0119329    0.0135322 -5.28821e-05 9.75718e-05 0.000149096 0.000134825  -0.0152531  -0.0114006 -0.00468552 -0.0214092  -0.030752   -9.80893 
                19.1 -0.0307566  0.0202191   -52.5864  -1.70154 -0.248475 0.0107423  0.0421039 -0.0785068   0.110397 0.000643882 -0.00227536 0.000186828 0.00153525 0.00160235 -0.0100428 -3.58375e-05  1.06886e-06  0.000179274   -0.015651  -0.0109829 -0.00410864 -0.0223876 -0.0300593   -9.80893 
                19.2 -0.259336 -0.224119  -52.5401  -1.70081 -0.247975 0.0118724  0.0425444 -0.0784556    0.11034 0.000644069  -0.0022737 0.000187551  0.00162761  0.00986786 -0.00792045 0.000164887 0.000221958 0.000137068  -0.0156974  -0.0110415 -0.00428944 -0.0224086 -0.0301917   -9.80893 
                19.3    -0.2197 0.00985445   -52.5802    -1.7042  -0.246356 0.00815298  0.0397984 -0.0787705   0.110746 0.000645415 -0.00228314 0.000184163 -0.00239453  0.00794371  -0.0130274 0.000131332  1.0475e-05 0.000170766  -0.0156487  -0.0105511 -0.00402029 -0.0225234  -0.029277   -9.80893 
                19.4  -0.18026 -0.551583  -52.7345  -1.69988 -0.247945 0.0129785  0.0439634 -0.0792905   0.110002 0.000651613 -0.00226483 0.000168456  0.00501943  0.00661299 -0.00458679 9.06751e-05 0.000525325 0.000309622  -0.0159562   -0.011269 -0.00457203 -0.0227392  -0.030686   -9.80893 
                19.5 -0.0255174  -0.328034   -52.7777   -1.69883  -0.253125 0.00358499  0.0451072 -0.0824054   0.109322 0.000656514 -0.00226096 0.000168514  0.00233766 -0.00740312  -0.0186182 -3.99479e-05  0.000367258  0.000343419  -0.0163522  -0.0115649 -0.00375862 -0.0235685 -0.0312548   -9.80892 
                19.6 -0.017423 -0.385349  -52.5468   -1.69877  -0.251578 0.00510639  0.0447324 -0.0810334   0.109585 0.000655894 -0.00225977 0.000169024 0.000648817 -0.00377545  -0.0144541 -4.75963e-05  0.000409991  0.000137818  -0.0161712  -0.0114635 -0.00406631 -0.0231914 -0.0310517   -9.80892 
                19.7 -0.0309803  -0.297595   -52.6126   -1.7011 -0.251265 0.0106513  0.0436906 -0.0809411   0.109799 0.000656927 -0.00226382 0.000168165 -0.00438174 -0.00193915 -0.00512541 -3.79569e-05  0.000345979  0.000194639  -0.0163309  -0.0111709 -0.00470703 -0.0233865 -0.0306242   -9.80892 
                19.8 -0.246957 -0.126175  -52.5531  -1.70151 -0.249601  0.014942  0.0434168 -0.0799181   0.109977 0.000653132 -0.00226763 0.000167751 -0.00205787  0.00415005  0.00344396  0.00015153 0.000198078 0.000140773  -0.0162591  -0.0110703 -0.00513315 -0.0231698 -0.0304576   -9.80893 
                19.9 -0.392553 -0.202006   -52.598  -1.70965 -0.250809 0.0218523  0.0397472 -0.0826983   0.110378 0.000661851 -0.00228728 0.000152637 -0.0120951 0.00545824  0.0109672 0.000271702 0.000263078  0.00017755  -0.0169276  -0.0102333 -0.00571419 -0.0244369 -0.0292017   -9.80893 
                  20 -0.431246 -0.147878  -52.6276   -1.7103 -0.249284  0.030874   0.040182 -0.0818966   0.110366 0.000659317 -0.00229233 0.000153227 -0.0075382  0.0127661  0.0237585 0.000300289 0.000231287   0.0002006  -0.0170098  -0.0102223 -0.00643088 -0.0243814 -0.0292583   -9.80893 
                20.1 -0.372356 -0.234859  -52.5804  -1.70461 -0.248818 0.0213591  0.0433332 -0.0814855   0.109769 0.000653841   -0.002277 0.000153164 0.00891744 0.00807232  0.0049921 0.000247578 0.000295168 0.000158999  -0.0166293   -0.011003 -0.00535957 -0.0237885 -0.0304531   -9.80892 
                20.2 -0.364731 -0.228549  -52.5369  -1.69975 -0.249473 0.0170033  0.0457437 -0.0817587   0.109232 0.000653276 -0.00226886 0.000152151   0.0156965  0.00895657 -0.00206596 0.000239715 0.000305912  0.00011861  -0.0165819  -0.0115322 -0.00493205 -0.0236734 -0.0313434   -9.80892 
                20.3 -0.206629 -0.243457  -52.5216  -1.69559 -0.250469 0.0178441  0.0477137 -0.0820664   0.108792 0.000654438  -0.0022627 0.000150174   0.0178755  0.00756577 0.000731814 0.000100336 0.000341029 0.000104928  -0.0167091  -0.0118944 -0.00503467 -0.0237616 -0.0320278   -9.80892 
                20.4 0.0474366  0.142223   -52.515   -1.69587  -0.250638 0.00364771  0.0458487 -0.0831309   0.108951 0.000667176 -0.00228038 0.000151836   0.0142721 -0.00755241  -0.0225974 -0.000116561  1.73531e-05  9.64135e-05  -0.0164707  -0.0117118 -0.00376476 -0.0237614 -0.0315389   -9.80892 
                20.5 -0.23349 -0.19735 -52.5324   -1.69635  -0.250904 0.00523005  0.0450428 -0.0835161   0.109032 0.000669251  -0.0022833  0.00015349  0.0091607 0.00231197 -0.0154845 0.000121273 0.000322217 0.000110438  -0.0166385  -0.0114993 -0.00408997 -0.0240283 -0.0312369   -9.80892 
                20.6  -0.235453 -0.0890592   -52.6304  -1.70161 -0.248333 0.0134297  0.0414411 -0.0830606   0.109738  0.00067298 -0.00230252  0.00015382   0.00134848   0.00732659 -0.000449087 0.000124421 0.000196793 0.000191542   -0.016776  -0.0106767 -0.00497019 -0.0242648 -0.0298895   -9.80892 
                20.7 -0.270095  -0.20394  -52.5657  -1.70192 -0.248394 0.0156233  0.041538 -0.083587  0.109638 0.000675871 -0.00230301 0.000153163 0.00267379 0.00646439 0.00437504 0.000148902 0.000295928 0.000134471  -0.0169407  -0.0106576 -0.00517029 -0.0245084 -0.0299192   -9.80892 
                20.8 -0.254912 -0.302656   -52.608  -1.70353 -0.247499 0.0189297  0.0408013 -0.0838643   0.109711 0.000679657  -0.0023067 0.000154146 -0.00250783    0.012176  0.00815021 0.000136071 0.000369023 0.000168995  -0.0170645  -0.0104728 -0.00543583  -0.024711 -0.0296484   -9.80892 
                20.9   -0.215139 -0.00260648    -52.6327  -1.71021 -0.248768 0.0163256  0.0376148 -0.0863835     0.1099 0.000689376 -0.00231891 0.000152498 -0.0108574 0.00347016 0.00432251 0.000103843 0.000105173 0.000187322  -0.0174216 -0.00987427 -0.00514142 -0.0255996 -0.0286634   -9.80892 
                  21 -0.0461355  -0.206302   -52.6317    -1.706 -0.247205 0.0134495   0.040137 -0.0847594   0.109728 0.000681144 -0.00231033 0.000146496 -0.00672032  0.00612592 -0.00269679 -4.29546e-05  0.000272175  0.000184225  -0.0170562  -0.0104222 -0.00485457 -0.0248656 -0.0295064   -9.80892 
                21.1 -0.197476  -0.14558   -52.568  -1.70525 -0.248991 0.0106301  0.0410376 -0.0858065   0.109421 0.000683126 -0.00230768 0.000146657  -0.00154608 -0.000266064  -0.00639905  8.0929e-05 0.000212451  0.00012813 -0.0172049  -0.010615 -0.0046333 -0.0251318 -0.0298717   -9.80892 
                21.2 0.0354169 -0.226928  -52.6476   -1.70449  -0.249576 0.00550402  0.0415793 -0.0859133   0.109318 0.000680955 -0.00230697 0.000145826 -0.00134419 -0.00705517  -0.0114474 -0.000119639  0.000273491  0.000193575  -0.0171179  -0.0107752 -0.00424608 -0.0250327 -0.0300989   -9.80892 
                21.3 -0.124844 0.0680804  -52.6011  -1.70796 -0.251676  0.005038  0.0401363 -0.0871762   0.109394  0.00068418 -0.00231258 0.000143262 -0.00561127  -0.0116899  -0.0102627 5.39354e-06 3.92425e-05 0.000156077  -0.0173606  -0.0104726 -0.00431417 -0.0255368 -0.0296388   -9.80892 
                21.4   -0.346918 -0.00336148    -52.5655   -1.7047 -0.251329 0.0114496 0.0419063 -0.085633  0.109277 0.000680241 -0.00231351 0.000149605 0.00714418 -0.0052526 0.00248448 0.000186577 9.41965e-05 0.000125247  -0.0172754  -0.0107389 -0.00495581 -0.0251383 -0.0301355   -9.80892 
                21.5 -0.225798 -0.132145   -52.624  -1.70318 -0.251179 0.0127685  0.0422828 -0.0850452   0.109282 0.000678948 -0.00231247 0.000150255  0.00669308 -0.00195423  0.00342153 8.21903e-05 0.000194232 0.000172129  -0.0171961  -0.0108049 -0.00505507 -0.0249523 -0.0302365   -9.80892 
                21.6 -0.459678 -0.508793  -52.5357  -1.70195 -0.249928 0.0275872  0.0431249 -0.0841502   0.109196 0.000696299 -0.00232263 0.000151635 0.00804408   0.015917   0.025428 0.000274761 0.000533878  9.9952e-05  -0.0173972  -0.0107919 -0.00629066 -0.0249906 -0.0303743   -9.80892 
                21.7 -0.225285 -0.362141  -52.6288  -1.70239 -0.249866 0.0240662  0.0425783 -0.0851718    0.10918 0.000695557 -0.00232359 0.000153637 0.00392925  0.0121612  0.0162192 8.06866e-05 0.000413389 0.000175531  -0.0174381  -0.0107448 -0.00578515 -0.0252086 -0.0302658   -9.80892 
                21.8 -0.410901 -0.114458  -52.5624  -1.69936 -0.247347 0.0179448  0.0429603 -0.0844725   0.109188 0.000695117 -0.00231746 0.000156548  0.0152398  0.0120123 0.00587421 0.000233491 0.000211964 0.000118873  -0.0171161  -0.0109257 -0.00512429 -0.0247547 -0.0304353   -9.80892 
                21.9 -0.297586 -0.210197  -52.6002  -1.70051 -0.245373 0.0176806  0.0418599 -0.0848249   0.109342 0.000696435 -0.00232148 0.000156997 0.00571343   0.021655 0.00280352 0.000137922 0.000299707 0.000148944  -0.0171501  -0.0107161 -0.00506175 -0.0248953 -0.0300739   -9.80892 
                  22 -0.0794246   -0.19554   -52.6321   -1.70247  -0.246319 0.00782405 0.0409275 -0.086887  0.109212 0.000702243 -0.00233043  0.00016362 -0.00199546   0.0113211  -0.0131199 -3.87516e-05  0.000313655  0.000173291  -0.0173021  -0.0106247 -0.00421313 -0.0254005 -0.0298985   -9.80892 
                22.1 0.000832069    0.125577     -52.627   -1.70347  -0.247621 0.00427305  0.0407231 -0.0879036   0.109071  0.00070632 -0.00233252 0.000168063 -0.00199446  -0.0011508  -0.0163347 -0.000103401  6.05782e-05  0.000167798 -0.0174507 -0.0105941 -0.0040394 -0.0257125 -0.0298776   -9.80892 
                22.2  -0.0747935 0.000266747    -52.6211   -1.70205  -0.246802 0.00506318  0.0413802 -0.0871721   0.109094 0.000703586 -0.00232957 0.000167965  0.00323247 -0.00278961  -0.0124765 -4.20951e-05  0.000161215  0.000162017  -0.0173703  -0.0107069 -0.00423501 -0.0254897  -0.030063   -9.80892 
                22.3 -0.00862601   -0.291812    -52.6525   -1.69632  -0.249996 0.00724137  0.0448528 -0.0874619   0.108528 0.000705634 -0.00231575 0.000156712  0.00645643 -0.00350522 -0.00834437 -9.96178e-05  0.000406686  0.000186767 -0.0175684 -0.0113385 -0.0045326 -0.0255623 -0.0312442   -9.80892 
                22.4 -0.202063 -0.158077   -52.584  -1.70011 -0.249786 0.0143599 0.0429418  -0.08791  0.108768 0.000708872 -0.00232549 0.000155178   0.0013992 0.000231257  0.00408721 6.05068e-05 0.000303529  0.00012898  -0.0177801  -0.0108638 -0.00517451 -0.0259442 -0.0305355   -9.80892 
                22.5  -0.18711 -0.158959   -52.606  -1.70241 -0.249735 0.0147323  0.0418156 -0.0883073   0.108886 0.000710173  -0.0023294 0.000154117 -0.00197919 -0.00114682  0.00524375 4.53767e-05 0.000288531 0.000145643   -0.017834  -0.0106367 -0.00516682 -0.0261151  -0.030159   -9.80892 
                22.6 -0.350205 -0.105646   -52.539  -1.69919  -0.24778 0.0161409  0.0428663 -0.0869283    0.10892 0.000707148 -0.00232621  0.00015913 0.00892219 0.00411472 0.00619818 0.000173253 0.000257125 9.02593e-05  -0.0176031  -0.0108589 -0.00524067 -0.0256222 -0.0304732   -9.80892 
                22.7 -0.0722844  -0.207909   -52.6367  -1.70055 -0.244148 0.0145955  0.0413714 -0.0858485   0.109349 0.000703359 -0.00233187 0.000161285 0.000541374  0.00927104  0.00250803 -4.92704e-05  0.000347583  0.000168315  -0.0173116  -0.0106117 -0.00506229 -0.0252409 -0.0299399   -9.80892 
                22.8 -0.00336041   -0.486535    -52.6923  -1.69967 -0.247173 0.0130203 0.0427186 -0.087513  0.108918 0.000706218 -0.00232631 0.000154218  -0.00420583   0.00402336 -0.000205502 -0.000104853  0.000567663  0.000212609  -0.0176272  -0.0108632 -0.00492079 -0.0257389 -0.0304688   -9.80892 
                22.9 -0.0737747 -0.0766599   -52.6768  -1.69993 -0.250234 0.0138707  0.0432765 -0.0887652    0.10867 0.000708938 -0.00232488 0.000158755 -0.00352269  -0.0042615  0.00272937 -4.97086e-05  0.000240643  0.000198084  -0.0179106  -0.0109354 -0.00501239 -0.0261839 -0.0306922   -9.80892 
                  23 -0.0407309  -0.038368   -52.5849    -1.7007  -0.250335 0.00821866  0.0426833 -0.0887485   0.108778 0.000710239 -0.00232629 0.000157819 -0.00485104  -0.0077983 -0.00662877 -7.51825e-05  0.000211728  0.000123901  -0.0177634  -0.0108898 -0.00454228  -0.026059 -0.0305324   -9.80892 
                23.1   0.435065 0.00246239   -52.6757   -1.70289  -0.253219 0.00252138  0.0422518 -0.0895639   0.108747 0.000714234 -0.00233235 0.000162868 -0.0167335 -0.0230615 -0.0143225 -0.000453093  0.000179706   0.00019579  -0.0178058  -0.0108449 -0.00415557  -0.026242 -0.0304448   -9.80892 
                23.2 -0.0356782  -0.115986   -52.6428   -1.70578  -0.251931 0.00885838  0.0413276 -0.0882081   0.109097 0.000712696 -0.00233916 0.000168275   -0.017051  -0.0134311 -0.00275995 -7.71345e-05  0.000273939  0.000168409  -0.0176897  -0.0106008 -0.00475973 -0.0259775 -0.0300259   -9.80892 
                23.3  -0.215367 -0.0513847    -52.614  -1.70509 -0.248846  0.010346  0.0414929 -0.0859632   0.109364  0.00070744 -0.00233996 0.000177425  -0.0115226 -0.00356322 0.000729887 6.43546e-05  0.00023226 0.000144847  -0.0172889  -0.0106576 -0.00489431 -0.0252319 -0.0299988   -9.80892 
                23.4 0.0117816 -0.298331  -52.6605   -1.70488  -0.249901 0.00737442   0.042294 -0.0861086   0.109205 0.000705088 -0.00233634  0.00017566  -0.0149337  -0.0048203 -0.00462561 -0.000117568  0.000426001  0.000180344   -0.017266  -0.0108474 -0.00465681 -0.0251851  -0.030302   -9.80892 
                23.5 -0.352314 -0.131704  -52.7655  -1.70422 -0.250836 0.0182568  0.0435657 -0.0856669    0.10906 0.000705125  -0.0023449 0.000178584  -0.00512393 -0.000525392    0.0131038 0.000168452 0.000308238 0.000261163  -0.0174665  -0.0109743 -0.00556654 -0.0252662 -0.0306436   -9.80892 
                23.6 -0.0877749  0.0313854   -52.5692  -1.70186 -0.248426 0.0162276  0.0440908 -0.0841064   0.109202 0.000703162 -0.00234109 0.000177887 0.000537511 -0.00062216  0.00805252 -4.0604e-05 0.000178379 0.000105149  -0.0170974  -0.0111506 -0.00530382 -0.0246296 -0.0308017   -9.80892 
                23.7 -0.0869786  -0.382995   -52.5991  -1.69817 -0.248543 0.0149682  0.0457325 -0.0837285   0.108989 0.000699245  -0.0023359 0.000171376 0.00369634 0.00312766 0.00470026 -4.37602e-05   0.00050649  0.000128526  -0.0170096  -0.0115115 -0.00513037 -0.0243943 -0.0313749   -9.80892 
                23.8 -0.200245 -0.164081   -52.602  -1.70102  -0.24762 0.0157529  0.0442344 -0.0839433   0.109234 0.000699295 -0.00234091 0.000170369 -0.000568413   0.00308771   0.00488115  4.8434e-05 0.000337389 0.000128943  -0.0170262  -0.0112067 -0.00515776  -0.024524 -0.0308627   -9.80892 
                23.9  -0.29019 -0.103518  -52.6167  -1.70558 -0.249736 0.0149122  0.0427467 -0.0857514   0.109245 0.000705107 -0.00234597 0.000167076  -0.00649501 -0.000103482   0.00283223 0.000121615 0.000290752 0.000138288   -0.017323   -0.010888 -0.00505532 -0.0251704  -0.030416   -9.80892 
                  24 -0.263181 -0.339487  -52.6215    -1.704 -0.249086 0.0129177  0.0435382 -0.0853538   0.109169 0.000701381 -0.00234243 0.000166239 -0.00101627 5.70581e-05  0.00109545 0.000103225 0.000464744 0.000141347  -0.0172097  -0.0110818 -0.00486566 -0.0249518 -0.0306942   -9.80892 
                24.1 -0.200708  -0.15971  -52.6269   -1.70257  -0.250622 0.00945071  0.0442873 -0.0858335   0.108973 0.000702179 -0.00233973 0.000167808  0.00157442 -0.00371673 -0.00551388 5.38162e-05 0.000359658 0.000143646  -0.0172471  -0.0112591 -0.00459067 -0.0250158  -0.030992   -9.80892 
                24.2 0.287242 0.350251 -52.6607   -1.70331  -0.254723 -0.0099492  0.0435226 -0.0874603    0.10885 0.000730975  -0.0023671 0.000180432 0.000996359  -0.0364729  -0.0330478 -0.000322374  -3.4644e-05  0.000168684  -0.0171375  -0.0112824 -0.00312336 -0.0251716 -0.0309069   -9.80892 
                24.3 -0.123998 0.0723206  -52.6053    -1.70321   -0.256226 -0.00960465  0.0433432 -0.0867872   0.108953 0.000728121 -0.00236678 0.000181952 0.00174694 -0.0294258 -0.0296508 -5.81536e-06  0.000195548  0.000124597  -0.0170769  -0.0112218 -0.00339846 -0.0250243 -0.0307989   -9.80892 
                24.4 -0.0955966 0.00666945   -52.6009    -1.70344   -0.254637 -0.00290087  0.0428055 -0.0846532   0.109273 0.000726872 -0.00237009 0.000185895 0.00324201 -0.0196422 -0.0135735 -3.18538e-05  0.000210906  0.000119481  -0.0168697  -0.0110492 -0.00416283  -0.024539 -0.0304787   -9.80892 
                24.5 -0.0799615  -0.113347   -52.6138   -1.70016  -0.253899 0.00476792  0.0438995 -0.0827802   0.109246 0.000728138 -0.00236758 0.000187836  0.00895212  -0.0138088 -0.00087541 -5.02162e-05  0.000297061  0.000128908  -0.0167399  -0.0112035 -0.00487529 -0.0240782 -0.0307345   -9.80892 
                24.6  -0.335712 -0.0713082   -52.6196  -1.70255 -0.252922 0.0172716  0.0425443 -0.0820807   0.109598 0.000733228 -0.00238246 0.000189276   0.0110586 -0.00671297   0.0181023 0.000147954 0.000275933 0.000131106  -0.0168586  -0.0108062 -0.00583178 -0.0241816 -0.0301649   -9.80892 
                24.7 -0.145433 -0.135634  -52.6237  -1.70182 -0.249294 0.0160008  0.0416608 -0.0805601   0.109932 0.000726756 -0.00238467 0.000191877  0.00879855 2.00182e-05   0.0114706 3.75053e-06 0.000290158 0.000133346  -0.0164527  -0.0107048 -0.00558781 -0.0235986 -0.0298324   -9.80893 
                24.8 -0.27249 -0.18699 -52.6539    -1.703 -0.247842 0.0176304  0.0406644 -0.0804459   0.110152 0.000727008 -0.00238847 0.000193233 0.00663804  0.0055816  0.0127012 0.000101721 0.000326743 0.000155516  -0.0164068  -0.0105053 -0.00560455 -0.0235938 -0.0294827   -9.80893 
                24.9 -0.153888 -0.251326  -52.6289  -1.70235 -0.249229 0.0157118 0.0409419 -0.081223  0.110028 0.000727062   -0.002388 0.000192682  0.00510091 0.000192603  0.00839581 1.15296e-05 0.000374101 0.000135849  -0.0164943  -0.0105763 -0.00536461 -0.0237775 -0.0296215   -9.80893 
                  25  0.0607934 -0.0574243   -52.6445  -1.70145 -0.249149 0.0051052  0.0406814 -0.0813864   0.110019 0.000726938 -0.00239494 0.000192338  0.00266052 -0.00695913 -0.00976859 -0.000151043  0.000248276  0.000146224   -0.016238  -0.0106517 -0.00450498 -0.0235517 -0.0296052   -9.80893 
                25.1  -0.18746 -0.136028  -52.5706   -1.70365  -0.249952 0.00513147 0.0398143   -0.0819  0.110152 0.000728131 -0.00239735 0.000191827 -0.000800872  -0.00479433    -0.006865 4.58717e-05 0.000290008 8.84039e-05   -0.016338   -0.010452 -0.00457364 -0.0237795 -0.0293148   -9.80893 
                25.2  -0.11082 -0.202141  -52.5491   -1.70019  -0.243926 0.00691475 0.0401788 -0.079038  0.110358 0.000722442 -0.00239466 0.000192349  0.00398488  0.00864019 -0.00329019 -1.49042e-05  0.000321409  7.09657e-05  -0.0158231  -0.0105828 -0.00475155 -0.0228227 -0.0293423   -9.80893 
                25.3 -0.185349  -0.33249  -52.5945   -1.70074  -0.245861 0.00847269  0.0404022 -0.0801497   0.110198 0.000727153 -0.00239466 0.000189818   0.00116412   0.00699546 -0.000888502 4.08538e-05 0.000419674 0.000105024  -0.0161043  -0.0105721 -0.00490381 -0.0232555 -0.0294404   -9.80893 
                25.4 -0.230205 -0.269661  -52.5966  -1.70293  -0.24569 0.0201188  0.0400481 -0.0801455   0.110275 0.000731144 -0.00240103 0.000188376 -0.00320696   0.0118525    0.017115 7.30775e-05 0.000375503 0.000105481  -0.0163682  -0.0103627 -0.00580067 -0.0235483 -0.0292419   -9.80893 
                25.5  -0.556897 -0.0946401   -52.6071  -1.70693 -0.247576 0.0229327  0.0390925 -0.0819344    0.11025 0.000737725 -0.00240553 0.000177787 -0.00138586   0.0101144   0.0197705 0.000322608 0.000273489 0.000111365  -0.0167246  -0.0101057 -0.00587882 -0.0242257 -0.0289597   -9.80893 
                25.6 -0.534266 -0.586846  -52.6133  -1.70644 -0.245805 0.0335999  0.0398104 -0.0815787   0.110081 0.000745304 -0.00240896 0.000177975 -0.00220995   0.0262899   0.0342555 0.000303787 0.000632707 0.000117774 -0.0168615 -0.0101646 -0.0065207 -0.0242718 -0.0291414   -9.80893 
                25.7 -0.106093 -0.259498  -52.6965  -1.70705   -0.2485 0.0146945  0.0396564 -0.0839335   0.109794 0.000754578 -0.00242045 0.000189419 -0.00424262  0.00440192 -0.00107474 -1.53879e-05  0.000376251  0.000178134 -0.0168727 -0.0103089 -0.0048941 -0.0246247 -0.0293029   -9.80893 
                25.8 -0.181705 -0.213018  -52.6805  -1.70635 -0.248637  0.011353  0.039993 -0.084136  0.109703 0.000755343 -0.00242016 0.000190052 -0.000242934     0.004586  -0.00553523 4.08791e-05 0.000347513 0.000165468  -0.0168576  -0.0104073 -0.00465388  -0.024617 -0.0294467   -9.80892 
                25.9 -0.00405496   -0.162317    -52.5987   -1.70223  -0.247635 0.00654959  0.0411708 -0.0833567   0.109611 0.000754595 -0.00241916 0.000184873  0.00629498 -0.00025724  -0.0141055 -9.75627e-05  0.000304099  0.000103672 -0.0166527  -0.010714 -0.0043476 -0.0242242 -0.0298554   -9.80892 
                  26 -0.182262 -0.154366  -52.5955   -1.70072  -0.249483 0.00810645  0.0418509 -0.0838781   0.109429  0.00075554 -0.00241677 0.000187043  0.00981156 -0.00210332 -0.00959513 3.66307e-05 0.000319259  9.9504e-05 -0.0168379 -0.0108052 -0.0045686 -0.0244431 -0.0300876   -9.80892 
                26.1 -0.210004 -0.291901  -52.5792  -1.70074  -0.24874 0.0130244  0.0416648 -0.0835778   0.109475 0.000756844 -0.00241827 0.000188534   0.00721142     0.004443 -0.000599849 5.48668e-05 0.000397506 8.66837e-05  -0.0168912   -0.010716 -0.00500062 -0.0244647 -0.0299791   -9.80892 
                26.2 -0.243094 -0.104459  -52.6564  -1.70199 -0.249262 0.0172843  0.0412002 -0.0839981   0.109507 0.000757341 -0.00242129 0.000187706 0.00656614 0.00318541 0.00603875 7.99799e-05 0.000255772 0.000142702  -0.0170532  -0.0105637 -0.00532029 -0.0247168 -0.0298065   -9.80892 
                26.3 -0.241463 -0.254391  -52.6345  -1.70037 -0.250074 0.0149426  0.0416557 -0.0843946   0.109387 0.000757112 -0.00241909 0.000186551 0.00813314 0.00132797 0.00194269 7.81314e-05 0.000365778 0.000126275  -0.0170862  -0.0106747 -0.00509958 -0.0247783 -0.0299933   -9.80892 
                26.4 -0.362042 -0.391513  -52.5784  -1.70225 -0.249662 0.0173013  0.0409007 -0.0848392   0.109468 0.000758813 -0.00242217 0.000186303  0.0026236 0.00999045  0.0045768 0.000166248 0.000487074 8.43069e-05  -0.0171906  -0.0104854 -0.00524213  -0.024996 -0.0297338   -9.80892 
                26.5 -0.213859 -0.298782   -52.615  -1.69984 -0.248304 0.0178078  0.0415983 -0.0843796   0.109386  0.00075717 -0.00241934 0.000185602 0.00504112  0.0119918  0.0050959 6.16434e-05 0.000408444 0.000108809  -0.0171235  -0.0106411 -0.00525363 -0.0248174 -0.0299596   -9.80892 
                26.6 -0.349958 -0.115924  -52.5908  -1.70132 -0.247093 0.0119439  0.0405652 -0.0848588    0.10951 0.000760514 -0.00242032 0.000183378  0.00516524   0.0110183 -0.00417323 0.000159811 0.000258152 8.88629e-05  -0.0170552  -0.0104805 -0.00479507 -0.0248851  -0.029655   -9.80892 
                26.7  -0.621743 -0.0742688   -52.6758  -1.70303 -0.243978 0.0216382  0.0397269 -0.0844461   0.109678  0.00075736 -0.00243386 0.000178797 0.0100329 0.0220268  0.010653 0.000359031  0.00022508 0.000150188  -0.0171457  -0.0102189 -0.00551821 -0.0249703  -0.029294   -9.80892 
                26.8 -0.215469 -0.305032  -52.6395  -1.70244  -0.24558 0.0168377 0.0401235 -0.085772  0.109453 0.000757774 -0.00243615  0.00017995 0.00447038   0.014937 0.00170384 5.77841e-05 0.000400362 0.000123903  -0.0173219  -0.0103135 -0.00510773 -0.025311 -0.029506  -9.80892 
                26.9 -0.338313 -0.445605  -52.7323  -1.69926 -0.248266 0.0209862  0.0417778 -0.0867849   0.109025 0.000763575 -0.00242812 0.000172573  0.0104064  0.0136123 0.00865986  0.00014813 0.000502807 0.000191277  -0.0176721  -0.0105751 -0.00540322 -0.0256968 -0.0300836   -9.80892 
                  27 -0.151638 -0.246405  -52.6113  -1.69996 -0.248035 0.0206414  0.0413539 -0.0872787   0.109038 0.000763563 -0.00242963 0.000174666 0.00436437  0.0117973 0.00832092 1.20847e-05 0.000362945 0.000100709  -0.0177398  -0.0104832 -0.00533233  -0.025863 -0.0299605   -9.80892 
                27.1 -0.0550915 0.00229559   -52.6611  -1.70319 -0.249713 0.0137006  0.0402807 -0.0887073   0.109023 0.000771646 -0.00243724 0.000178901 -0.00301631 0.000409038 -0.00264852 -5.69931e-05  0.000176189  0.000136118  -0.0178521  -0.0102922 -0.00480155 -0.0262517 -0.0296797   -9.80892 
                27.2 -0.298807 -0.218297  -52.6085  -1.70243 -0.248833 0.0128181  0.0405029 -0.0885277   0.109022 0.000770327 -0.00243543 0.000179826 0.00213157 0.00724901 -0.0033288 0.000119545 0.000312158 9.79357e-05   -0.017809  -0.0103518 -0.00474699 -0.0261683 -0.0297551   -9.80892 
                27.3 -0.232703 0.0199319  -52.6472   -1.70496  -0.247031 0.00912422  0.0392566 -0.0884757   0.109241 0.000770754 -0.00243912 0.000175937 -0.000711239   0.00536289  -0.00792784 6.75049e-05 0.000134515 0.000124329  -0.0176969  -0.0101318 -0.00451838 -0.0261323  -0.029345   -9.80892 
                27.4 -0.195828 -0.502773  -52.7858  -1.70036 -0.248078 0.0135541  0.0414398 -0.0885242   0.108912 0.000773466 -0.00242821 0.000163423  0.00397407  0.00954723 -0.00166237 3.86257e-05 0.000513714 0.000225435  -0.0178718  -0.0105286 -0.00488274 -0.0261671 -0.0300681   -9.80892 
                27.5 -0.0322173  -0.329834    -52.848   -1.69925  -0.252745 0.00443596  0.0421583 -0.0902729   0.108532 0.000774972 -0.00242555 0.000162518  0.00224143 -0.00532486  -0.0146293 -7.99132e-05  0.000387032  0.000269136  -0.0181043  -0.0107029 -0.00427299 -0.0265983 -0.0304214   -9.80892 
                27.6 -0.0274758  -0.393704   -52.6211   -1.69902  -0.251048 0.00640783  0.0421305 -0.0895457   0.108649 0.000775966 -0.00242362 0.000162774 -0.00586527  0.00689412 -0.00876615 -8.41355e-05  0.000429163  0.000104455  -0.0180129  -0.0106871 -0.00451587 -0.0264066 -0.0303674   -9.80892 
                27.7 -0.0158538  -0.302282   -52.6541  -1.70101 -0.250833 0.0112706  0.0420076 -0.0896881    0.10865 0.000776817 -0.00242387 0.000163058   -0.0107089    0.0070494 -0.000999243 -9.21172e-05  0.000355509  0.000127892  -0.0181411  -0.0105998 -0.00493187  -0.026564 -0.0302969   -9.80892 
                27.8 -0.252318  -0.12186  -52.6137  -1.70202  -0.24869 0.0156542  0.0418641 -0.0892326    0.10875 0.000774049 -0.00242699 0.000162735 -0.00776947   0.0128596  0.00687273 7.82463e-05 0.000222445  9.7901e-05 -0.0181133 -0.0105447 -0.0052422 -0.0264826 -0.0302078   -9.80892 
                27.9 -0.408754 -0.197896  -52.6555  -1.71017 -0.249107  0.022924  0.0399691 -0.0906882   0.108731 0.000777948 -0.00244002 0.000148151 -0.018725 0.0167312 0.0166321 0.000188013 0.000272826 0.000127342  -0.0184452  -0.0100357 -0.00569126 -0.0271538 -0.0295607   -9.80892 
                  28 -0.441743 -0.139098  -52.6876  -1.71104 -0.247464 0.0318555  0.0404024 -0.0904824   0.108667  0.00077614 -0.00244407 0.000148952 -0.012717 0.0213414 0.0286559  0.00020991 0.000238487 0.000149736  -0.0185356  -0.0100643 -0.00620268 -0.0271877 -0.0296614   -9.80892 
                28.1 -0.381552 -0.220136  -52.6394  -1.70528 -0.247152 0.0223714  0.0423697 -0.0904289   0.108427 0.000773555 -0.00243388 0.000148718 0.00127991  0.0177287  0.0085205  0.00016532 0.000306315 0.000115179  -0.0184101  -0.0105958 -0.00534601 -0.0269102 -0.0304135   -9.80892 
                28.2 -0.394551 -0.206626  -52.6123  -1.70115 -0.246843  0.018388   0.043572 -0.0905273   0.108225 0.000773206 -0.00242933 0.000148193  0.0103827  0.0172397 0.00125236 0.000174571 0.000302186 9.53424e-05  -0.0184021  -0.0108901 -0.00501045 -0.0268286 -0.0308604   -9.80891 
                28.3 -0.248809 -0.219226  -52.6001  -1.69743 -0.247339 0.0197254  0.0446951 -0.0907907   0.107986 0.000774138 -0.00242572 0.000146527  0.0139604  0.0159096 0.00378514 6.77305e-05 0.000312555 8.64204e-05  -0.0185244  -0.0111013 -0.00510781 -0.0269078 -0.0312484   -9.80891 
                28.4 0.0221432  0.156002  -52.5755   -1.69736  -0.248257 0.00522307  0.0440507 -0.0916956   0.107889 0.000787734 -0.00244138 0.000152342    0.012415 -0.00158303  -0.0200512 -0.000126584  4.83865e-05  6.79474e-05   -0.018457  -0.0110775 -0.00408455 -0.0270078 -0.0311422   -9.80891 
                28.5 -0.248296 -0.184628  -52.5902  -1.69724 -0.249298 0.0061773  0.0439875 -0.0922042   0.107783 0.000789101 -0.00244097 0.000152578  0.0106544 0.00143202 -0.0132198 6.47585e-05 0.000284338 7.74368e-05  -0.0186021  -0.0110162 -0.00427327  -0.02723 -0.031119  -9.80891 
                28.6  -0.240419 -0.0718566    -52.686  -1.70195 -0.247474 0.0141957  0.0422764 -0.0921557   0.108007 0.000792197 -0.00245152  0.00015314 0.00106554 0.00668782 0.00236705 5.98162e-05 0.000209772 0.000144843   -0.018665  -0.0105664 -0.00492751 -0.0274147 -0.0304729   -9.80891 
                28.7 -0.285266 -0.201151  -52.6177  -1.70199 -0.248141 0.0165982  0.0424831 -0.0925875   0.107891  0.00079446 -0.00245137 0.000151854 0.00138576 0.00689602  0.0058563 9.16917e-05 0.000301953 9.54983e-05  -0.0187955  -0.0105706 -0.00507799  -0.027591 -0.0305449   -9.80891 
                28.8 -0.274325 -0.302805  -52.6634  -1.70356 -0.247397 0.0202366  0.0420793 -0.0927497   0.107913 0.000797636 -0.00245359 0.000152964 -0.000700072   0.00999505    0.0121155 8.32187e-05 0.000373397 0.000127835  -0.0188589  -0.0104509 -0.00528486 -0.0277077 -0.0303954   -9.80891 
                28.9    -0.225251 -0.000778386     -52.6869  -1.70986 -0.248984 0.0173846  0.0402843 -0.0941768   0.107992 0.000804217 -0.00246071 0.000151542 -0.0113348 0.00237888 0.00553139 4.60126e-05 0.000152402 0.000142737  -0.0190257  -0.0100669 -0.00501712 -0.0282018 -0.0298572   -9.80891 
                  29 -0.0532076  -0.216197   -52.6845  -1.70578 -0.247938 0.0145632  0.0417334 -0.0934193   0.107873 0.000798904  -0.0024566 0.000145518 -0.00663212  0.00427105  0.00032949 -7.83964e-05  0.000309167   0.00014021  -0.0188686  -0.0104301 -0.00478119  -0.027832 -0.0303431   -9.80891 
                29.1 -0.209161 -0.152887  -52.6246  -1.70522 -0.249193 0.0117717  0.0421195 -0.0938738   0.107742 0.000799486 -0.00245537 0.000145759 -0.00340773  0.00161114 -0.00342618 3.27272e-05 0.000265131  9.6958e-05  -0.0189332  -0.0105216 -0.00459332 -0.0279292  -0.030506   -9.80891 
                29.2 0.0239365  -0.22045   -52.701   -1.70475  -0.249519 0.00659898  0.0423776 -0.0939433   0.107688 0.000797734 -0.00245602 0.000145107 -0.00771282 -0.00306525  -0.0105267 -0.000133037  0.000318578  0.000151104  -0.0188811  -0.0106204 -0.00427151 -0.0278654 -0.0306223   -9.80891 
                29.3 -0.146291 0.0577387  -52.6519   -1.70839   -0.25143 0.00623512  0.0415865 -0.0946601   0.107716 0.000799182 -0.00245909 0.000142633 -0.00891644 -0.00886399 -0.00874315 -1.05265e-05  0.000117569  0.000115298  -0.0190089  -0.0104217 -0.00432302  -0.028151 -0.0303743   -9.80891 
                29.4   -0.351955 -0.00542075    -52.6184  -1.70521 -0.250973 0.0127148   0.042721 -0.0937731   0.107653 0.000796536 -0.00246184 0.000149138  0.00509441 -0.00571315  0.00233251 0.000136957 0.000166665 8.94805e-05   -0.018986  -0.0106188 -0.00482167 -0.0279246 -0.0306896   -9.80891 
                29.5 -0.233098 -0.132085  -52.6779  -1.70358 -0.251159 0.0135309 0.0430768 -0.093529  0.107626 0.000795892 -0.00246065 0.000149454  0.00776391 -0.00575141  0.00338658 4.90111e-05 0.000245304 0.000130933  -0.0189589  -0.0106973 -0.00486282 -0.0278375 -0.0307997   -9.80891 
                29.6 -0.473034 -0.522105  -52.5894  -1.70221 -0.250185 0.0282182  0.0436838 -0.0929714    0.10756 0.000813218 -0.00247122  0.00015056  0.009443 0.0129694 0.0263303 0.000217227 0.000517801 6.96346e-05  -0.0190939  -0.0106934 -0.00583723 -0.0278602 -0.0309012   -9.80891 
                29.7 -0.223766 -0.356765  -52.7108  -1.70243 -0.250347 0.0246276   0.043412 -0.0935912   0.107545 0.000811994 -0.00247134 0.000152591 0.00571791 0.00787943  0.0155804 4.07315e-05 0.000395162 0.000154433 -0.0191114 -0.0106708 -0.0054288 -0.0279801 -0.0308603   -9.80891 
                29.8 -0.421429 -0.122331  -52.6152  -1.69917 -0.247915  0.018401  0.0435714 -0.0931139   0.107545 0.000813036 -0.00246632 0.000155277  0.0174183 0.00857077  0.0035413 0.000179465 0.000216695 8.55184e-05  -0.0188885  -0.0108086 -0.00489864 -0.0276757 -0.0309435   -9.80891 
                29.9 -0.308679 -0.213633  -52.6385  -1.69981 -0.246382 0.0181964  0.0428786 -0.0932229   0.107681 0.000813428 -0.00246862 0.000155422  0.014164 0.0101377 0.0031142 9.99861e-05  0.00027908 0.000101851  -0.0188691  -0.0106616 -0.00486057  -0.027726 -0.0307113   -9.80891 
                  30 -0.0958483  -0.211352   -52.6311   -1.70098  -0.248214 0.00854768 0.0422854   -0.0945   0.10768 0.000816259 -0.00247624 0.000161598 0.00422817  0.0031897 -0.0123173 -4.92308e-05  0.000268664  9.62808e-05  -0.0189343  -0.0105783 -0.00419811 -0.0280103 -0.0305995   -9.80891 
                30.1 -0.0275071   0.134334    -52.666   -1.70204  -0.249553 0.00354026  0.0417889 -0.0950254    0.10772 0.000820438    -0.00248 0.000163458 0.00323736 -0.0098193 -0.0186234 -9.59804e-05  3.61431e-05  0.000120241  -0.0189541  -0.0104841 -0.00395782  -0.028141 -0.0304621   -9.80891 
                30.2  -0.0681823 0.000252949    -52.6677   -1.70071  -0.248531 0.00450127   0.041912 -0.0943223   0.107758 0.000817517 -0.00247883 0.000162532  0.00394822 -0.00476895  -0.0159505 -6.57558e-05  0.000135198   0.00012102  -0.0188631  -0.0105164 -0.00414341 -0.0279447 -0.0304699   -9.80891 
                30.3 -0.0115869  -0.299032   -52.7087   -1.69571  -0.250409 0.00706003  0.0435839 -0.0940802   0.107455 0.000818423 -0.00247056 0.000154193   0.0058061  -0.0027316 -0.00949486 -0.00010403 0.000354559 0.000149054  -0.0189841  -0.0108454 -0.00442694 -0.0278955 -0.0310219   -9.80891 
                30.4 -0.202973 -0.152377  -52.6279  -1.69984 -0.249988 0.0137842  0.0423652 -0.0942256   0.107748 0.000819915 -0.00247705 0.000152662 -0.00150619  0.00366199  0.00213891 3.00228e-05 0.000234694 9.20127e-05  -0.0190822  -0.0104906 -0.00493665 -0.0281168 -0.0305595   -9.80891 
                30.5 -0.183285 -0.144078  -52.6482   -1.7025  -0.24942 0.0141006  0.0416713 -0.0944285   0.107858 0.000820534 -0.00247937 0.000151618 -0.00738197  0.00533921  0.00187022 1.62766e-05 0.000241142 0.000105733  -0.0190869  -0.0103268 -0.00494393 -0.0282075 -0.0303219   -9.80891 
                30.6 -0.332904 -0.194702  -52.5898  -1.69926 -0.246932 0.0163616  0.0425406 -0.0935497   0.107839 0.000819789 -0.00247786 0.000156591 0.000217242   0.0155283  0.00539657 0.000120956 0.000278292 6.49896e-05  -0.0189815  -0.0105443 -0.00507696 -0.0279106 -0.0305909   -9.80891 
                30.7 -0.0676547  -0.208323     -52.68  -1.70108 -0.242782 0.0144899  0.0417208 -0.0929974   0.108078 0.000817468 -0.00248121 0.000157581 -0.00769124   0.0191902 0.000620941 -6.27787e-05  0.000275634  0.000127296 -0.0187744   -0.01042 -0.0049224 -0.0276974 -0.0303026   -9.80891 
                30.8 -0.0021653  -0.476582   -52.7379  -1.70034 -0.245644 0.0126381  0.0427748 -0.0941084    0.10774 0.000819052 -0.00247599 0.000149616 -0.00779987  0.00954242 -0.00263261 -0.000110235  0.000462126  0.000166417  -0.0190517  -0.0106048 -0.00480192 -0.0280336  -0.030709   -9.80891 
                30.9 -0.0640285 -0.0671765   -52.7311  -1.70049 -0.248805 0.0134118  0.0433401 -0.0949718   0.107496 0.000820557 -0.00247416 0.000155919 -0.00461825 -0.00214495 -0.00174741 -6.84605e-05  0.000186019   0.00016043  -0.0192875  -0.0106665 -0.00488999 -0.0283383 -0.0309208   -9.80891 
                  31 -0.0474656 -0.0187452   -52.6291   -1.70108  -0.249037 0.00787888  0.0431023 -0.0950139   0.107532 0.000822733 -0.00247451  0.00015551 -0.00387357 -0.00687033  -0.0110344 -7.9984e-05 0.000151247 8.90304e-05  -0.0192126  -0.0106664 -0.00453937 -0.0282842 -0.0308712   -9.80891 
                31.1 -0.0973548  -0.301409   -52.6559  -1.70344  -0.24923 0.0128531  0.0428536 -0.0950583   0.107524 0.000825528  -0.0024768 0.000156676 -0.00875554 -0.00460801 -0.00135465 -4.65113e-05  0.000347238  0.000107126  -0.0192887  -0.0105516 -0.00492891 -0.028393 -0.030753  -9.80891 
                31.2 -0.119696 -0.205989  -52.6805  -1.70545 -0.248804 0.0169156  0.0426086 -0.0948593   0.107583 0.000825369 -0.00247895 0.000156534  -0.0136522 0.000810497  0.00356773 -3.3304e-05 0.000263103 0.000122747  -0.0192925  -0.0104685 -0.00521266 -0.0283947 -0.0306401   -9.80891 
                31.3  -0.264904 -0.0791264   -52.6547  -1.70443 -0.246217 0.0162726  0.0427748 -0.0940157    0.10765  0.00082322 -0.00247748 0.000159322 -0.00700872  0.00652839  0.00213094 6.57848e-05 0.000163403 0.000103464  -0.0191046  -0.0105667 -0.00514403 -0.0280781 -0.0306829   -9.80891 
                31.4 -0.0150542  -0.326794   -52.6994  -1.70395 -0.247708 0.0108691   0.043299 -0.0945159   0.107524 0.000821501 -0.00247646 0.000157637  -0.0115765   0.0019088 -0.00590043 -0.000106421  0.000337657  0.000134374  -0.0191618   -0.010705 -0.00478299 -0.0281519 -0.0309066   -9.80891 
                31.5 -0.372625 -0.155445   -52.797  -1.70299 -0.248329 0.0207681  0.0440435 -0.0942979    0.10745 0.000819618 -0.00248199  0.00016018 -0.00204733  0.00380181  0.00973216 0.000139142 0.000215479 0.000200785  -0.0193298  -0.0107825 -0.00547304 -0.0282302 -0.0311103   -9.80891 
                31.6 -0.0968516  0.0287567    -52.611  -1.70079 -0.246579 0.0173411  0.0442876 -0.0936989   0.107484 0.000821241 -0.00248098 0.000158738 0.00191725 0.00233659 0.00225698 -4.94752e-05  9.41099e-05  7.17836e-05  -0.0191494   -0.010918 -0.00519037 -0.0279444 -0.0312047   -9.80891 
                31.7 -0.0904178  -0.377677   -52.6369  -1.69726 -0.247326 0.0151109  0.0452858 -0.0937359   0.107318 0.000818642 -0.00247885 0.000151517  0.00242147  0.00509449 -0.00104749 -5.42022e-05  0.000382174  8.90977e-05  -0.0191806  -0.0111658 -0.00502421 -0.0278887   -0.03157   -9.80891 
                31.8 -0.211814 -0.195007  -52.6634   -1.7032 -0.247781 0.0174538  0.0438529 -0.0945282   0.107508 0.000821034 -0.00248482 0.000149868 -0.00875028  0.00639582  0.00336437 2.99496e-05 0.000266335 0.000106455  -0.0193024  -0.0107751 -0.00518944 -0.0282456 -0.0310793   -9.80891 
                31.9  -0.308962 -0.0992066   -52.6657  -1.70737 -0.249652 0.0156934 0.0431925 -0.095559  0.107497 0.000824652 -0.00248641 0.000146932   -0.0130007    0.0027013 -0.000188728 9.60862e-05 0.000205831 0.000107339   -0.019455   -0.010586 -0.00505961 -0.0285925 -0.0308877   -9.80891 
                  32 -0.278903 -0.326207  -52.6656  -1.70548 -0.248844 0.0129801  0.0438935 -0.0952445   0.107433 0.000821269 -0.00248322 0.000145856 -0.00916894  0.00798957 -0.00429556 7.61046e-05 0.000362899 0.000107814  -0.0193895  -0.0107874 -0.00488032 -0.0284204 -0.0311367   -9.80891 
                32.1 -0.213923 -0.148774  -52.6681   -1.70378  -0.249786 0.00911254 0.0445402 -0.095418  0.107295 0.000821421 -0.00248094 0.000147204 -0.00391938   0.0032701  -0.0115814 3.12441e-05 0.000244331 0.000108746  -0.0194214  -0.0109511 -0.00466954  -0.028414 -0.0313818   -9.80891 
                32.2 0.285759 0.367339  -52.706   -1.70444  -0.253617 -0.0107432 0.0442427 -0.096451  0.107122 0.000849919 -0.00250725 0.000160913 -0.00224178  -0.0294799  -0.0410209 -0.000310282  -0.00010842  0.000133845   -0.019371  -0.0109991 -0.00346319 -0.0285132 -0.0313996   -9.80891 
                32.3 -0.160342 0.0816913  -52.6789    -1.70499   -0.253528 -0.00984151  0.0439938 -0.0958267   0.107246 0.000846932 -0.00250807 0.000163228 0.000635441  -0.0211758  -0.0347841 -6.79796e-06  9.38734e-05  0.000113995 -0.0192809 -0.0109363 -0.0037742 -0.0283682 -0.0312705   -9.80891 
                32.4 -0.0951494  0.0420304   -52.6455    -1.70465    -0.25234 -0.00358624  0.0439669 -0.0947374   0.107391 0.000847386 -0.00250902 0.000166338  0.0023044 -0.0153807 -0.0207616 -5.19554e-05  0.000118449  9.04897e-05   -0.019172  -0.0109036 -0.00441361 -0.0281274 -0.0311817   -9.80891 
                32.5 -0.0800829 -0.0795213   -52.6559   -1.70086  -0.252022 0.00341112  0.0448734 -0.0937245   0.107369 0.000850628 -0.00250691 0.000166887  0.00948221  -0.0119519 -0.00591214 -6.32688e-05  0.000199701  9.71567e-05  -0.0191387  -0.0110862 -0.00500521 -0.0278828 -0.0314291   -9.80891 
                32.6  -0.360534 -0.0567419   -52.6495  -1.70286 -0.250906 0.0162666  0.0441868 -0.0933264   0.107506 0.000856185 -0.00252028 0.000168682  0.00847434 -0.00151056   0.0139396 0.000122771 0.000179602 9.16801e-05  -0.0191926  -0.0108318 -0.00586197 -0.0279591 -0.0311203   -9.80891 
                32.7 -0.146136 -0.114337  -52.6622  -1.70221 -0.247684 0.0149028 0.0437252 -0.092566  0.107681 0.000852221 -0.00252129 0.000171203 0.00569481 0.00416041  0.0122619 -2.01392e-05  0.000212908  9.96449e-05  -0.0189469  -0.0108074 -0.00568361 -0.0276574 -0.0309522   -9.80891 
                32.8 -0.257572 -0.113829   -52.683  -1.70228 -0.246873 0.0147387  0.0434363 -0.0926073   0.107732  0.00085182 -0.00252185 0.000171588 0.00666909 0.00517724  0.0091898 5.87024e-05 0.000206232 0.000112416  -0.0189129  -0.0107526 -0.00559612 -0.0276561 -0.0308575   -9.80891 
                32.9 -0.138318 -0.215115  -52.6666  -1.70181 -0.248478 0.0132086  0.0436064 -0.0931492   0.107652 0.000851882 -0.00252178 0.000170924  0.00395631 0.000753034  0.00573003 -2.1995e-05 0.000290237 0.000101207  -0.0190092  -0.0107773 -0.00544764 -0.0278044 -0.0309409   -9.80891 
                  33   0.077344 -0.0368035   -52.6849   -1.70104  -0.248369 0.00312439  0.0433975 -0.0931956   0.107658 0.000851304  -0.0025281 0.000170319  0.00160332 -0.00673455  -0.0119182 -0.00016718 0.000169728 0.000112846  -0.0188399  -0.0108308 -0.00478936 -0.0276551 -0.0309121   -9.80891 
                33.1 -0.145533 -0.106525  -52.6071   -1.70316  -0.249529 0.00413676  0.0429371 -0.0935224   0.107714 0.000852187 -0.00252952 0.000169841   -0.002116 -0.00587937 -0.00926264 -1.64696e-05  0.000212935  5.96961e-05   -0.018912   -0.010686 -0.00491872 -0.0278148 -0.0307537   -9.80891 
                33.2 -0.105499 -0.195261  -52.5825   -1.70013  -0.242989 0.00613225  0.0430784 -0.0915764   0.107889 0.000849346 -0.00252785 0.000171306 -0.000200139     0.011637  -0.00574333 -4.42532e-05  0.000276732  4.28558e-05  -0.0185279  -0.0108191 -0.00508137 -0.0271715 -0.0307334   -9.80891 
                33.3 -0.183251  -0.31089  -52.6314    -1.7011  -0.244992 0.00785204  0.0432669 -0.0923514   0.107765  0.00085327 -0.00252788 0.000168339 -0.00617458   0.0128417 -0.00330132 8.24729e-06 0.000359059 7.59403e-05    -0.01875  -0.0107878 -0.00522769 -0.0274745 -0.0308124   -9.80891 
                33.4 -0.241867 -0.262479  -52.6253  -1.70353 -0.244155 0.0200432 0.0431787 -0.092292   0.10779 0.000856837 -0.00253384 0.000166958 -0.0102409   0.017854  0.0190344 4.71627e-05 0.000320576 7.14502e-05  -0.0189089  -0.0106482 -0.00601926 -0.0276436 -0.0307241   -9.80891 
                33.5 -0.566297 -0.080633  -52.6497  -1.70799  -0.24612 0.0230361  0.0426752 -0.0935641   0.107648 0.000862058 -0.00253681 0.000156435 -0.00746352   0.0156655   0.0204951 0.000265634  0.00019947 8.53457e-05  -0.0191742  -0.0104372 -0.00609735 -0.0281204 -0.0305822   -9.80891 
                33.6  -0.54629 -0.572672  -52.6522  -1.70767 -0.244608 0.0337394  0.0433348 -0.0935163   0.107453 0.000869815  -0.0025405 0.000154921 -0.00879248   0.0305755   0.0338305 0.000243388 0.000536077 8.97941e-05  -0.0193098   -0.010509 -0.00663517 -0.0281914 -0.0307668   -9.80891 
                33.7 -0.117585 -0.244934  -52.7364  -1.70838 -0.247293 0.0149526 0.0433658 -0.094925  0.107173 0.000878279  -0.0025517 0.000167287 -0.00952622  0.00763832 -0.00171369 -4.39678e-05  0.000317769  0.000144568  -0.0193909  -0.0106211 -0.00526498 -0.0284273 -0.0309274   -9.80891 
                33.8 -0.201742 -0.207583  -52.7007  -1.70713 -0.248122 0.0118823   0.043962 -0.0951781    0.10704 0.000879453 -0.00255057  0.00016943 -0.00552033  0.00541277 -0.00555078 1.24673e-05 0.000295185 0.000119213  -0.0194599  -0.0107657 -0.00507845 -0.0284653 -0.0311559   -9.80891 
                33.9 -0.0189076  -0.153347   -52.6364   -1.70321  -0.246907 0.00709726  0.0448065 -0.0945899   0.107079 0.000879899 -0.00255097 0.000163782 -0.00134414  0.00392723  -0.0100576 -0.000109104  0.000251438  7.51558e-05  -0.0193479  -0.0110352 -0.00481296 -0.0281909 -0.0314514   -9.80891 
                  34 -0.193981 -0.140845  -52.6379   -1.70203  -0.248753 0.00879698   0.045364 -0.0949902   0.106919  0.00088017 -0.00254954 0.000166282  0.00247698  0.00119066 -0.00741385 7.08331e-06 0.000246977 7.53424e-05  -0.0195065  -0.0111087 -0.00499369 -0.0283434 -0.0316411   -9.80891 
                34.1 -0.225119 -0.272392  -52.6191  -1.70209 -0.248089 0.0136602  0.0454167 -0.0948724   0.106917  0.00088081 -0.00254952 0.000167395  0.00289099  0.00435244 0.000754772 2.76751e-05 0.000339218 6.29743e-05  -0.0195412   -0.011078 -0.00534343 -0.0283609 -0.0316263   -9.80891 
                34.2 -0.275515 -0.341911   -52.804  -1.69995  -0.25163 0.0220183  0.0464155 -0.0955287   0.106641 0.000885764 -0.00254463 0.000164267  0.00793345 0.000670138   0.0131054 6.08828e-05 0.000375699 0.000186531  -0.0198542  -0.0111898 -0.00586926  -0.028653 -0.0319532   -9.80891 
                34.3 -0.262576 -0.567899  -52.7696  -1.69649 -0.254485 0.0210627  0.0473739 -0.0960761   0.106421 0.000884332 -0.00253964 0.000155793   0.0111817 -0.00113571  0.00882018 5.13648e-05 0.000552719 0.000163746  -0.0200173  -0.0113895 -0.00572681 -0.0287845   -0.03231    -9.8089 
                34.4 -0.394591 -0.478227  -52.6065  -1.69965  -0.25241 0.0226786  0.0462738 -0.0961103   0.106639 0.000883095 -0.00254037 0.000154101 0.00350092 0.00989933 0.00923917 0.000138115 0.000493504 5.42568e-05  -0.0199472  -0.0111362 -0.00575907 -0.0288326 -0.0319326   -9.80891 
                34.5 -0.246464 -0.342021  -52.6424  -1.69836 -0.250086 0.0218305  0.0463178 -0.0957218   0.106659 0.000882314 -0.00253965 0.000153349 0.00566981  0.0111023 0.00597373 3.92844e-05 0.000404719 7.75351e-05  -0.0198378  -0.0111908 -0.00564993 -0.0286712 -0.0319445   -9.80891 
                34.6 -0.371707 -0.140659  -52.6219  -1.70047 -0.248159  0.015036   0.045406 -0.0959819    0.10682 0.000887556  -0.0025394  0.00014802  0.00290319   0.0132244 -0.00342345 0.000123042 0.000271875  6.2777e-05  -0.0197109  -0.0110355 -0.00518459 -0.0286752 -0.0316717   -9.80891 
                34.7  -0.636712 -0.0904107   -52.7063   -1.7026 -0.244447 0.0237071  0.0447597 -0.0956223   0.106983 0.000881804 -0.00255043 0.000141767 0.00759594  0.0243479 0.00860812 0.000299385 0.000224988 0.000117893  -0.0197231  -0.0108257 -0.00573547 -0.0287069 -0.0313966   -9.80891 
                34.8 -0.229631 -0.312086  -52.6697  -1.70246 -0.245763 0.0180593  0.0449415 -0.0965426   0.106903 0.000882201 -0.00255407 0.000143955  0.00353151   0.0150253 -0.00155004 2.89221e-05  0.00037456 9.45294e-05  -0.0198451  -0.0108601 -0.00533888 -0.0289253 -0.0315154   -9.80891 
                34.9 -0.353918  -0.44955  -52.7637  -1.69937 -0.248503 0.0216942  0.0460222 -0.0971672   0.106654  0.00088588 -0.00254759 0.000137543   0.010934  0.0107455 0.00393197 0.000110604 0.000466118 0.000157035  -0.0201427  -0.0110235 -0.00557621 -0.0291788 -0.0318908    -9.8089 
                  35 -0.161904  -0.24352  -52.6442  -1.69993 -0.248473 0.0209086  0.0457582 -0.0974808   0.106708 0.000885501 -0.00254851 0.000139439 0.00643745 0.00749621 0.00357807 -1.69439e-05  0.000324639  7.68942e-05  -0.0201757  -0.0109507 -0.00550946 -0.0292787 -0.0318149    -9.8089 
                35.1  -0.062843 0.00765429   -52.6921  -1.70272 -0.250658  0.013635  0.0450373 -0.0984737   0.106812 0.000892954 -0.00255511 0.000143368  0.00240055 -0.00852569 -0.00871455 -8.16631e-05   0.00014025  0.000107799  -0.0202089   -0.010784 -0.00505558  -0.029518 -0.0316256    -9.8089 
                35.2 -0.301938 -0.206822  -52.6389  -1.70167 -0.250174 0.0122766  0.0450811 -0.0982722   0.106803 0.000891584 -0.00255387 0.000144692  0.00689586 -0.00411967  -0.0110091 7.57503e-05 0.000288978 7.20446e-05  -0.0201507  -0.0108166 -0.00501308 -0.0294323 -0.0316367    -9.8089 
                35.3 -0.232523  0.031662  -52.6808   -1.70402  -0.248822 0.00818004  0.0441423 -0.0981873    0.10703 0.000892043 -0.00255705 0.000140539  0.00449549 -0.00581333  -0.0137083 3.05356e-05 0.000162403 9.84903e-05  -0.0199962  -0.0106367 -0.00483375 -0.0293744 -0.0313215   -9.80891 
                35.4 -0.216387  -0.47142  -52.8076  -1.69976 -0.249154 0.0131468   0.045231 -0.0977139    0.10678 0.000894802 -0.00255165 0.000134187  0.00703874  0.00363818 -0.00636134 1.94338e-05 0.000503667 0.000183097  -0.0201064  -0.0108642 -0.00521186 -0.0292986 -0.0316641   -9.80891 
                35.5 -0.0368395  -0.332533   -52.8768  -1.69855 -0.253447 0.0041713 0.045584 -0.09885 0.106625 0.000894015 -0.00255067 0.000132545 0.00560096 -0.0112614 -0.0189285 -0.000100181  0.000408971  0.000227007  -0.0202289  -0.0109469 -0.00471305 -0.0295263 -0.0318509    -9.8089 
                35.6 -0.0250113  -0.385408   -52.6479   -1.69815  -0.252094 0.00587991  0.0454928 -0.0982338   0.106679 0.000895471 -0.00254849 0.000133123  0.00277459 -0.00650617  -0.0143632 -0.000109683  0.000448423  7.60999e-05  -0.0201492  -0.0109351 -0.00492596 -0.0293806 -0.0317867    -9.8089 
                35.7 -0.0171298  -0.296743   -52.6806  -1.69967 -0.252565 0.0106651  0.0453077 -0.0980922   0.106796 0.000896035 -0.00254827 0.000133194 -0.00259782 -0.00522483 -0.00571781 -0.000114417  0.000390103  9.72504e-05  -0.0202295  -0.0108328 -0.00530482 -0.0294592 -0.0316938    -9.8089 
                35.8 -0.251288 -0.128418  -52.6425  -1.70056 -0.250701 0.0149633 0.0450122 -0.097536  0.106922 0.000893202 -0.00255157 0.000131572   0.00106384 -0.000569761   0.00114201 3.79604e-05 0.000260479 7.17215e-05  -0.0201711  -0.0107565 -0.00559221 -0.0293641  -0.031557   -9.80891 
                35.9 -0.427184 -0.204018  -52.6857  -1.70835 -0.250086 0.0235902  0.0435124 -0.0978813   0.107358 0.000894638 -0.00256447 0.000117455 -0.00771447  0.00516077   0.0138864 0.000153475  0.00031652 9.95823e-05  -0.0202858  -0.0102778 -0.00608932 -0.0296857 -0.0310085   -9.80891 
                  36 -0.445379 -0.150986  -52.7147  -1.70907 -0.249119 0.0321617  0.0436004 -0.0975292   0.107368 0.000893184 -0.00256944 0.000117059 -0.00501162  0.00889221   0.0256283 0.000164238 0.000282676 0.000117934   -0.020361  -0.0102477 -0.00652283 -0.0297036 -0.0310016   -9.80891 
                36.1 -0.379158 -0.222967  -52.6743  -1.70362 -0.248807 0.0223139  0.0445684 -0.0977065   0.107007 0.000890708 -0.00256316 0.000117465  0.0085323 0.00720902 0.00593249 0.000125212 0.000351905 9.06306e-05   -0.020227  -0.0106105 -0.00576885 -0.0294863 -0.0313969   -9.80891 
                36.2 -0.384938 -0.216572  -52.6416  -1.69944 -0.248671 0.0181037  0.0451596 -0.0977671   0.106791 0.000890076  -0.0025608 0.000117033   0.0170724  0.00687101 -0.00160451 0.000128613 0.000329574   6.809e-05  -0.0201934  -0.0108032 -0.00547709 -0.0293943 -0.0316246    -9.8089 
                36.3 -0.239364 -0.227475  -52.6294  -1.69583  -0.24899 0.0194745  0.0456969 -0.0977276   0.106642 0.000890365 -0.00255863  0.00011533  0.0194419 0.00601291 0.00130791 3.31735e-05 0.000335024 5.98453e-05  -0.0202653  -0.0109167 -0.00557129 -0.0293971 -0.0318045    -9.8089 
                36.4 0.0356848  0.143858  -52.6055    -1.6959  -0.249976 0.00531782   0.045046 -0.0985458   0.106658 0.000902594 -0.00257347  0.00011887   0.0134049 -0.00681546  -0.0201846 -0.000145354   9.4436e-05  4.29525e-05  -0.0201153  -0.0108545 -0.00472042 -0.0294296 -0.0316581    -9.8089 
                36.5 -0.237682 -0.188129  -52.6201   -1.69627  -0.250714 0.00632973   0.044834 -0.0987246   0.106689 0.000903055 -0.00257346 0.000119948   0.0103991 -0.00233146   -0.015402 3.50146e-05 0.000316939 5.22604e-05  -0.0201917  -0.0107567 -0.00488634 -0.0295502 -0.0315783    -9.8089 
                36.6  -0.239873 -0.0747449   -52.7198  -1.70139 -0.248378 0.0142547  0.0435548 -0.0983919   0.106991 0.000905033 -0.00258314 0.000119903 0.000189787  0.00630075 -0.00345265  3.6793e-05 0.000232483 0.000115087  -0.0201699   -0.010379 -0.00545834 -0.0296362 -0.0310909   -9.80891 
                36.7 -0.289322 -0.207265  -52.6515  -1.70174 -0.248657 0.0163585 0.0436216 -0.098578  0.106947 0.000906707 -0.00258351 0.000119061 -0.00011525  0.00762301 0.000756949 6.66047e-05 0.000316086 6.98607e-05  -0.0202564   -0.010354 -0.00560164 -0.0297354 -0.0311098   -9.80891 
                36.8 -0.275093 -0.292596  -52.6985  -1.70359 -0.247529 0.0194101  0.0433167 -0.0986082   0.106979 0.000909164 -0.00258547 0.000120252 -0.00366059   0.0115015  0.00582359 5.42941e-05   0.0003706 9.85981e-05  -0.0202782  -0.0102497 -0.00577702  -0.029797 -0.0309942   -9.80891 
                36.9 -0.223677 0.0115965  -52.7205  -1.71007 -0.248798 0.0162573  0.0421548 -0.0995784   0.106999 0.000914298 -0.00259044  0.00011877 -0.0140879 0.00369821 0.00116232 2.48846e-05 0.000170476  0.00011021  -0.0203498 -0.00992472 -0.00556258 -0.0301206 -0.0306379   -9.80891 
                  37 -0.049175  -0.21017  -52.7234  -1.70618 -0.247617 0.0134453  0.0431227 -0.0990492   0.106973 0.000910164 -0.00258776 0.000112333 -0.00724526  0.00261479 -0.00355889 -8.76898e-05  0.000309452  0.000110667 -0.0202801 -0.0102328 -0.0053869  -0.029871 -0.0309702   -9.80891 
                37.1 -0.211213 -0.149571  -52.6638  -1.70568 -0.248931 0.0108919  0.0434305 -0.0993567   0.106877 0.000910588 -0.00258696 0.000112462  -0.0064081  0.00363351 -0.00928402 1.45451e-05 0.000270849 7.08647e-05 -0.0203542 -0.0103007 -0.0052533 -0.0299418  -0.031095   -9.80891 
                37.2  0.046393 -0.217911  -52.7406   -1.70474  -0.249485 0.00517799 0.0437182 -0.099393  0.106834 0.000908735 -0.00258771 0.000110974 -0.00750741 -0.00409848  -0.0146217 -0.000150428  0.000290814  0.000119968  -0.0203328  -0.0104124 -0.00496841 -0.0298876 -0.0312155    -9.8089 
                37.3 -0.150689 0.0701443  -52.6906   -1.70845  -0.251474 0.00505398  0.0431966 -0.0998617   0.106826 0.000908902 -0.00259011  0.00010827  -0.0108282 -0.00864917 -0.00868678 -3.06708e-05  9.82461e-05  8.69452e-05  -0.0204076  -0.0102349 -0.00505236 -0.0300799 -0.0310452    -9.8089 
                37.4  -0.349613 0.00336114   -52.6584  -1.70529  -0.25101 0.0117027  0.0439773 -0.0992122   0.106796 0.000906647 -0.00259447 0.000114922 0.000147744 -0.00161172  0.00139294 9.79317e-05 0.000138687 6.52606e-05  -0.0204131  -0.0104043 -0.00551515 -0.0299201 -0.0312592    -9.8089 
                37.5 -0.246814 -0.108427  -52.6806  -1.70397 -0.249873 0.0129636  0.0441003 -0.0988455   0.106837 0.000906155 -0.00259422 0.000115953  0.00730372 0.000549251  0.00315104 2.34308e-05 0.000180218 7.91914e-05  -0.0203512  -0.0104547 -0.00558589 -0.0298028 -0.0312847    -9.8089 
                37.6 -0.478537  -0.50929  -52.6286  -1.70245 -0.248953 0.0279813  0.0446058 -0.0985865   0.106723 0.000923584 -0.00260545 0.000115076 0.00857906  0.0181505  0.0251063 0.000168425 0.000437494 4.63145e-05  -0.0204854  -0.0104617 -0.00644785 -0.0298558 -0.0313851    -9.8089 
                37.7 -0.222251 -0.347788  -52.7539   -1.7024  -0.24925 0.0245054  0.0445115 -0.0990806    0.10669 0.000922511 -0.00260493 0.000117011 0.00600102  0.0112878  0.0158952 4.60621e-06 0.000330698 0.000125864  -0.0205279  -0.0104461 -0.00610093 -0.0299629 -0.0313894    -9.8089 
                37.8 -0.452353 -0.111982   -52.666  -1.69965 -0.245816 0.0192596   0.044482 -0.0986352   0.106753 0.000923696 -0.00260051 0.000118672  0.0165344  0.0138272 0.00544967 0.000151842 0.000188894 6.82431e-05  -0.020347 -0.0105344 -0.0056874 -0.0297358 -0.0313866    -9.8089 
                37.9 -0.320442 -0.204103  -52.6765  -1.70009 -0.244809  0.018989  0.0441481 -0.0988935   0.106781  0.00092446 -0.00260174 0.000119698  0.0119753  0.0153733 0.00376063 6.76421e-05 0.000257109 7.50875e-05  -0.0203695  -0.0104375 -0.00564281 -0.0298284 -0.0312839    -9.8089 
                  38 -0.0883569  -0.215671   -52.6768   -1.70121  -0.246639 0.00863352  0.0438301 -0.0998436   0.106755 0.000926438 -0.00260995 0.000126825 0.00660915 0.00522545 -0.0139477 -7.89281e-05  0.000246508  7.51609e-05  -0.020438 -0.0103603 -0.0050216 -0.0300446 -0.0312372    -9.8089 
                38.1 -0.0319596   0.140019    -52.707  -1.70199 -0.248423 0.0034661 0.0435887 -0.100308  0.106734 0.000930574 -0.00261303 0.000130766  0.00559031 -0.00829314  -0.0190965 -0.000116858  9.06575e-06  9.24196e-05  -0.0204808  -0.0102875 -0.00480983 -0.0301706 -0.0311785    -9.8089 
                38.2 -0.0667181 0.00602673   -52.7103  -1.70048 -0.247739 0.0043895  0.0437033 -0.0999085   0.106751  0.00092841 -0.00261172 0.000129998  0.00619678 -0.00576614  -0.0152061 -8.77103e-05  8.92442e-05  9.40709e-05  -0.0204324  -0.0103321 -0.00497189 -0.0300618 -0.0311994    -9.8089 
                38.3 -0.00864598   -0.293899    -52.7535    -1.6953  -0.249882 0.00706885  0.0448122 -0.0997625     0.1066 0.000929573  -0.0026051 0.000121658  0.0142326 -0.0127215 -0.0076227 -0.000123833  0.000284482  0.000121078  -0.0205708  -0.0105859 -0.00521874 -0.0300347 -0.0315708    -9.8089 
                38.4 -0.211746 -0.132933  -52.6669  -1.69938 -0.249958 0.0140913  0.0439047 -0.0999117   0.106797 0.000930155 -0.00260999 0.000119251  0.0023986 -0.0034082 0.00434328 4.36513e-06 0.000202097 6.59922e-05  -0.0206071  -0.0102832 -0.00566858  -0.030205 -0.0312381    -9.8089 
                38.5 -0.187482 -0.139769  -52.6802  -1.70174  -0.24997 0.0145358 0.0434058 -0.100057  0.106881 0.000930435 -0.00261141 0.000118185 -0.00449451 0.000487653  0.00557223 -1.07094e-05  0.000226944  7.34606e-05   -0.020589  -0.0101457 -0.00566812 -0.0302691 -0.0310691    -9.8089 
                38.6 -0.326322 -0.196378  -52.6368  -1.69823 -0.247795 0.0169398  0.0439135 -0.0993794   0.106846 0.000930067 -0.00261088 0.000123233 0.00668519 0.00576237 0.00713274 7.70986e-05 0.000255608 4.38426e-05  -0.0205025   -0.010322 -0.00577229 -0.0300415 -0.0312192    -9.8089 
                38.7 -0.0731058  -0.184008   -52.7216  -1.70004 -0.244181 0.0140612 0.0431801 -0.098985  0.107034 0.000928145 -0.00261456  0.00012395 0.000932926   0.0057731  0.00259188 -8.2996e-05 0.000251021 9.73137e-05  -0.0202823  -0.0102107 -0.00556019 -0.0298782 -0.0309634   -9.80891 
                38.8 0.00490781  -0.474617   -52.7843    -1.699 -0.247364 0.0125505  0.0437866 -0.0996756   0.106876 0.000928504  -0.0026112 0.000117192 -0.00821812  0.00537149 -0.00135889 -0.000131042  0.000441331  0.000136519   -0.020487  -0.0103085 -0.00546455 -0.0300758 -0.0311993    -9.8089 
                38.9  -0.061758 -0.0675119   -52.7746  -1.69974 -0.249981 0.0139378  0.043948 -0.100122   0.10682 0.000928669 -0.00261064 0.000121225 -0.00627937 -0.00462235  0.00296933 -8.64546e-05  0.000189837  0.000129323 -0.0206318 -0.0102923 -0.0055575 -0.0302455 -0.0312655    -9.8089 
                  39 -0.0295513 -0.0187997   -52.6698   -1.70059  -0.250023 0.00916389 0.0437142 -0.100093  0.106861 0.000930585 -0.00261103 0.000120019 -0.00221017  -0.0154213 -0.00390863 -0.000110861  0.000149163  6.20096e-05 -0.0205383 -0.0102854 -0.0052685 -0.0301787 -0.0312028    -9.8089 
                39.1 -0.107392 -0.311397  -52.6984  -1.70305 -0.250334 0.0144558  0.043483 -0.100005  0.106902 0.000932837 -0.00261306 0.000121642 -0.00895116 -0.00948128   0.0043484 -6.16007e-05  0.000333722  7.98943e-05  -0.0205645  -0.0101856 -0.00558664  -0.030228 -0.0311016    -9.8089 
                39.2   -0.1284 -0.214021  -52.7221  -1.70519 -0.249975 0.0187539  0.0432394 -0.0997514   0.106985 0.000932409 -0.00261503 0.000121473  -0.0140685 -0.00407231  0.00915142 -4.8272e-05 0.000275824 9.44113e-05  -0.0205307  -0.0101128 -0.00580697 -0.0302012 -0.0309963    -9.8089 
                39.3  -0.273616 -0.0845299   -52.7073  -1.70428 -0.247897 0.0182251  0.0433497 -0.0992048   0.106982 0.000931165 -0.00261364 0.000124294 -0.00642885 0.000333547  0.00830324 4.47234e-05 0.000202306 8.37615e-05   -0.020387  -0.0102077 -0.00571233 -0.0299861 -0.0310199   -9.80891 
                39.4  -0.17912 -0.297251  -52.7028  -1.70241 -0.249827 0.0160528  0.0439386 -0.0994784   0.106816 0.000930355 -0.00261147 0.000122139 -0.00476194 -0.00230344  0.00357169 -1.95648e-05  0.000325036  8.06333e-05 -0.0204692 -0.0103568 -0.0055447 -0.0300164 -0.0312408    -9.8089 
                39.5 -0.409807 -0.194261  -52.8279  -1.70159 -0.249352 0.0257572  0.0442701 -0.0990682    0.10679 0.000928716 -0.00261731 0.000123536  0.0025184 0.00397252  0.0173652 0.000124439 0.000260513 0.000158194  -0.0205443  -0.0103855 -0.00608212  -0.030003 -0.0313088    -9.8089 
                39.6  -0.128864 0.00262982   -52.6475  -1.69972 -0.247405 0.0213065  0.0442562 -0.0987509   0.106809 0.000931481 -0.00261777 0.000121097 0.00626211  0.0013737 0.00931078 -4.93332e-05  0.000128572  4.61959e-05  -0.0203809  -0.0104799 -0.00572893 -0.0298063 -0.0313192    -9.8089 
                39.7 -0.115165 -0.418214  -52.6764  -1.69639 -0.247758 0.0186232  0.0448534 -0.0988367   0.106684 0.000927745 -0.00261743  0.00011383 0.00482005 0.00527962 0.00430565 -6.31783e-05  0.000405634  6.43673e-05  -0.0204125  -0.0106625 -0.00551751 -0.0297625 -0.0315439    -9.8089 
                39.8 -0.224115 -0.230328  -52.7058  -1.70257 -0.247899   0.02083  0.0437645 -0.0993793   0.106887 0.000929571  -0.0026217  0.00011355 -0.00793393   0.0070581  0.00835532 8.78794e-06 0.000296724 8.11005e-05  -0.0204534  -0.0103167 -0.00562439 -0.0300107  -0.031182    -9.8089 
                39.9 -0.322322 -0.124492  -52.7083  -1.70691 -0.249691 0.0180113 0.0432384 -0.100178  0.106897 0.000933012 -0.00262234 0.000111285 -0.0112013 0.00144735 0.00159882 7.00043e-05 0.000226131 8.20041e-05  -0.0205468  -0.0101381 -0.00542435 -0.0302586 -0.0310416    -9.8089 
                  40 -0.288047 -0.346022  -52.7083  -1.70499 -0.248942 0.0147267 0.0437033 -0.100005  0.106856 0.000929851 -0.00262019  0.00011012 -0.00964793  0.00992799 -0.00250516  4.8336e-05  0.00036121 8.25564e-05   -0.020513  -0.0103058 -0.00522195 -0.0301412 -0.0312084    -9.8089 
                40.1 -0.228891 -0.159142  -52.7114  -1.70375 -0.249491 0.0106274 0.0441143 -0.100168  0.106759 0.000930325 -0.00261895 0.000111852 -0.00721995  0.00667272 -0.00763137 5.56023e-06 0.000234926 8.30472e-05  -0.0205547  -0.0104263 -0.00500932 -0.0301404 -0.0313678    -9.8089 
                40.2 0.279922 0.363859 -52.7515   -1.70466  -0.253511 -0.0096235 0.0439158 -0.100986  0.106577 0.000961384 -0.00264717 0.000127868 -0.00980408  -0.0238475  -0.0374339 -0.000306383 -8.05503e-05  0.000107692  -0.0205433  -0.0104602 -0.00390954 -0.0302314 -0.0313982    -9.8089 
                40.3 -0.108967 0.0908839   -52.743    -1.70697   -0.253338 -0.00775037 0.0435893 -0.100641  0.106659 0.000958798 -0.00264819 0.000128935 -0.00868977  -0.0197833  -0.0299414 -6.56992e-05  8.86585e-05  0.000101684  -0.0204702  -0.0103654 -0.00422706 -0.0301745 -0.0312521    -9.8089 
                40.4 -0.114945 0.0450744  -52.6936    -1.70673   -0.251904 -0.00171267  0.0437393 -0.0999023   0.106795 0.000959419 -0.00264922 0.000132394 -0.0053615 -0.0123973 -0.0158139 -6.13658e-05  0.000119922  7.10453e-05  -0.0203738  -0.0104002 -0.00474939 -0.0299923 -0.0312392    -9.8089 
                40.5   -0.10942 -0.0806179   -52.7031   -1.70282  -0.251447 0.00511608  0.0445954 -0.0992549    0.10684 0.000963074 -0.00264804 0.000132881  0.00135755 -0.00662327 -0.00105354 -6.67167e-05  0.000170419  7.67088e-05   -0.020371  -0.0106125 -0.00523514 -0.0298104 -0.0314757    -9.8089 
                40.6  -0.396482 -0.0633658   -52.6846  -1.70464 -0.249534 0.0181223  0.0443053 -0.0989821   0.106897 0.000968063 -0.00266023 0.000135782 0.00209684 0.00739161  0.0206654 0.000109621 0.000157819 6.45985e-05  -0.0203601  -0.0104579 -0.00597086 -0.0298301 -0.0313157    -9.8089 
                40.7  -0.19171 -0.135259  -52.6845   -1.7034 -0.246775 0.0174801  0.0443129 -0.0985501   0.107024 0.000965476 -0.00265942 0.000136971 0.00259729 0.00921204  0.0154228 -1.67165e-05  0.000184436  6.45898e-05  -0.0202367  -0.0105279 -0.00582234 -0.0296601 -0.0313138   -9.80891 
                40.8 -0.283472 -0.117745    -52.72   -1.7032 -0.245843 0.0168052  0.0442602 -0.0986063   0.107027 0.000964821 -0.00265876 0.000136975  0.0048147 0.00889548  0.0134683 4.04596e-05 0.000217298 8.63225e-05  -0.0202297  -0.0105274 -0.00569244 -0.0296635 -0.0313061   -9.80891 
                40.9 -0.153278 -0.213496  -52.7059  -1.70266 -0.247646 0.0147137  0.0444651 -0.0990569   0.106907 0.000964383 -0.00265874 0.000135921 0.00389047 0.00133509 0.00847135 -3.96187e-05  0.000277429  7.71398e-05  -0.0203438  -0.0105582 -0.00551195 -0.0297866 -0.0314039    -9.8089 
                  41  0.0591715 -0.0312318   -52.7127   -1.70181  -0.247696 0.00423367  0.0443494 -0.0990105   0.106932   0.0009645  -0.0026655 0.000135689  0.00190029 -0.00709217 -0.00890051 -0.000169098  0.000152213  8.08745e-05  -0.0202483  -0.0106256 -0.00489815 -0.0296897  -0.031403    -9.8089 
                41.1 -0.154837  -0.10572  -52.6434   -1.70366  -0.248855 0.00503585  0.0441232 -0.0992789   0.106903 0.000964985 -0.00266611 0.000135442 -0.00479552 -0.00179003 -0.00589186 -3.69338e-05  0.000199014  3.75817e-05  -0.0202993  -0.0105261 -0.00498629  -0.029802 -0.0313301    -9.8089 
                41.2 -0.119977  -0.19604  -52.6117   -1.70031  -0.241921 0.00729116  0.0443164 -0.0978835   0.107129 0.000963936 -0.00266429 0.000136828 0.000839855   0.0117695 -0.00117846 -5.61713e-05  0.000236299  1.95416e-05  -0.0199923  -0.0107062 -0.00512391 -0.0293364 -0.0313367   -9.80891 
                41.3   -0.1887 -0.304024  -52.6648   -1.70108  -0.244227 0.00893711  0.0444766 -0.0985127   0.106985 0.000967017   -0.002664 0.000133514 -0.00255055  0.00928964 0.000533508 -1.41768e-05  0.000314192  5.25264e-05  -0.0201809  -0.0106644 -0.00522771 -0.0295616 -0.0314087   -9.80891 
                41.4 -0.265291 -0.271703  -52.6514  -1.70298 -0.243594 0.0216133  0.0444516 -0.0985325   0.106967 0.000970438  -0.0026697 0.000132228 -0.00605488   0.0161542   0.0194513 2.87277e-05 0.000290655 4.39495e-05   -0.020273  -0.0105517 -0.00593186 -0.0296721 -0.0313574    -9.8089 
                41.5  -0.580152 -0.0880132   -52.6839   -1.7073 -0.246216 0.0244394  0.0440377 -0.0994967    0.10686 0.000975099 -0.00267151 0.000121073 -0.00457671   0.0113836   0.0212339 0.000223746 0.000172034 6.28023e-05  -0.0204714  -0.0103336 -0.00597703 -0.0300238 -0.0312506    -9.8089 
                41.6 -0.556989  -0.58862  -52.6838  -1.70697 -0.244983 0.0350789  0.0444359 -0.0994955   0.106702 0.000982596 -0.00267562 0.000119701 -0.00547409   0.0264582    0.033136  0.00020701 0.000488142 6.53845e-05  -0.0205779  -0.0103694 -0.00643599 -0.0300757  -0.031357    -9.8089 
                41.7 -0.0847249  -0.258734   -52.7853  -1.70909 -0.248047 0.0144316 0.0441366 -0.100579  0.106566  0.00099185 -0.00269247 0.000134067  -0.0122996  0.00399946 -0.00198971 -8.25261e-05  0.000271307  0.000126963  -0.0206401  -0.0103532 -0.00512879 -0.0302699 -0.0313705    -9.8089 
                41.8 -0.198798 -0.200397  -52.7383  -1.70761 -0.248819  0.011458 0.0445855 -0.100661  0.106471 0.000992696  -0.0026918 0.000135882 -0.00714367  0.00286844 -0.00781865 -1.10404e-05  0.000235049  9.73505e-05  -0.0206988  -0.0104824 -0.00497777 -0.0302633 -0.0315371    -9.8089 
                41.9 -0.0229212  -0.152053   -52.6712  -1.70344   -0.2476 0.0067771 0.0451947  -0.10017  0.106465 0.000993815 -0.00269299 0.000129619 -0.000773335  0.000234027   -0.0148789 -0.000120187  0.000186984  5.53759e-05  -0.0206256  -0.0107356 -0.00476028 -0.0300442 -0.0317475    -9.8089 
                  42 -0.209713 -0.137393  -52.6542   -1.70209   -0.24936 0.00861443 0.0455852 -0.100362  0.106376 0.000993384 -0.00269239 0.000132115 0.000783539   0.0017814 -0.00945628 -4.44253e-06  0.000198359  4.47377e-05  -0.0207545  -0.0107856 -0.00494518 -0.0301284 -0.0318755    -9.8089 
                42.1 -0.188121 -0.239463  -52.6668  -1.70216 -0.248364 0.0136844 0.0456305 -0.100177  0.106389 0.000993994 -0.00269223 0.000133402 -0.00163129  0.00784593  0.00139049 -1.60243e-05  0.000269318  5.20431e-05  -0.0207636  -0.0107695 -0.00528316 -0.0301141 -0.0318628    -9.8089 
                42.2 -0.264399  -0.33318  -52.8588  -1.70045 -0.251545 0.0215949 0.0463406 -0.100611   0.10621 0.000997902 -0.00268735 0.000130472 0.000857635  0.00801977   0.0144837 3.06419e-05 0.000340402 0.000170146  -0.0210459  -0.0108337 -0.00572412 -0.0303199 -0.0320932    -9.8089 
                42.3 -0.264405 -0.563307  -52.8079   -1.6974 -0.253832 0.0207653 0.0470515 -0.100968  0.106048 0.000996183  -0.0026833   0.0001219 0.00127725 0.00943293  0.0106223 2.97653e-05  0.00049443 0.000139037  -0.0212206  -0.0109915 -0.00560164 -0.0304102 -0.0323573    -9.8089 
                42.4 -0.392908 -0.461865   -52.641  -1.70081 -0.251347 0.0224517 0.0463723 -0.101017  0.106152 0.000994874 -0.00268292 0.000120123 -0.00544007    0.019784   0.0115822 0.000109147 0.000433977 3.55261e-05  -0.0211415  -0.0108055 -0.00563249  -0.030447 -0.0321241    -9.8089 
                42.5 -0.257108 -0.322212   -52.677  -1.69977  -0.24859 0.0218703 0.0465215 -0.100768  0.106183  0.00099483 -0.00268216 0.000119994 -0.00425774   0.0229997  0.00797809 2.52947e-05 0.000381242 5.71008e-05  -0.0210847  -0.0108905 -0.00554274 -0.0303426 -0.0321747    -9.8089 
                42.6 -0.379201 -0.132586  -52.6759  -1.70253 -0.246039 0.0152311  0.045938 -0.100921  0.106218  0.00100029  -0.0026811 0.000115537 -0.00521953   0.0230441 -0.00299879 0.000101807 0.000269293 5.55843e-05  -0.0209939  -0.0107739 -0.00512706 -0.0303597 -0.0320072    -9.8089 
                42.7  -0.635076 -0.0861835   -52.7482  -1.70434 -0.242573 0.0235858  0.045715 -0.100873  0.106224 0.000995056 -0.00268975 0.000111936 0.000251764   0.0333859   0.0103723 0.000258235 0.000235303 9.92978e-05  -0.0210091   -0.010656 -0.00560572 -0.0304087 -0.0318954    -9.8089 
                42.8  -0.23592 -0.310195  -52.7089  -1.70407 -0.243882 0.0180629 0.0460334 -0.101529  0.106057 0.000994821  -0.0026932 0.000112762 -0.00466827   0.0258035 7.84372e-05 1.28127e-05 0.000377327 7.62603e-05  -0.0211856  -0.0107007 -0.00525557 -0.0305888 -0.0320499    -9.8089 
                42.9 -0.355355 -0.439069   -52.806  -1.70099 -0.246709 0.0215309  0.046988 -0.102162  0.105818 0.000998056  -0.0026865 0.000104374 0.000818765   0.0234426  0.00546827 8.56446e-05 0.000455544 0.000135973   -0.021508  -0.0108461 -0.00546216  -0.030807 -0.0323849    -9.8089 
                  43 -0.177342 -0.236599  -52.6769  -1.70162 -0.246554 0.0208146  0.046966 -0.102455  0.105753 0.000997717  -0.0026872 0.000106675 -0.00242549   0.0184147  0.00294057 -2.42175e-05  0.000333669  5.57412e-05  -0.0215774    -0.01081 -0.00540713 -0.0309047 -0.0323916    -9.8089 
                43.1 -0.0576365  0.0485694   -52.7239  -1.70462 -0.249499 0.0125362 0.0466767 -0.103277  0.105595   0.0010063 -0.00269357 0.000115415 -0.00795566  0.00184683 -0.00942869 -9.62834e-05  0.000163578  8.41359e-05  -0.0216977  -0.0106801 -0.00495108 -0.0311477 -0.0323438    -9.8089 
                43.2 -0.272208 -0.140498  -52.7982  -1.70721 -0.246995 0.0101758 0.0462117 -0.103101  0.105665  0.00100533 -0.00269567 0.000116067 -0.00771086  0.00594257   -0.015827 3.60054e-05 0.000280798 0.000129734  -0.0215743  -0.0105889 -0.00487276 -0.0310893 -0.0321823    -9.8089 
                43.3  -0.24299 0.0752065  -52.7286   -1.70845  -0.246731 0.00623529 0.0460678 -0.103145  0.105675  0.00100604 -0.00269591 0.000115266 -0.0074366 0.00359898 -0.0194353 1.82314e-05 0.000149262 8.82975e-05  -0.0215513  -0.0105622 -0.00474856 -0.0310941  -0.032143    -9.8089 
                43.4 -0.225415  -0.41318  -52.8487  -1.70274 -0.246961 0.0108279 0.0472234 -0.102845  0.105589  0.00100854  -0.0026895 0.000103921 -0.00247647   0.0140638 -0.00753912 9.06718e-06 0.000417086 0.000160193  -0.0217033  -0.0108792 -0.00509813 -0.0310112 -0.0325264    -9.8089 
                43.5 -0.0489969  -0.316573   -52.9165   -1.70068  -0.251391 0.00282116 0.0477976 -0.103502  0.105385  0.00100674 -0.00268708 9.88443e-05 -0.000917878  -0.00216719   -0.0192498 -9.82569e-05  0.000341985   0.00020092  -0.0219235  -0.0109899 -0.00471579 -0.0311872 -0.0327661    -9.8089 
                43.6 0.0483621 -0.394814  -52.7138   -1.70072  -0.250139 0.00308831 0.0477985 -0.103239  0.105437  0.00100818 -0.00268492  9.8815e-05 -0.00795091  0.00296669  -0.0156823 -0.000157632  0.000386913  7.67039e-05  -0.0218692  -0.0110096 -0.00483673 -0.0311107 -0.0327514    -9.8089 
                43.7 -0.00372608   -0.260609    -52.7194   -1.70182  -0.250778 0.00846228 0.0479256 -0.103283   0.10543  0.00100844 -0.00268442  9.9315e-05  -0.0109943  0.00336261 -0.00440394 -0.000125805  0.000305054  7.99919e-05  -0.0219526  -0.0109751 -0.00522873 -0.0311793 -0.0327687    -9.8089 
                43.8  -0.244782 -0.0961253   -52.6862  -1.70273 -0.248503 0.0135633 0.0478655 -0.102967  0.105504  0.00100564 -0.00268781 9.93043e-05 -0.00818121  0.00995113  0.00377627 2.12526e-05 0.000207461 5.92606e-05  -0.0218991  -0.0109583 -0.00553199 -0.0311118 -0.0327192    -9.8089 
                43.9 -0.436954 -0.183615  -52.7239  -1.71031 -0.247905 0.0232701 0.0470477 -0.103444  0.105495  0.00100623 -0.00269993 8.52883e-05 -0.0174846  0.0170524  0.0182412  0.00013968 0.000262812 8.22456e-05  -0.0219652  -0.0105841 -0.00603226 -0.0313713 -0.0324086    -9.8089 
                  44  -0.45293 -0.126438   -52.747  -1.71093 -0.246786 0.0320878  0.047323 -0.103413  0.105433   0.0010049 -0.00270421  8.5902e-05 -0.0105608   0.019078  0.0289453 0.000148437 0.000229748 9.57398e-05  -0.0220499  -0.0106047 -0.00642021 -0.0314095 -0.0324771    -9.8089 
                44.1 -0.384404 -0.238465  -52.7274  -1.70751 -0.247545 0.0238002 0.0479214 -0.103622  0.105328  0.00100241 -0.00269915 8.47817e-05  0.0017924 0.00918553 0.00967979 0.000106953 0.000302844 8.43632e-05  -0.0221163   -0.010834 -0.00581275 -0.0313783 -0.0327328    -9.8089 
                44.2 -0.421441 -0.186492  -52.6783  -1.70252 -0.247543 0.0193184 0.0486054 -0.103582  0.105207  0.00100251 -0.00269627 8.54235e-05  0.0142381 0.00797452 0.00235533 0.000128237  0.00030052 5.44056e-05  -0.0221651  -0.0110767 -0.00551119 -0.0312983 -0.0329886   -9.80889 
                44.3 -0.169676 -0.304851  -52.7196  -1.70201 -0.248646 0.0211757 0.0486908 -0.103851  0.105153  0.00100432 -0.00269511 8.74243e-05 0.00988613 0.00339596 0.00484327 -2.63232e-05  0.000355412   8.0026e-05  -0.0222654  -0.0110456 -0.00560199  -0.031406 -0.0330201   -9.80889 
                44.4 -0.0057242   0.167508   -52.6556  -1.70024 -0.250282 0.0062834 0.0485812 -0.104181  0.105025  0.00101809 -0.00270802 9.11218e-05  0.0141884 -0.0158741 -0.0189342 -0.000126862  5.84216e-05  4.01472e-05   -0.022191  -0.0111108 -0.00477301 -0.0313773 -0.0330428   -9.80889 
                44.5 -0.282154  -0.16357  -52.6572   -1.69857  -0.251763 0.00680103 0.0486907 -0.104231  0.104981  0.00101743  -0.0027069 9.14113e-05  0.0167115 -0.0120884 -0.0161819 4.24405e-05 0.000257842  4.1506e-05  -0.0222438   -0.011114 -0.00489157 -0.0314135 -0.0330757   -9.80889 
                44.6  -0.267894 -0.0666118   -52.7514  -1.70192 -0.249983  0.014887 0.0479044 -0.103871  0.105196    0.001018 -0.00271385 9.13879e-05   0.0120031 -0.00738837 -0.00207823 3.13099e-05 0.000184431 9.84395e-05 -0.0221486 -0.0108511 -0.0054168 -0.0314258 -0.0327673   -9.80889 
                44.7  -0.31014 -0.212437  -52.6783  -1.70095 -0.250821  0.017171 0.0479403 -0.103883  0.105191  0.00101918 -0.00271421 9.12928e-05   0.0139937 -0.00606633  0.00228058 5.67633e-05 0.000274729 5.39314e-05  -0.0221885  -0.0108329 -0.00554956 -0.0314585 -0.0327725   -9.80889 
                44.8 -0.286787 -0.309166  -52.7207  -1.70171 -0.250011 0.0205056 0.0476194 -0.103745  0.105293  0.00102121 -0.00271604 9.40976e-05   0.0105502 -0.00151645  0.00640396  4.2286e-05 0.000329114 7.99594e-05  -0.0221446  -0.0107307 -0.00571509 -0.0314602 -0.0326498    -9.8089 
                44.9  -0.219593 -0.0835115   -52.7388  -1.70702 -0.251377 0.0215758 0.0467825 -0.104244  0.105646  0.00102392 -0.00271945 9.41558e-05  0.00069744 -0.00685687  0.00567335 -1.50303e-07  0.000185487  8.97732e-05  -0.0221545   -0.010416 -0.00574441 -0.0316655  -0.032375    -9.8089 
                  45 -0.0637622  -0.281671   -52.7389    -1.703  -0.25008 0.0178706 0.0472042 -0.103871  0.105414  0.00101949 -0.00271994 8.87967e-05  0.00408376 -0.00437957 -0.00165369 -9.52721e-05  0.000262148  9.01071e-05  -0.0220494  -0.0106481 -0.00550315 -0.0314566 -0.0325235    -9.8089 
                45.1 -0.223279 -0.195146  -52.6758   -1.7027 -0.251221 0.0141544 0.0471491 -0.104119  0.105417  0.00101945 -0.00271976  8.8996e-05  0.00500319 -0.00568075 -0.00828691 -2.28917e-07  0.000217351  5.11481e-05  -0.0220451  -0.0106387 -0.00530769 -0.0314885   -0.03252    -9.8089 
                45.2 0.0190451 -0.279159  -52.7489  -1.70216  -0.25126 0.0103038 0.0471509 -0.104116  0.105371  0.00101813 -0.00272122 8.86824e-05   -0.0048753 -0.000741302   -0.0130092 -0.000147452  0.000298994  9.55669e-05  -0.0219891  -0.0106799 -0.00513967 -0.0314372 -0.0325287    -9.8089 
                45.3 -0.167025   0.02363   -52.703   -1.70681  -0.252383 0.00893095 0.0465649 -0.104479  0.105594  0.00101882 -0.00272298 8.33616e-05  -0.0102447 -0.00710084  -0.0127152 -3.37116e-05  0.000130825  6.69982e-05  -0.0219815  -0.0104567 -0.00513692 -0.0315737 -0.0323321    -9.8089 
                45.4  -0.361955 -0.0207273   -52.6761  -1.70463 -0.251554 0.0142306 0.0469588 -0.103946  0.105528  0.00101615 -0.00272683 8.85946e-05  0.00130322 -0.00182036 -0.00430382 8.65853e-05 0.000176341 4.95017e-05   -0.022009  -0.0105786 -0.00549392 -0.0314726 -0.0324407    -9.8089 
                45.5 -0.268204 -0.126824  -52.7004  -1.70389 -0.249478 0.0141892 0.046916  -0.1036 0.105558  0.00101534 -0.00272689 8.99504e-05 -0.00172115  0.00896202 -0.00362287 2.75867e-05  0.00024193 6.38031e-05  -0.0219093  -0.0106235 -0.00550956 -0.0313534 -0.0324182    -9.8089 
                45.6 -0.489558 -0.515494  -52.6478   -1.7031 -0.248336 0.0279594 0.0473014 -0.103277  0.105504  0.00103017 -0.00273709 8.85944e-05 0.00303159  0.0204906  0.0172777  0.00016578 0.000488708 3.19655e-05  -0.0220655  -0.0106225 -0.00627453 -0.0314047 -0.0324962    -9.8089 
                45.7 -0.226862 -0.338703   -52.774  -1.70333 -0.248643  0.023725 0.0472889 -0.103698  0.105446  0.00102967 -0.00273652 9.05577e-05 0.00135677  0.0124479 0.00797653 6.50507e-06 0.000394322 0.000107778  -0.0221111  -0.0106089 -0.00595599 -0.0314876 -0.0325186    -9.8089 
                45.8  -0.46049 -0.101552   -52.684   -1.7008 -0.245206 0.0180012 0.0472917 -0.103424  0.105475  0.00103179 -0.00273256 9.26946e-05   0.0133084   0.0143451 -0.00315052 0.000148203 0.000251271 5.18796e-05 -0.0219711 -0.0107275 -0.0055944  -0.031324 -0.0325374    -9.8089 
                45.9 -0.325576 -0.192902  -52.6967  -1.70097  -0.24449 0.0175577 0.0471555 -0.103608  0.105475  0.00103239 -0.00273311 9.37001e-05   0.0103606   0.0140674 -0.00410793 6.60006e-05 0.000290494 5.98568e-05  -0.0219959  -0.0106576 -0.00558723 -0.0313909 -0.0324939    -9.8089 
                  46 -0.116601 -0.187755  -52.7008   -1.70225  -0.246227 0.00816361 0.0469246 -0.104284  0.105454  0.00103449 -0.00273972 9.99622e-05 0.00528983  0.0011288 -0.0182383 -6.05862e-05  0.000302251  6.13952e-05  -0.0220471  -0.0105666 -0.00509613 -0.0315434 -0.0324578    -9.8089 
                46.1 -0.0405953    0.15277   -52.7196   -1.70252  -0.248552 0.00263536 0.0468481  -0.10464  0.105419  0.00103829 -0.00274213  0.00010454 0.00441749 -0.0104435 -0.0255088 -0.000106235  9.69254e-05  7.22577e-05  -0.0220938  -0.0105207 -0.00490213 -0.0316338  -0.032451    -9.8089 
                46.2 -0.0706012  0.0151383   -52.7312   -1.70085  -0.247942 0.00345906 0.0469656 -0.104287   0.10542  0.00103623 -0.00274063 0.000103659  0.00557966 -0.00821906  -0.0200127 -8.78874e-05  0.000169638  7.92425e-05  -0.0220547  -0.0105832 -0.00507426 -0.0315414 -0.0324751    -9.8089 
                46.3 -0.00826463   -0.286293    -52.7762   -1.69568  -0.250097 0.00603488 0.0478015 -0.104102  0.105261  0.00103775 -0.00273476 9.44891e-05  0.00687572 -0.00639009  -0.0124678 -0.00012633 0.000350372  0.00010577  -0.0222146  -0.0108103 -0.00532587 -0.0315106 -0.0327524   -9.80889 
                46.4 -0.209307 -0.131265  -52.6898   -1.6998 -0.250025 0.0131204 0.0472087 -0.104158  0.105461  0.00103834 -0.00273871 9.31169e-05  0.000945017   -0.0026728 -0.000379231 -3.04325e-06  0.000248613   5.2311e-05 -0.0221999  -0.010538 -0.0057774 -0.0316251 -0.0325153    -9.8089 
                46.5  -0.18806 -0.129414  -52.7009  -1.70206  -0.24999 0.0135658   0.04688 -0.104238  0.105533  0.00103844 -0.00273964 9.23202e-05  -0.00276916  -0.00333194 -0.000348625 -1.35086e-05  0.000249121  5.86629e-05  -0.0221626   -0.010423 -0.00580172 -0.0316633 -0.0323991    -9.8089 
                46.6 -0.327191 -0.163033   -52.678  -1.69867  -0.24805 0.0156842 0.0472391 -0.103738  0.105509  0.00103819  -0.0027397 9.73732e-05 0.00842451 0.00106731 0.00179709 7.01056e-05 0.000269838 4.48223e-05   -0.022112  -0.0105967 -0.00590917    -0.0315 -0.0325084    -9.8089 
                46.7 -0.0726105  -0.167539   -52.7433  -1.70004 -0.244706 0.0127584 0.0467063 -0.103413  0.105671  0.00103644 -0.00274231 9.81635e-05 0.000731058  0.00450168  -0.0011904 -8.31482e-05   0.00026731  8.40588e-05   -0.021889  -0.0105329 -0.00573652  -0.031364 -0.0323246    -9.8089 
                46.8 0.00891905  -0.461993   -52.8025  -1.69848  -0.24812 0.0112284 0.0471826 -0.103856   0.10556  0.00103633  -0.0027395 9.09395e-05 -0.00157103 -0.00355298 -0.00397573 -0.00013209 0.000459286 0.000118794  -0.0220879  -0.0106061 -0.00566993 -0.0314955 -0.0325053    -9.8089 
                46.9 -0.0578968 -0.0575088   -52.7911  -1.69901 -0.250988  0.012734 0.0472761 -0.104127  0.105554  0.00103575 -0.00273929 9.41761e-05 -0.00184043  -0.0109875 -0.00119225 -9.15875e-05  0.000230462  0.000111448  -0.0222053  -0.0105629 -0.00578563 -0.0316122 -0.0325388    -9.8089 
                  47   -0.02211 -0.0147208   -52.6859   -1.69981  -0.250855 0.00829859 0.0470262  -0.10405  0.105601  0.00103719 -0.00273936 9.21444e-05 -0.00405273   -0.013163 -0.00859912 -0.000112611  0.000186631  4.77891e-05  -0.0220891  -0.0105542 -0.00555113 -0.0315414  -0.032465    -9.8089 
                47.1 -0.102443 -0.307738  -52.7141  -1.70247 -0.250776  0.013688 0.0468092 -0.103894  0.105665  0.00103966 -0.00274133 9.44503e-05  -0.0120398 -0.00629027  0.00142626 -6.39898e-05  0.000343742  6.47162e-05  -0.0220765  -0.0104505 -0.00587404 -0.0315636 -0.0323671    -9.8089 
                47.2 -0.128217 -0.198478  -52.7387  -1.70529 -0.249641  0.017733 0.0465708 -0.103662   0.10575  0.00103916 -0.00274341 9.41394e-05  -0.0155616 -0.00194246   0.0060169 -4.78337e-05  0.000282172  7.91042e-05  -0.0220145  -0.0103771 -0.00608557 -0.0315358 -0.0322665    -9.8089 
                47.3  -0.272161 -0.0779424   -52.7242  -1.70449 -0.246848 0.0171388 0.0466355 -0.103189  0.105748  0.00103799 -0.00274243 9.71982e-05 -0.0088036 0.00327991 0.00586385 3.91496e-05  0.00018318 6.81852e-05   -0.021878  -0.0104936 -0.00601422 -0.0313533 -0.0322797    -9.8089 
                47.4 -0.173182 -0.284881    -52.72  -1.70266 -0.248814 0.0148554 0.0471159 -0.103411  0.105618   0.0010373 -0.00274068  9.4892e-05 -0.00606243 0.000844426  0.00118211 -2.31409e-05  0.000299793  6.56169e-05 -0.0220006 -0.0106252 -0.0058673 -0.031388 -0.032461   -9.8089 
                47.5 -0.417579 -0.182482   -52.844  -1.70176   -0.2483 0.0249578 0.0474051 -0.103098  0.105604  0.00103547  -0.0027472 9.65596e-05 0.00119903 0.00561624  0.0167453 0.000119541 0.000237349 0.000139287   -0.022077  -0.0106625 -0.00640392 -0.0313816 -0.0325251    -9.8089 
                47.6 -0.128539 0.0137888  -52.6662  -1.69996 -0.246599 0.0207825 0.0474351 -0.102907  0.105621  0.00103867 -0.00274786 9.48104e-05 0.00361722 0.00166398 0.00890062 -4.90001e-05   0.00012338  3.09177e-05  -0.0219712  -0.0107682 -0.00609048  -0.031253 -0.0325499    -9.8089 
                47.7 -0.116643  -0.40865  -52.6942  -1.69643 -0.247488 0.0182681  0.047919 -0.102996  0.105534  0.00103529 -0.00274791 8.67284e-05 0.00447293 0.00293463 0.00406508 -5.4486e-05 0.000362155 4.76583e-05  -0.0220485  -0.0109352 -0.00590465 -0.0312314 -0.0327317    -9.8089 
                47.8 -0.231575  -0.21983  -52.7267  -1.70274 -0.247871 0.0206012 0.0470713 -0.103389  0.105686  0.00103658 -0.00275143 8.63592e-05 -0.0065253 0.00266634 0.00660378  1.5861e-05 0.000246963 6.62771e-05  -0.0220298  -0.0105981 -0.00601433 -0.0314162 -0.0324498    -9.8089 
                47.9 -0.328175 -0.114235  -52.7318  -1.70683 -0.249875 0.0179197 0.0466662 -0.103943  0.105713   0.0010392 -0.00275165 8.38655e-05 -0.0124884 0.00140078  0.0020138 7.28672e-05 0.000187479 6.73867e-05  -0.0220816  -0.0104176 -0.00583953 -0.031588  -0.03234   -9.8089 
                  48 -0.295021 -0.347482  -52.7271  -1.70481 -0.249435 0.0148198 0.0470232 -0.103826   0.10566  0.00103617 -0.00274996 8.24641e-05 -0.00657798  0.00312592 -0.00341326 5.61442e-05 0.000311842 6.37521e-05  -0.0220783  -0.0105762 -0.00565889 -0.031502 -0.032467   -9.8089 
                48.1 -0.234427   -0.1568  -52.7338  -1.70314 -0.250519 0.0108313 0.0473101 -0.103924  0.105585  0.00103644 -0.00274915 8.38519e-05 -0.00262575 9.40267e-05 -0.00760146 1.68722e-05  0.00019784 6.60734e-05 -0.0221225 -0.0106793 -0.0054656 -0.0314911 -0.0325779    -9.8089 
                48.2 0.270717 0.361727 -52.7742    -1.70394    -0.25476 -0.00906156 0.0470988   -0.1046  0.105468  0.00106626 -0.00277702 9.83246e-05 -0.00423333  -0.0315558  -0.0367677 -0.000281508  -0.00011913  8.94018e-05  -0.0220953  -0.0106813 -0.00445103  -0.031552 -0.0325784    -9.8089 
                48.3 -0.113521  0.085819  -52.7592    -1.70601   -0.254648 -0.00728392 0.0468116 -0.104256  0.105538  0.00106376 -0.00277773 9.92117e-05 -0.00488298  -0.0232903  -0.0306072 -5.12534e-05  4.05545e-05  7.93505e-05  -0.0219906  -0.0106042 -0.00474201 -0.0314902 -0.0324526    -9.8089 
                48.4 -0.114856 0.0364784   -52.717    -1.70582   -0.253058 -0.00137215 0.0468315 -0.103582   0.10562  0.00106475 -0.00277888 0.000102848 -0.00307998  -0.0155595  -0.0164265 -5.07766e-05   7.0554e-05  5.36494e-05 -0.0218752 -0.0106421 -0.0052307 -0.0313342   -0.03241    -9.8089 
                48.5  -0.112016 -0.0837782   -52.7303   -1.70185  -0.252483 0.00528157 0.0473841  -0.10297  0.105612  0.00106833 -0.00277851 0.000104287  0.00373162 -0.00986864  -0.0040136 -5.59104e-05  0.000138594  6.10255e-05  -0.0218727   -0.010841 -0.00568004 -0.0311762 -0.0325585    -9.8089 
                48.6 -0.411681 -0.073036  -52.7037  -1.70374 -0.250239 0.0184748 0.0470663 -0.102589  0.105703  0.00107328 -0.00279084  0.00010817 0.00658151 0.00245588  0.0160677 0.000121758 0.000135631  4.4801e-05  -0.0218106  -0.0106892 -0.00639261 -0.0311675 -0.0324028    -9.8089 
                48.7 -0.194864 -0.137085  -52.7077  -1.70259 -0.247562 0.0176011 0.0469956  -0.10227  0.105772  0.00107102 -0.00279045 0.000109825  0.0051821 0.00667428  0.0151767 -7.57455e-06  0.000179981  4.71928e-05  -0.0216818  -0.0107518 -0.00624821 -0.0310351 -0.0323751    -9.8089 
                48.8 -0.291132 -0.126289  -52.7429  -1.70239 -0.246516 0.0170842 0.0468982  -0.10229  0.105789  0.00107028 -0.00279009 0.000110137  0.0053924 0.00923815  0.0115815  4.4694e-05 0.000176319 6.59568e-05  -0.0216508  -0.0107388 -0.00613362 -0.0310264  -0.032347    -9.8089 
                48.9 -0.152456 -0.218066  -52.7286  -1.70189 -0.248208 0.0148548 0.0470009 -0.102626   0.10573  0.00106952 -0.00279048  0.00010959 0.00274106 0.00276821 0.00733856 -3.77251e-05  0.000219462  5.74394e-05  -0.0217416  -0.0107405 -0.00595669 -0.0311111 -0.0324016    -9.8089 
                  49  0.0591171 -0.0341855   -52.7374   -1.70144  -0.247878 0.00435568 0.0468586 -0.102648  0.105734  0.00107021 -0.00279766 0.000109149 -0.000198686  -0.00509826   -0.0108007 -0.000161818   0.00011734  6.24346e-05   -0.021636  -0.0107927 -0.00537633 -0.0310342 -0.0323776    -9.8089 
                49.1 -0.158093 -0.105422  -52.6657   -1.70334  -0.249055 0.00500597 0.0466678  -0.10283   0.10573  0.00107041 -0.00279802 0.000108901 -0.00365946 -0.00414306 -0.00908926 -3.35524e-05  0.000155561  1.94465e-05  -0.0216637  -0.0106895 -0.00545956  -0.031115 -0.0323162    -9.8089 
                49.2 -0.123025 -0.193091   -52.633   -1.69989  -0.241876 0.00710293 0.0467985 -0.101722  0.105883   0.0010703  -0.0027964 0.000110293  0.00185422    0.010861 -0.00470549 -5.3038e-05 0.000203053 1.66581e-07  -0.0213833  -0.0109057 -0.00559478 -0.0307493 -0.0323137    -9.8089 
                49.3 -0.187441 -0.296849   -52.687   -1.70073  -0.244403 0.00856797 0.0469081 -0.102201  0.105788  0.00107302 -0.00279617 0.000107046 -0.00209787  0.00771905 -0.00194136 -1.45448e-05  0.000269881  3.22724e-05  -0.0215589  -0.0108345 -0.00569812 -0.0309254  -0.032364    -9.8089 
                49.4   -0.2735 -0.275679  -52.6689  -1.70232 -0.243744 0.0214419 0.0468831 -0.102118  0.105797  0.00107619 -0.00280206 0.000106021 0.00111858 0.00645188  0.0220183 3.54187e-05 0.000247012 2.13523e-05  -0.0216134  -0.0107305 -0.00638279 -0.0309908 -0.0323208    -9.8089 
                49.5  -0.578401 -0.0779959   -52.7086  -1.70624 -0.246798 0.0245291 0.0465234 -0.102806  0.105782  0.00108013 -0.00280384 9.39562e-05 0.00133816 0.00382161  0.0223678 0.000205353 0.000154261 4.30493e-05 -0.0217502 -0.0104848 -0.0064324 -0.0312462 -0.0322207    -9.8089 
                49.6 -0.554505  -0.59855  -52.7069  -1.70576 -0.245992 0.0352367 0.0467507  -0.10272  0.105664  0.00108772 -0.00280835 9.36029e-05 0.00251947  0.0154377  0.0346488 0.000189854 0.000458003 4.45281e-05  -0.0218403  -0.0104938 -0.00686399 -0.0312795 -0.0322757    -9.8089 
                49.7 -0.084233 -0.260094  -52.8095   -1.7079 -0.249314 0.0148044 0.0464166 -0.103762  0.105657  0.00109512 -0.00282784 0.000107278 -0.00770433 -0.00115448 -0.00320238 -8.76741e-05  0.000279574  0.000103973  -0.0218378  -0.0104306 -0.00562722 -0.0314192 -0.0322496    -9.8089 
                49.8  -0.18912 -0.204395  -52.7625  -1.70637 -0.250075 0.0117437  0.046676 -0.103807  0.105558  0.00109588 -0.00282793 0.000108297 -0.00400256 -0.00142219 -0.00833829 -2.43679e-05  0.000250214  7.58438e-05  -0.0218715  -0.0105302 -0.00548063 -0.0313975 -0.0323449    -9.8089 
                49.9 -0.0184211  -0.155214   -52.6952   -1.70245  -0.248533 0.00705611  0.047049 -0.103431  0.105431  0.00109739 -0.00282987 0.000101572 0.00132348 -0.0034511 -0.0135688 -0.000124994  0.000217321   3.5877e-05  -0.0217938   -0.010758 -0.00527248 -0.0312169 -0.0324681    -9.8089 
                  50 -0.207613 -0.140939  -52.6776   -1.70131  -0.250149 0.00898916 0.0472598 -0.103506  0.105401  0.00109658 -0.00282972 0.000103673   0.0043316 -0.00322918 -0.00951659 -1.24604e-05  0.000219082  2.54368e-05  -0.0218981  -0.0107752 -0.00544969 -0.0312697 -0.0325356    -9.8089 
                50.1 -0.190239  -0.25261    -52.69 -1.70142 -0.24917  0.01411 0.0472268  -0.10328  0.105424  0.00109683 -0.00283001 0.000105091  0.000794893   0.00417778 -0.000931631 -2.28639e-05  0.000282684  3.27175e-05  -0.0218878  -0.0107528 -0.00576759 -0.0312489 -0.0325042    -9.8089 
                50.2 -0.252172 -0.343706  -52.8921  -1.70047 -0.252311 0.0215948 0.0476075 -0.103538  0.105367  0.00110084  -0.0028265 0.000102329 0.00187489 0.00330188  0.0106117 1.38285e-05 0.000331434 0.000152513  -0.0221362  -0.0107475 -0.00616514 -0.0314047 -0.0326296    -9.8089 
                50.3 -0.271018 -0.532944   -52.852  -1.69778 -0.254482 0.0204084 0.0480599 -0.103781  0.105269  0.00109895 -0.00282351 9.50221e-05 0.00195441 0.00561431 0.00658103 2.46256e-05 0.000449608 0.000128494  -0.0222903  -0.0108567 -0.00604596  -0.031461 -0.0327982   -9.80889 
                50.4 -0.397928 -0.459515  -52.6677  -1.70096 -0.251937 0.0220347 0.0475527 -0.103774  0.105375   0.0010977 -0.00282238 9.34035e-05 -0.00394483    0.015435  0.00855624 9.88284e-05 0.000401903 1.88076e-05  -0.0221759  -0.0107032 -0.00608451 -0.0314701 -0.0326242    -9.8089 
                50.5 -0.260863 -0.323098   -52.703  -1.69963  -0.24922 0.0214916 0.0476629  -0.10355  0.105385  0.00109774 -0.00282162  9.3094e-05 -0.0016031  0.0187832  0.0052139 1.80497e-05  0.00032531 3.91535e-05 -0.0221203 -0.0107991 -0.0060155 -0.0313765 -0.0326609    -9.8089 
                50.6 -0.375673 -0.128262  -52.7039  -1.70224 -0.246709 0.0148094 0.0472148  -0.10368  0.105427  0.00110311 -0.00282035 8.82488e-05 -0.00377153   0.0205253 -0.00692871  8.6594e-05 0.000222169 3.87405e-05 -0.0219972 -0.0106912 -0.0056303 -0.0313773  -0.032527    -9.8089 
                50.7  -0.607939 -0.0727868   -52.7775  -1.70395 -0.243018 0.0231271 0.0470285 -0.103549  0.105453  0.00109709 -0.00282837 8.45831e-05 0.00200397  0.0294733 0.00696034 0.000223546 0.000183982 8.17863e-05  -0.0219816  -0.0105887 -0.00609073 -0.0313968 -0.0324342    -9.8089 
                50.8 -0.220382 -0.316673  -52.7349  -1.70356 -0.244447 0.0176189 0.0472636 -0.104027  0.105341  0.00109613 -0.00283227  8.5039e-05 -0.00228729   0.0209044 -0.00293308 -5.70423e-06  0.000334254  5.72997e-05  -0.0221444  -0.0106031 -0.00577086 -0.0315247 -0.0325453    -9.8089 
                50.9 -0.347451 -0.436107  -52.8333  -1.70041  -0.24745 0.0211303  0.047952 -0.104443   0.10517  0.00109893 -0.00282678 7.69301e-05 0.00345918  0.0175166 0.00325474 6.92691e-05 0.000402507 0.000115738  -0.0224607  -0.0106994 -0.00597676 -0.0316832 -0.0327851   -9.80889 
                  51 -0.187156 -0.263077  -52.7208  -1.70311 -0.247723 0.0224038 0.0477293 -0.104777  0.105149  0.00109829 -0.00282668 8.08104e-05 -0.00443034   0.0151586  0.00351019 -2.52853e-05  0.000315188  4.85677e-05  -0.0225181  -0.0105447 -0.00603768 -0.0318132 -0.0327118   -9.80889 
                51.1 -0.0744679  0.0394721   -52.7551   -1.7056  -0.25043 0.0136872 0.0475671 -0.105339  0.105063  0.00110622 -0.00283263 8.82072e-05  -0.00878218 -1.40756e-05   -0.0107582 -9.16673e-05  0.000136147  6.78582e-05  -0.0225922  -0.0104368 -0.00557553 -0.0319609 -0.0326924   -9.80889 
                51.2 -0.288236 -0.152111  -52.8204  -1.70769  -0.24772 0.0113391 0.0472695 -0.105155  0.105125  0.00110496  -0.0028339 8.90763e-05 -0.00832529  0.00606473  -0.0102245  3.4908e-05 0.000244786 0.000106427  -0.0224534  -0.0103962 -0.00548993 -0.0318916 -0.0325885   -9.80889 
                51.3 -0.253281 0.0690722  -52.7555   -1.70866    -0.2472 0.00740095 0.0471642  -0.10515  0.105145   0.0011058 -0.00283394 8.82346e-05 -0.00590964  0.00228668  -0.0134652 1.45094e-05 0.000110503 6.83048e-05  -0.0224121  -0.0103875 -0.00534863 -0.0318763 -0.0325613   -9.80889 
                51.4 -0.243258 -0.392603  -52.8678   -1.7033  -0.24698 0.0118546 0.0479772 -0.104904  0.105075  0.00110737 -0.00282923 7.91632e-05  0.00184144  0.00848634 -0.00571353 8.17974e-06 0.000387888 0.000134246  -0.0225696  -0.0106649 -0.00564607 -0.0318062 -0.0328284   -9.80889 
                51.5 -0.0637314  -0.315736   -52.9443    -1.7009  -0.252017 0.00398275 0.0484493 -0.105489  0.104905  0.00110546 -0.00282685 7.36231e-05  0.00226375 -0.00518002  -0.0152469 -9.53295e-05  0.000342185  0.000178003  -0.0228136  -0.0107451 -0.00527633 -0.0319558 -0.0330262   -9.80889 
                51.6 0.0282512 -0.405559  -52.7378  -1.70065 -0.250474 0.0044772 0.0484466  -0.10523  0.104952  0.00110714  -0.0028245 7.36798e-05 -0.00581708  0.00278476  -0.0105977 -0.000150437  0.000387274  5.77102e-05  -0.0227472  -0.0107797 -0.00538444 -0.0318803 -0.0330107   -9.80889 
                51.7 -0.016972 -0.272898  -52.7444   -1.70169  -0.250817 0.00995253 0.0485287  -0.10525  0.104958  0.00110739 -0.00282386 7.41699e-05   -0.0123229   0.00719756 -0.000771422 -0.000123903  0.000303081  6.14242e-05  -0.0228137  -0.0107449 -0.00573806 -0.0319276 -0.0330207   -9.80889 
                51.8 -0.258631 -0.107687   -52.711  -1.70262 -0.248429 0.0149373 0.0484722 -0.105015  0.105019  0.00110497 -0.00282678 7.39989e-05 -0.00552289   0.0086302  0.00805227 1.59448e-05 0.000200034 4.13107e-05  -0.0227574  -0.0107355 -0.00600015 -0.0318781 -0.0329798   -9.80889 
                51.9 -0.452277 -0.194944  -52.7487  -1.70998 -0.247935 0.0245401 0.0478118 -0.105373  0.104974  0.00110518 -0.00283741 6.02898e-05 -0.013233 0.0128544 0.0206352 0.000128478 0.000253178 6.31849e-05  -0.0227728   -0.010386 -0.00645051 -0.0320739  -0.032747   -9.80889 
                  52 -0.459048 -0.137791  -52.7721  -1.71043 -0.247032 0.0331697  0.047997 -0.105375  0.104925  0.00110389 -0.00284131 6.07451e-05 -0.00799555   0.0170209   0.0326496 0.000131945  0.00022438 7.63566e-05  -0.0228464  -0.0103969 -0.00679252 -0.0321044 -0.0327927   -9.80889 
                52.1 -0.392287 -0.252951   -52.752  -1.70735 -0.247413 0.0250271 0.0484254 -0.105561  0.104854  0.00110136 -0.00283719 5.95596e-05 -0.00209556   0.0153076    0.016133 9.23175e-05 0.000288086 6.47916e-05  -0.0229282   -0.010586 -0.00620737 -0.0320812 -0.0329726   -9.80889 
                52.2 -0.265092 -0.304677  -52.7571  -1.70647 -0.248265 0.0191981  0.048592 -0.105833  0.104781  0.00109975 -0.00283813 5.85742e-05 0.00298533 0.00436548 0.00549593 1.86088e-05 0.000296654 6.77842e-05  -0.0230045  -0.0106415 -0.00583369 -0.0321225 -0.0330573   -9.80889 
                52.3 -0.171167 -0.293415  -52.7623  -1.70536 -0.248288 0.0213179  0.048794 -0.105867  0.104744  0.00110005 -0.00283661 5.74494e-05 -0.000959468   0.00901032    0.0092786 -3.60506e-05  0.000298045    7.019e-05  -0.0230666  -0.0106875 -0.00592145 -0.0321351 -0.0331221   -9.80889 
                52.4 -0.0147413   0.176087   -52.6893   -1.70305  -0.249507 0.00627839 0.0489039 -0.106021   0.10462  0.00111653 -0.00284761 6.23158e-05  0.00541103 -0.00920982  -0.0140198 -0.000125955  2.17743e-05  2.72966e-05  -0.0230437  -0.0108137 -0.00511808 -0.0320887 -0.0332009   -9.80889 
                52.5  -0.30355 -0.143892  -52.6879   -1.70088  -0.250814 0.00692878 0.0491388 -0.106067  0.104571  0.00111548 -0.00284641 6.26666e-05  0.00973972 -0.00531855 -0.00978874 4.08458e-05 0.000204916 2.69699e-05  -0.0231205  -0.0108679 -0.00521696 -0.0321057  -0.033278   -9.80889 
                52.6  -0.217764 -0.0675802   -52.7994  -1.70498 -0.248931 0.0139863 0.0485493  -0.10589  0.104655  0.00111647 -0.00285144  6.3195e-05 -0.000425491   0.00249386   0.00383927 -8.65897e-06  0.000158208  9.03992e-05  -0.0230043   -0.010647 -0.00563495 -0.0321286 -0.0330605   -9.80889 
                52.7 -0.318587 -0.190364  -52.7111  -1.70379 -0.249205 0.0171491 0.0487636 -0.105924  0.104608  0.00111761 -0.00285164 6.24445e-05  0.0031519 0.00591753 0.00708865  4.9319e-05 0.000235808 3.94038e-05  -0.0230765  -0.0106874 -0.00578271 -0.0321471 -0.0331261   -9.80889 
                52.8 -0.30236 -0.31723 -52.7558    -1.704 -0.248811 0.0221041 0.0487692  -0.10595  0.104586  0.00112068 -0.00285237 6.24416e-05  0.001482 0.0102789 0.0138886 4.29767e-05 0.000302843 6.43766e-05  -0.0231119  -0.0106526 -0.00600457 -0.0321806 -0.0331213   -9.80889 
                52.9   -0.244904 0.000996165    -52.7704  -1.70963 -0.249853 0.0184416 0.048083 -0.10638 0.104603  0.00112383 -0.00285527 6.11012e-05 -0.00660335  0.00034345  0.00713817 1.10306e-05  0.00011141 7.05777e-05  -0.0230761  -0.0103807 -0.00575724 -0.0323292 -0.0329259   -9.80889 
                  53 -0.0651318  -0.231601   -52.7713  -1.70527 -0.248688 0.0157089 0.0485969 -0.106084  0.104612  0.00112039 -0.00285493 5.43078e-05  -0.0013806 7.61965e-05 0.000556419 -9.29174e-05  0.000243784  7.12456e-05  -0.0230737  -0.0106382 -0.00557863 -0.0321862 -0.0330909   -9.80889 
                53.1 -0.226638 -0.170842  -52.7121   -1.7045 -0.249846 0.0129295 0.0487003 -0.106231  0.104575  0.00112029 -0.00285464  5.4375e-05 0.000910867 -0.00121626 -0.00349976 1.59692e-06 0.000211257 3.66715e-05  -0.0231256  -0.0106638 -0.00543221 -0.0322146 -0.0331369   -9.80889 
                53.2 0.0344959 -0.268709   -52.784   -1.70332  -0.250084 0.00938431 0.0488372 -0.106193  0.104555  0.00111869 -0.00285548 5.27611e-05 -0.00420361 -0.00381491  -0.0067857 -0.000145273  0.000265403  7.73874e-05   -0.023124  -0.0107432 -0.00527155 -0.0321762 -0.0331875   -9.80889 
                53.3 -0.174048 0.0334757  -52.7327   -1.70728  -0.251893 0.00893397 0.0484533 -0.106469  0.104581  0.00111887 -0.00285683 4.91852e-05 -0.00603297  -0.0103794 -0.00679754 -2.32681e-05  8.86682e-05  4.67215e-05  -0.0231229  -0.0105552 -0.00528846 -0.0322849 -0.0330691   -9.80889 
                53.4  -0.367663 -0.0188219   -52.7066  -1.70455 -0.251665 0.0149714 0.0488055  -0.10617  0.104557    0.001117 -0.00286103 5.44697e-05  0.00420423 -0.00598114  0.00377605 8.84492e-05  0.00011917 3.14948e-05  -0.0231549  -0.0106794 -0.00562729 -0.0322144 -0.0331616   -9.80889 
                53.5 -0.273399 -0.129682  -52.7267  -1.70348 -0.249476 0.0152751 0.0487697  -0.10586  0.104609  0.00111631 -0.00286096 5.61795e-05  0.00705121 -0.00178052   0.0022298 3.31855e-05 0.000190874 4.24797e-05  -0.0230471  -0.0107386 -0.00562292 -0.0321088 -0.0331386   -9.80889 
                53.6 -0.498818 -0.511033   -52.673  -1.70228 -0.249203 0.0286825 0.0490275 -0.105743  0.104547  0.00113047  -0.0028707 5.46316e-05 0.00580055  0.0168449  0.0221517 0.000163946 0.000404771 1.23887e-05  -0.0231582  -0.0107218 -0.00629097 -0.0321522 -0.0331859   -9.80889 
                53.7 -0.230873 -0.344431  -52.7997  -1.70271 -0.249196 0.0248066 0.0489467 -0.106019  0.104549  0.00112976 -0.00287102 5.68588e-05 0.00212261  0.0114255   0.013346 8.26904e-06 0.000328477 8.54781e-05  -0.0231772  -0.0106884 -0.00598816 -0.0322027 -0.0331798   -9.80889 
                53.8 -0.473904 -0.115419  -52.7063  -1.70019 -0.245826 0.0194796 0.0489216 -0.105801  0.104543  0.00113231 -0.00286723 5.87718e-05  0.0144344   0.013356 0.00300558  0.00014981 0.000191192 2.99433e-05   -0.023056   -0.010805 -0.00564097 -0.0320794 -0.0331847   -9.80889 
                53.9 -0.336681   -0.1998  -52.7209  -1.70057 -0.244786 0.0191689 0.0487732 -0.105923  0.104573   0.0011328 -0.00286779 5.95981e-05  0.0112576  0.0148354 0.00212805 7.09882e-05 0.000235192 3.78196e-05  -0.023052 -0.0107279 -0.0056146 -0.0321224 -0.0331374   -9.80889 
                  54   -0.1109 -0.199065  -52.7309   -1.70185  -0.246475 0.00887299 0.0485627 -0.106451   0.10457  0.00113488   -0.002876 6.64032e-05 0.00201182 0.00602703 -0.0145566 -6.06471e-05  0.000239355   4.3537e-05  -0.0230844  -0.0106273 -0.00507703 -0.0322345 -0.0331045   -9.80889 
                54.1 -0.0451892   0.146924   -52.7491   -1.70225  -0.248533 0.00358346  0.048487 -0.106717  0.104551  0.00113884 -0.00287861 7.06676e-05 0.00563957 -0.0104508 -0.0210386 -9.64565e-05   3.9057e-05  5.21409e-05  -0.0231187  -0.0105735 -0.00488401 -0.0322999 -0.0330946   -9.80889 
                54.2 -0.0784676  0.0140565   -52.7639   -1.70061  -0.248405 0.00435543  0.048583 -0.106509  0.104545  0.00113703 -0.00287724 7.01146e-05 0.00836617 -0.0101836 -0.0179096 -7.67124e-05  0.000125676   6.0344e-05  -0.0231038  -0.0106312 -0.00502578 -0.0322479  -0.033117   -9.80889 
                54.3 -0.0170284  -0.294376   -52.8068  -1.69521  -0.25058 0.0069613 0.0491933 -0.106361  0.104442  0.00113828 -0.00287227 6.15863e-05  0.0119728 -0.0103389 -0.0113435 -0.000112858  0.000304888  8.52696e-05 -0.0232681 -0.0108345 -0.0052496 -0.0322197 -0.0333182   -9.80889 
                54.4 -0.215826 -0.138271  -52.7187   -1.6993 -0.250413 0.0139593 0.0486885 -0.106366  0.104627  0.00113832 -0.00287536 6.00743e-05   0.00776858  -0.00979984 -0.000573199 3.03425e-06 0.000215939 3.33921e-05  -0.0232037  -0.0105744 -0.00566559    -0.0323 -0.0331262   -9.80889 
                54.5 -0.193991  -0.13367   -52.729  -1.70125 -0.250668 0.0141318 0.0484085  -0.10642  0.104691  0.00113824 -0.00287594 5.92194e-05  0.00240648  -0.0085248 0.000484064 -9.61467e-06  0.000219023  3.85731e-05  -0.0231403  -0.0104618 -0.00567228 -0.0323244 -0.0330282   -9.80889 
                54.6 -0.330589 -0.139737  -52.7055  -1.69796 -0.248739 0.0149925 0.0485846 -0.106037  0.104628  0.00113784  -0.0028758 6.42314e-05   0.0111956 -0.00125079  0.00193283 6.97339e-05 0.000241171 2.49533e-05  -0.0230757  -0.0106223 -0.00571077 -0.0321924  -0.033083   -9.80889 
                54.7 -0.0677926  -0.165133   -52.7708  -1.69937 -0.245067 0.0122512 0.0481369 -0.105776  0.104726  0.00113635 -0.00287818 6.51947e-05  0.00173301  0.00400708 -0.00216337 -8.32229e-05  0.000248674  6.29147e-05  -0.0228212   -0.010576 -0.00556063 -0.0320746  -0.032925   -9.80889 
                54.8 0.0165492 -0.460895  -52.8316  -1.69806 -0.248127 0.0108827 0.0484809 -0.106097  0.104686  0.00113611 -0.00287589 5.83303e-05  -0.0024037 -0.00217578  -0.0042449 -0.000130989  0.000436748  9.82534e-05   -0.023015   -0.010618 -0.00550672  -0.032172 -0.0330539   -9.80889 
                54.9 -0.0554646 -0.0580403   -52.8217  -1.69876 -0.250987 0.0126375 0.0485337 -0.106293   0.10472  0.00113508 -0.00287583 6.13994e-05 -0.00470842  -0.0073624 -0.00138339 -8.95693e-05  0.000188507  9.14728e-05  -0.0231222  -0.0105559 -0.00562998 -0.0322639 -0.0330734   -9.80889 
                  55 -0.00298001  -0.0665991    -52.7156   -1.69928  -0.250799 0.00956306 0.0484103 -0.106218  0.104734   0.0011358 -0.00287576 6.01187e-05 -0.00548607   -0.011889 -0.00557448 -0.000118952  0.000183095  3.15807e-05  -0.0230291   -0.010571 -0.00547554 -0.0322092 -0.0330353   -9.80889 
                55.1 -0.110291 -0.317016    -52.74  -1.70226 -0.250543 0.0146228  0.048218 -0.106103  0.104791  0.00113788 -0.00287759 6.20077e-05   -0.013486 -0.00355277  0.00236286 -5.61459e-05  0.000330526  4.57954e-05  -0.0229984  -0.0104689 -0.00575727 -0.0322299  -0.032955   -9.80889 
                55.2 -0.130298 -0.208774  -52.7662  -1.70524 -0.249406 0.0187502 0.0480329 -0.105935  0.104858  0.00113742  -0.0028795 6.14643e-05   -0.0171971 -0.000120336   0.00799269 -4.49585e-05  0.000276839  6.02248e-05  -0.0229307  -0.0104043 -0.00595588 -0.0322135 -0.0328789   -9.80889 
                55.3  -0.280569 -0.0728165   -52.7503  -1.70462 -0.247047 0.0179484 0.0480941 -0.105644  0.104852  0.00113705 -0.00287825 6.45431e-05 -0.0127265 0.00727195 0.00665526 4.17347e-05 0.000199769 5.06457e-05  -0.0228347  -0.0105241 -0.00586838 -0.0320937 -0.0328962   -9.80889 
                55.4 -0.173162 -0.289856  -52.7458  -1.70277 -0.248768 0.0151479 0.0484688 -0.105804  0.104752  0.00113607 -0.00287677  6.2366e-05 -0.00854642  0.00116035   0.0011939 -2.05127e-05  0.000317074  4.80737e-05 -0.0229648 -0.0106503 -0.0056951 -0.0321103 -0.0330382   -9.80889 
                55.5 -0.428669 -0.187767   -52.866  -1.70182 -0.247947 0.0255252 0.0486947 -0.105532  0.104752  0.00113392 -0.00288394 6.44872e-05 0.00119785 0.00626295  0.0168361 0.000126319  0.00025874 0.000116787  -0.0230273   -0.010698 -0.00621994 -0.0320961 -0.0330888   -9.80889 
                55.6 -0.128038 0.0173576   -52.691  -1.69982 -0.246648 0.0212014 0.0487343 -0.105401   0.10477 0.00113747 -0.0028848 6.3044e-05  0.00494164 0.000178512  0.00812241 -4.73089e-05  0.000125221  1.55186e-05  -0.0229536  -0.0108102 -0.00591541 -0.0320033 -0.0331146   -9.80889 
                55.7 -0.117919 -0.408841   -52.721  -1.69618 -0.247337 0.0183807 0.0490779 -0.105445  0.104722   0.0011338 -0.00288535 5.54037e-05 0.00591503 0.00205462  0.0021468 -5.19772e-05  0.000381491  3.31501e-05  -0.0230333  -0.0109665 -0.00572355 -0.0319751 -0.0332457   -9.80889 
                55.8 -0.233653 -0.216481   -52.751  -1.70256 -0.247875 0.0205773 0.0484257 -0.105756  0.104875  0.00113469 -0.00288806 5.50185e-05 -0.00676334  0.00251534  0.00650544 1.53739e-05 0.000272082 4.98447e-05 -0.0229741  -0.010633 -0.0058241 -0.0321193 -0.0330289   -9.80889 
                55.9 -0.330186 -0.111427  -52.7392  -1.70676 -0.249828 0.0178792 0.0480988 -0.106175   0.10493  0.00113662 -0.00288804 5.25134e-05  -0.0148332  0.00365011 0.000294608 7.30105e-05 0.000208268 4.24808e-05  -0.0229956  -0.0104424 -0.00565713 -0.0322468 -0.0329385   -9.80889 
                  56 -0.297847 -0.347309   -52.747   -1.7048 -0.249384 0.0147455 0.0483695 -0.106089  0.104875   0.0011337 -0.00288666 5.10721e-05 -0.00727366  0.00273265 -0.00308044 5.40487e-05 0.000326858 4.77289e-05  -0.0230112  -0.0105963 -0.00548584 -0.0321803 -0.0330344   -9.80889 
                56.1 -0.236354 -0.153135  -52.7523  -1.70318 -0.250417 0.0108829 0.0485924 -0.106163   0.10481  0.00113395 -0.00288608 5.23966e-05 -0.00543014  0.00273063 -0.00790777 1.87281e-05 0.000222559 5.01209e-05  -0.0230688  -0.0106917 -0.00530912 -0.0321708 -0.0331197   -9.80889 
                56.2 0.263995 0.367675 -52.7971    -1.70438    -0.25414 -0.00876277 0.0483945 -0.106661  0.104722  0.00116369 -0.00291363 6.52003e-05 -0.00768451  -0.0276416  -0.0376479 -0.000266389 -6.40921e-05  7.54762e-05  -0.0230383  -0.0106768 -0.00434979 -0.0322094  -0.033108   -9.80889 
                56.3 -0.182031 0.0681786  -52.7884   -1.70725  -0.252493 -0.0051161 0.0481007 -0.106297   0.10479  0.00116102 -0.00291584 6.69884e-05 -0.00885373  -0.0154538  -0.0259757 -9.63818e-06  0.000127498  7.00842e-05  -0.0228765  -0.0105988 -0.00471796 -0.0321406 -0.0329777   -9.80889 
                56.4 -0.143104  0.034266  -52.7348    -1.70686   -0.251458 0.000445358 0.0482154 -0.105909   0.10484  0.00116236 -0.00291648 6.96766e-05 -0.00563508  -0.0111718  -0.0133869 -3.12893e-05  0.000145345  3.87772e-05  -0.0228142   -0.010667 -0.00514673 -0.0320493 -0.0329814   -9.80889 
                56.5  -0.134818 -0.0875102    -52.745   -1.70257  -0.251653 0.00673518 0.0487444 -0.105581  0.104843  0.00116607 -0.00291588 6.87895e-05  0.00383586 -0.00914778 -0.00255209 -3.66387e-05  0.000216538  4.48258e-05  -0.0228838  -0.0108794 -0.00554362 -0.0319586  -0.033132   -9.80889 
                56.6   -0.42954 -0.0790755   -52.7168  -1.70407 -0.249624 0.0195845 0.0485567 -0.105345  0.104903  0.00117097 -0.00292663 7.24974e-05 0.00668527 0.00283834  0.0179798 0.000132677 0.000207466 2.85313e-05   -0.022803  -0.0107632 -0.00619957 -0.0319507 -0.0330313   -9.80889 
                56.7 -0.208378 -0.145096  -52.7245  -1.70266 -0.247271 0.0183827 0.0485189 -0.105107  0.104971  0.00116882 -0.00292628 7.37165e-05 0.00691754 0.00469629   0.013195 5.51519e-06 0.000232265 3.28402e-05  -0.0226964  -0.0108414 -0.00604554 -0.0318528 -0.0330167   -9.80889 
                56.8 -0.294591 -0.124074  -52.7583   -1.7021 -0.246552 0.0173877 0.0484567 -0.105121  0.104982  0.00116804 -0.00292585 7.40056e-05  0.0119463 0.00123172  0.0112093 5.52709e-05 0.000222121 5.21418e-05  -0.0226704  -0.0108373 -0.00592374 -0.0318454 -0.0330005   -9.80889 
                56.9 -0.15463  -0.2139 -52.7443  -1.70138 -0.248509 0.0148072 0.0485207 -0.105371  0.104946  0.00116712 -0.00292661 7.38431e-05   0.00603084 -0.000407135   0.00495767 -2.38121e-05  0.000282925  4.40384e-05  -0.0227568  -0.0108235 -0.00574638 -0.0319091 -0.0330371   -9.80889 
                  57 0.0601304 -0.034818  -52.7541  -1.70084 -0.248382 0.0041936 0.0483715 -0.105393  0.104951  0.00116804 -0.00293438 7.31806e-05  0.00219219 -0.00802987  -0.0106019 -0.000146632  0.000187414  4.93718e-05  -0.0226526  -0.0108728 -0.00519278 -0.0318493  -0.033007   -9.80889 
                57.1 -0.161595 -0.102808  -52.6801   -1.70277  -0.249394 0.00484614 0.0481931 -0.105507  0.104978  0.00116801  -0.0029345 7.29246e-05 -0.000720819  -0.00664788  -0.00765945 -2.07164e-05  0.000221081  7.47545e-06  -0.0226472  -0.0107583 -0.00528003 -0.0319044 -0.0329459   -9.80889 
                57.2   -0.1265 -0.195345  -52.6452   -1.69936  -0.241852 0.00708776 0.0482468 -0.104619   0.10504  0.00116869 -0.00293308  7.4677e-05  0.00187661   0.0125463 -0.00195195 -4.07648e-05  0.000272054    -1.29e-05  -0.0223722  -0.0110066 -0.00541915 -0.0316123 -0.0329314   -9.80889 
                57.3 -0.187113  -0.29731  -52.7025   -1.70048  -0.244105 0.00873947  0.048314 -0.104984  0.104993  0.00117117  -0.0029329 7.16616e-05 -0.00228119  0.00906431  0.00124905 -6.14929e-06  0.000323343  2.00183e-05  -0.0225336  -0.0109075 -0.00552459 -0.0317503 -0.0329636   -9.80889 
                57.4 -0.281023 -0.277162  -52.6805  -1.70229 -0.242895  0.021736  0.048291 -0.104917  0.105003  0.00117425 -0.00293894 7.07066e-05 -0.00360674   0.0148562   0.0219022 4.69994e-05 0.000309925 6.99135e-06  -0.0225649  -0.0108083 -0.00618805 -0.0317975 -0.0329309   -9.80889 
                57.5  -0.582728 -0.0765748   -52.7267  -1.70686 -0.245374 0.0246726 0.0480108 -0.105478  0.104935  0.00117797 -0.00294027 5.82551e-05 -0.00305359  0.00965339   0.0223394 0.000218003 0.000212304 3.24225e-05 -0.0226851 -0.0105437 -0.0062338 -0.0320048  -0.032858   -9.80889 
                57.6 -0.563432 -0.592193  -52.7222  -1.70663  -0.24487 0.0353519 0.0482491 -0.105555  0.104802  0.00118556 -0.00294467 5.52771e-05 -0.00316812   0.0224532   0.0363296 0.000206552 0.000502924 3.26499e-05  -0.0228149  -0.0105487 -0.00665332 -0.0320604 -0.0329263   -9.80889 
                57.7 -0.0904051   -0.25968   -52.8263   -1.7087 -0.248333  0.014961 0.0480641   -0.1062  0.104686  0.00119258 -0.00296321  6.9381e-05 -0.0109831 0.00130636 0.00181615 -6.22732e-05  0.000296379  9.01658e-05  -0.0228794  -0.0104756 -0.00546075 -0.0321742 -0.0329268   -9.80889 
                57.8 -0.195336 -0.196401  -52.7804  -1.70721 -0.249134 0.0117012 0.0483134 -0.106245  0.104631  0.00119342 -0.00296314 7.10294e-05 -0.00605627 -0.00017656  -0.0112851 -2.59069e-06  0.000266276  6.37908e-05   -0.022952  -0.0105786 -0.00531547 -0.0321645 -0.0330166   -9.80889 
                57.9 -0.0231378  -0.144298   -52.7132   -1.70323  -0.247717 0.00653315 0.0486511 -0.105947  0.104625  0.00119557 -0.00296536 6.50154e-05  -0.00147533 -0.000463675    -0.016563 -0.000100947  0.000234269  2.49793e-05  -0.0229347   -0.010822 -0.00511468 -0.0320329 -0.0331295   -9.80889 
                  58 -0.208665 -0.159556  -52.6979   -1.70197  -0.249395 0.00776816 0.0488689 -0.106043  0.104585  0.00119503 -0.00296534 6.71431e-05  0.00285298 -0.00310157  -0.0128091  4.5786e-06 0.000225848 1.62513e-05  -0.0230589  -0.0108488 -0.00526999 -0.0320779  -0.033202   -9.80889 
                58.1 -0.185082 -0.238184  -52.7091   -1.7019 -0.248637 0.0129365 0.0488808 -0.105938  0.104595  0.00119514 -0.00296532 6.83462e-05 0.000549041  0.00338644 -0.00135043 -8.61906e-06  0.000268882  2.27911e-05   -0.023051  -0.0108434 -0.00559974 -0.0320664 -0.0331909   -9.80889 
                58.2 -0.250617 -0.329619  -52.9122  -1.70088 -0.251862 0.0206249 0.0492096 -0.106175  0.104515  0.00119865 -0.00296172 6.56894e-05 -0.00112851  0.00611662   0.0142083 2.80341e-05 0.000331665 0.000137993   -0.023299  -0.0108245 -0.00600337 -0.0321899 -0.0332966   -9.80889 
                58.3 -0.267037 -0.530228  -52.8729  -1.69826 -0.253901 0.0200933 0.0495763 -0.106322  0.104451  0.00119697 -0.00295903 5.80434e-05 0.000967463  0.00599716   0.0116993 3.70183e-05  0.00043221 0.000115806  -0.0234792  -0.0109215 -0.00591168 -0.0322339 -0.0334327   -9.80889 
                58.4 -0.399923 -0.451962  -52.6828   -1.7014 -0.251368 0.0221696 0.0492203 -0.106333  0.104501  0.00119576 -0.00295768 5.65182e-05 -0.00551109   0.0175302   0.0142073 0.000111387  0.00038314 6.94806e-06 -0.0233618 -0.0107899 -0.0059545 -0.0322428 -0.0333109   -9.80889 
                58.5  -0.26728 -0.318793  -52.7197  -1.70012 -0.248541 0.0220913  0.049339 -0.106163  0.104532   0.0011961 -0.00295703 5.65372e-05 -0.00265322   0.0191632   0.0111882 3.58697e-05 0.000301307  2.7506e-05 -0.0233329 -0.0108958 -0.0058877 -0.0321742 -0.0333492   -9.80889 
                58.6 -0.381979  -0.12725  -52.7248  -1.70269 -0.246187 0.0157032 0.0490156 -0.106205  0.104533  0.00120153 -0.00295529  5.2419e-05 -0.00284033   0.0205203 -0.00233193 0.000101783 0.000191345 2.97414e-05 -0.0232325 -0.0108039 -0.0055084 -0.0321786 -0.0332594   -9.80889 
                58.7   -0.61171 -0.0770288   -52.7997  -1.70407 -0.242736  0.024015 0.0488986 -0.106173   0.10452  0.00119599 -0.00296263 4.94633e-05 0.00423204  0.0291615  0.0087662 0.000235607 0.000150083 7.00488e-05  -0.0232082  -0.0107218 -0.00593039 -0.0321972 -0.0331998   -9.80889 
                58.8 -0.228377 -0.318326  -52.7568  -1.70346 -0.244384 0.0185733 0.0490793 -0.106538  0.104432  0.00119475 -0.00296669 4.97745e-05 -0.00110105   0.0210552  0.00251851 1.69622e-05 0.000284974 4.52818e-05  -0.0233816  -0.0107159 -0.00561647  -0.032299 -0.0332884   -9.80889 
                58.9 -0.357546 -0.445114  -52.8552  -1.70043 -0.247207 0.0222313 0.0495891 -0.106917  0.104326  0.00119729 -0.00296172 4.13887e-05 0.00408069  0.0180806 0.00665415 8.95865e-05 0.000355611 0.000101641  -0.0236932  -0.0107797 -0.00580305 -0.0324238 -0.0334685   -9.80889 
                  59 -0.192659 -0.269455  -52.7425  -1.70306 -0.247672 0.0236223 0.0494114 -0.107195   0.10428  0.00119638 -0.00296157 4.54943e-05 -0.00349562   0.0144214  0.00990391 -4.90478e-06  0.000257169  3.71382e-05  -0.0237409  -0.0106234 -0.00584821 -0.0325284 -0.0334165   -9.80889 
                59.1 -0.0808487  0.0347252   -52.7759  -1.70557   -0.2504 0.0148383 0.0492955 -0.107595  0.104192  0.00120446 -0.00296779 5.31412e-05 -0.00928918 0.000785566 -0.00278573 -6.83957e-05   8.1703e-05  5.50452e-05 -0.0238138 -0.0105028 -0.0053786 -0.0326425 -0.0334047   -9.80889 
                59.2 -0.293461 -0.169479  -52.8441   -1.7076 -0.247583 0.0128467 0.0491069 -0.107443  0.104224  0.00120316 -0.00296856 5.41396e-05   -0.010358  0.00912747 -0.00562125  5.2409e-05 0.000196923 9.38715e-05  -0.0236902  -0.0104854 -0.00528882 -0.0325905  -0.033338   -9.80889 
                59.3 -0.260491 0.0646236  -52.7753   -1.70882  -0.246747 0.00873619 0.0490301 -0.107426  0.104233  0.00120437 -0.00296851 5.32946e-05 -0.00842229  0.00575247 -0.00961765 3.35614e-05 6.31142e-05 5.34547e-05  -0.0236532  -0.0104795 -0.00512169 -0.0325794 -0.0333191   -9.80889 
                59.4 -0.255156 -0.389149  -52.8832  -1.70336 -0.246743 0.0129869 0.0496666 -0.107316  0.104265  0.00120553  -0.0029644 4.43209e-05  0.00231273  0.00787762 -0.00251269 3.00693e-05 0.000315364 0.000115854  -0.0238281  -0.0107407 -0.00537581 -0.0325294 -0.0335243   -9.80889 
                59.5 -0.0762775  -0.311917   -52.9591   -1.70103  -0.251837 0.00499581 0.0500218 -0.107772  0.104132  0.00120337 -0.00296271 3.92535e-05  0.00300064 -0.00634611  -0.0127806 -7.05422e-05  0.000261574  0.000158414  -0.0240787   -0.010787 -0.00499868 -0.0326466 -0.0336736   -9.80889 
                59.6    0.0293 -0.419085  -52.7583    -1.7004  -0.250564 0.00490176 0.0500489 -0.107575  0.104172  0.00120474 -0.00296089 3.88217e-05 -0.00532571  0.00182211 -0.00965888 -0.000131556  0.000303091  4.37709e-05  -0.0240211  -0.0108422 -0.00506101 -0.0325856 -0.0336711   -9.80889 
                59.7 -0.0425359  -0.280751   -52.7563  -1.70088 -0.250946 0.0110398 0.0501545 -0.107587  0.104175  0.00120514 -0.00296058 3.94059e-05  -0.00801175   0.00341273 -0.000352345 -9.06964e-05  0.000234419  4.26391e-05  -0.0240899  -0.0108288 -0.00542806  -0.032616 -0.0336939   -9.80889 
                59.8 -0.253818 -0.115004  -52.7321  -1.70188  -0.24873 0.0158065 0.0500734 -0.107411  0.104227  0.00120272 -0.00296307 3.84136e-05 -0.00146973  0.00576509  0.00494933 3.27067e-05 0.000134424 2.78258e-05  -0.0240191  -0.0108163 -0.00566912 -0.0325788 -0.0336509   -9.80889 
                59.9 -0.458826 -0.197949  -52.7705  -1.70911 -0.248487 0.0247443 0.0495133 -0.107692  0.104217  0.00120262 -0.00297256 2.43754e-05 -0.0122346  0.0141051  0.0174471 0.000150695 0.000179017 4.81914e-05  -0.023978 -0.0104594 -0.0060785 -0.0327287 -0.0334586   -9.80889 
                  60   -0.4627 -0.140113  -52.7964  -1.70971  -0.24745 0.0330908 0.0496014 -0.107662  0.104185  0.00120109 -0.00297669 2.43827e-05 -0.00397293   0.0125845   0.0274713 0.000154853 0.000152485  6.1902e-05  -0.0240313  -0.0104531 -0.00641131 -0.0327491 -0.0334763   -9.80889 
                60.1 -0.391102 -0.253439  -52.7787  -1.70659 -0.247998 0.0246604 0.0498989 -0.107805  0.104126   0.0011988 -0.00297327 2.33738e-05 0.00146527   0.011006 0.00941658  0.00011172  0.00021127 5.14943e-05  -0.0241223  -0.0106169 -0.00585022 -0.0327291 -0.0336035   -9.80889 
                60.2 -0.260566 -0.304985  -52.7829  -1.70552 -0.249267  0.018496 0.0500174 -0.108031   0.10408  0.00119726 -0.00297457 2.26178e-05      0.00333   0.00479241 -0.000225654 3.89528e-05 0.000225548 5.28708e-05  -0.0242006  -0.0106508 -0.00549473 -0.0327628 -0.0336627   -9.80889 
                60.3 -0.162591 -0.292501  -52.7909  -1.70443 -0.248706 0.0203845 0.0501083 -0.107968  0.104063  0.00119732 -0.00297324 2.14277e-05 0.00201026 0.00607275 0.00340255 -1.80563e-05  0.000226668  5.68138e-05  -0.0242258    -0.01069 -0.00559257 -0.0327517   -0.03369   -9.80889 
                60.4 -0.00841531    0.181616    -52.7171   -1.70208   -0.25007 0.00531173 0.0501564 -0.108158  0.103931  0.00121347 -0.00298421 2.53306e-05 0.00720178 -0.0105861 -0.0204542 -0.000104843 -4.18933e-05  1.43384e-05  -0.0241948  -0.0107942 -0.00484198 -0.0327162 -0.0337358   -9.80889 
                60.5 -0.295357 -0.137159  -52.7164   -1.70001  -0.251364 0.00574142 0.0502878 -0.108146  0.103896  0.00121235 -0.00298337 2.59084e-05   0.0118612 -0.00743351  -0.0160792  5.5499e-05 0.000148375 1.38647e-05  -0.0242625  -0.0108287 -0.00495557 -0.0327266 -0.0337797   -9.80889 
                60.6   -0.21027 -0.0377066   -52.8284  -1.70429 -0.249407 0.0117521 0.0497866 -0.107972  0.104008  0.00121276 -0.00298843 2.55213e-05  0.00294458 -0.00207238  -0.0036293 7.36104e-06 0.000109049 7.67645e-05  -0.0240885  -0.0106044 -0.00533501 -0.0327368 -0.0335906   -9.80889 
                60.7 -0.303929 -0.181897  -52.7414  -1.70278 -0.250013  0.015187 0.0499232 -0.107919  0.103978  0.00121427 -0.00298902 2.52023e-05 0.00825028 -0.0026908  0.0025883 5.99738e-05 0.000184932 2.77848e-05  -0.0241553  -0.0106343 -0.00552785 -0.0327446 -0.0336309   -9.80889 
                60.8 -0.257694 -0.311583  -52.7676  -1.70241 -0.250546 0.0195448 0.0499731 -0.107913  0.103967  0.00121728 -0.00298914 2.45594e-05 0.00311041 0.00520069  0.0100951  3.3988e-05 0.000264311 4.27867e-05  -0.0242151  -0.0106094 -0.00573894 -0.0327752 -0.0336436   -9.80889 
                60.9 -0.227721 0.0110232  -52.7965  -1.70846 -0.251118 0.0166016 0.0493976 -0.108232  0.104118  0.00121958 -0.00299184 2.14919e-05 -0.00566368 -0.00301918  0.00342645 1.91395e-05 7.76865e-05 5.71608e-05 -0.0240938 -0.0103124 -0.0055543 -0.0328738 -0.0334615   -9.80889 
                  61 -0.0130748  -0.265156   -52.8019  -1.70423 -0.249462 0.0126164 0.0497419 -0.107984  0.104049  0.00121495 -0.00299295 1.36285e-05 -0.00107304  0.00116495 -0.00259234   -0.000102 0.000236435 6.06461e-05  -0.0240796  -0.0105851 -0.00533357 -0.0327427 -0.0335763   -9.80889 
                61.1 -0.198263 -0.175953  -52.7405  -1.70377  -0.25015 0.0106095 0.0497836 -0.108065  0.104033  0.00121488 -0.00299284 1.38685e-05  0.00381352 -0.00420239 -0.00598576 -1.29918e-06  0.000177377  2.49074e-05  -0.0241105  -0.0105927 -0.00524878 -0.0327573 -0.0335952   -9.80889 
                61.2 0.0492397 -0.255689  -52.8115   -1.70268  -0.250399 0.00801312  0.049862 -0.108026  0.104015  0.00121388 -0.00299324  1.2818e-05 -0.000541929  -0.00688919  -0.00853683 -0.000141009  0.000227028  6.53072e-05  -0.0241064  -0.0106562 -0.00515294 -0.032728 -0.033622  -9.80889 
                61.3  -0.18144 0.0376989  -52.7613   -1.70761  -0.250164 0.00862517 0.0495195 -0.108153  0.104077  0.00121283 -0.00299472 7.12748e-06  -0.0262931   0.0198411 -0.00434084 -1.02841e-05  6.13225e-05  3.65234e-05   -0.024048   -0.010464 -0.00522721 -0.0327926 -0.0335111   -9.80889 
                61.4  -0.364926 -0.0108129   -52.7363  -1.70685 -0.247626 0.0148704 0.0498216 -0.107989  0.104099  0.00121103 -0.00299954 1.26831e-05  -0.017841  0.0259545 0.00754424 9.26453e-05 9.06522e-05 2.25054e-05  -0.0241268  -0.0105911 -0.00556297 -0.0327577 -0.0336002   -9.80889 
                61.5 -0.274698 -0.103049  -52.7533  -1.70663 -0.244585 0.0152177 0.0499526 -0.107876  0.104212  0.00121084 -0.00299879 1.36418e-05 -0.0117811  0.0240035 0.00757226 4.14366e-05 0.000135972 3.22567e-05  -0.0241289  -0.0106836 -0.00554489 -0.0327133 -0.0336406   -9.80889 
                61.6  -0.50925 -0.490863  -52.7043  -1.70565 -0.244484 0.0291157 0.0503203 -0.108317  0.104092  0.00122469 -0.00300936 4.24383e-06 -0.0036577  0.0293919  0.0285314 0.000172042 0.000355379 5.61466e-06  -0.0243099   -0.010702 -0.00619983 -0.0328004 -0.0337501   -9.80889 
                61.7 -0.242476  -0.32843  -52.8289  -1.70552 -0.245356 0.0253925 0.0504671  -0.10849  0.103926  0.00122419 -0.00300766 5.82673e-06 -0.00511488   0.0199912   0.0181258 2.14394e-05 0.000253764 7.55211e-05  -0.0244807  -0.0106979 -0.00588718 -0.0328766 -0.0338192   -9.80889 
                61.8 -0.489996 -0.104306  -52.7338   -1.7024 -0.243008 0.0201576  0.050661 -0.108224  0.104107  0.00122771 -0.00300318 1.12907e-05 0.00914152  0.0193256 0.00821378 0.000161878 0.000111876 2.05951e-05   -0.024517  -0.0108454 -0.00553194 -0.0328135  -0.033888   -9.80889 
                61.9 -0.354093 -0.188417  -52.7469  -1.70228 -0.242761 0.0201582 0.0506654 -0.108394  0.103998  0.0012283 -0.0030035 1.2927e-05 0.00608622  0.0198203 0.00864585 8.46572e-05 0.000164469 2.79523e-05   -0.024587  -0.0107944 -0.00549749 -0.0328711 -0.0338985   -9.80889 
                  62 -0.126155 -0.193973  -52.7612  -1.70347 -0.244604  0.010028 0.0505856 -0.108592  0.103877  0.00122995 -0.00301181 2.00109e-05 -0.000616144     0.008153    -0.007948 -4.36056e-05  0.000161445  3.60691e-05  -0.0247044  -0.0107023 -0.00495728 -0.0329676 -0.0339051   -9.80889 
                62.1 -0.0594597   0.149178   -52.7743   -1.70357  -0.247022 0.00471322 0.0506158 -0.108763  0.103787  0.00123429 -0.00301441 2.68625e-05 0.000246625 -0.00534473  -0.0133498 -8.01198e-05 -3.09741e-05  4.27357e-05  -0.0248022  -0.0106664 -0.00474532 -0.0330305 -0.0339321   -9.80889 
                62.2 -0.0934195   0.019622   -52.7882   -1.70189  -0.247228 0.00574449 0.0507621 -0.108715  0.103813   0.0012329 -0.00301278 2.65726e-05  0.00313656 -0.00653551  -0.0113275 -6.08907e-05   3.7234e-05  5.06101e-05  -0.0248244  -0.0107386 -0.00486433  -0.033005 -0.0339736   -9.80889 
                62.3 -0.0350364  -0.296169   -52.8322   -1.69639  -0.249579 0.00843995 0.0513203 -0.108765  0.103814  0.00123395 -0.00300778 1.58796e-05  0.00717211  -0.0065128 -0.00336588 -9.37302e-05  0.000209801  7.58177e-05  -0.0250217  -0.0109473 -0.00505452 -0.0329931 -0.0341527   -9.80889 
                62.4 -0.229193 -0.147789  -52.7405  -1.70026 -0.249652 0.0158983 0.0509605  -0.10893  0.103833  0.00123402 -0.00301025 1.46836e-05 -0.00181017  0.00132177  0.00974406 1.49766e-05 0.000106229 2.32555e-05  -0.0249392  -0.0107225 -0.00544117 -0.0330613 -0.0340266   -9.80889 
                62.5 -0.211296 -0.140388  -52.7504  -1.70261 -0.249281 0.0160685  0.050775 -0.108971  0.103842  0.00123388  -0.0030104 1.38139e-05 -0.00601845  0.00158423  0.00866433  4.9758e-06  0.00010058 2.87849e-05   -0.024891  -0.0106349 -0.00540711 -0.0330822 -0.0339684   -9.80889 
                62.6 -0.351417  -0.15377  -52.7321  -1.69953 -0.247163 0.0171201 0.0510141 -0.108732  0.103897  0.00123381 -0.00300986 1.86665e-05 0.00233934 0.00892855   0.010183 8.38385e-05 0.000107072 1.80308e-05  -0.0248817  -0.0108128 -0.00541534 -0.0329924 -0.0340368   -9.80889 
                62.7 -0.0887489  -0.164746   -52.7939  -1.70108 -0.243243 0.0142436 0.0507515 -0.108466  0.104001  0.00123259 -0.00301174 1.89197e-05 -0.00262686  0.00865614  0.00368528 -6.39875e-05   0.00010787   5.2763e-05  -0.0246869  -0.0108072 -0.00522639 -0.0329095 -0.0339447   -9.80889 
                62.8 -0.00566323   -0.462783    -52.8516   -1.6992 -0.246837 0.0126488 0.0511133 -0.108788  0.103928  0.00123155 -0.00300911  9.5968e-06 -0.00603929  0.00291171  0.00184375 -0.000110098  0.000284287   8.5453e-05  -0.0249416  -0.0108607 -0.00513623 -0.0329987 -0.0340815   -9.80889 
                62.9 -0.0649439 -0.0626122   -52.8456  -1.69966 -0.249885 0.0141867 0.0512081 -0.109025  0.103881  0.00123088 -0.00300855 1.40624e-05 -0.00348852 -0.00893446  0.00473496 -7.7018e-05 5.56336e-05 8.12245e-05  -0.0250716  -0.0108123 -0.00522037 -0.0330784  -0.034121   -9.80888 
                  63 -0.0133218 -0.0503927   -52.7332  -1.69991 -0.250975 0.0108986 0.0511949  -0.10902  0.103879  0.00123224 -0.00300909 1.42372e-05  -0.0040944  -0.0146954 -0.00161553 -0.000105819  4.70962e-05  1.76938e-05  -0.0250625  -0.0108321 -0.00504209 -0.0330675 -0.0341237   -9.80888 
                63.1 -0.129137 -0.321448  -52.7618  -1.70252 -0.250831 0.0159065 0.0510555 -0.108976  0.103893  0.00123408 -0.00301061 1.63254e-05    -0.01162 -0.00659332  0.00691322 -3.9477e-05 0.000194379 3.31187e-05  -0.0250058  -0.0107531 -0.00529234 -0.0330761 -0.0340668   -9.80889 
                63.2 -0.142085  -0.21633  -52.7882  -1.70529 -0.249745 0.0200296 0.0509123 -0.108859  0.103936  0.00123366 -0.00301218 1.60294e-05  -0.0145409 -0.00373263   0.0125892 -3.20412e-05   0.00013142  4.77771e-05  -0.0249191  -0.0107051 -0.00546579 -0.0330576 -0.0340086   -9.80889 
                63.3  -0.293459 -0.0765897   -52.7694  -1.70441 -0.246964 0.0191317 0.0509502 -0.108569  0.103938  0.00123353 -0.00301084 1.91606e-05 -0.0058837 0.00326676 0.00902502 5.34556e-05 5.08061e-05 3.67676e-05  -0.0248085  -0.0108456 -0.00536075 -0.0329459 -0.0340147   -9.80889 
                63.4 -0.0591485  -0.315499   -52.8094  -1.70384 -0.249219 0.0139898 0.0511107 -0.108781  0.103895  0.00123173  -0.0030109 1.77628e-05 -0.00779882 -0.00550651  0.00150949 -8.22193e-05  0.000184873  5.97549e-05  -0.0249232  -0.0108931 -0.00506364  -0.032979 -0.0340864   -9.80889 
                63.5 -0.433883 -0.182358  -52.8888  -1.70217  -0.24822 0.0252179 0.0513199   -0.1085  0.103904  0.00122866 -0.00301991 2.21412e-05 0.00153514  0.0050145  0.0202477 0.000130674  9.9513e-05 0.000103529  -0.0249741  -0.0109767 -0.00561509  -0.032948 -0.0341347   -9.80889 
                63.6 -0.133629 0.0166213  -52.7215  -1.70002 -0.246732 0.0212694 0.0513812 -0.108396  0.103877  0.00123279 -0.00302039 2.11985e-05  0.00582918 -0.00134318   0.0101826 -3.87056e-05 -2.24751e-05  8.74076e-06  -0.0249124  -0.0111032 -0.00532551 -0.0328703 -0.0341595   -9.80889 
                63.7  -0.12503 -0.401492  -52.7452  -1.69625 -0.247912 0.0187025 0.0516843 -0.108482   0.10383  0.00122953 -0.00302111  1.3517e-05  0.00656312 0.000927672  0.00615007 -4.3048e-05 0.000213247 2.28492e-05 -0.0250275 -0.0112456 -0.0051421 -0.0328592 -0.0342689   -9.80889 
                63.8 -0.239419 -0.221471  -52.7744  -1.70257 -0.248149 0.0214144 0.0511499 -0.108671  0.103996     0.00123 -0.00302338 1.25832e-05 -0.00932747  0.00667752     0.00881 2.12807e-05 0.000108179 3.83517e-05  -0.0249282  -0.0109252 -0.00525275 -0.0329619 -0.0340985   -9.80889 
                63.9 -0.338803 -0.112769  -52.7609  -1.70677 -0.249884 0.0186041  0.050884 -0.108993  0.104057  0.00123162 -0.00302287 9.78298e-06 -0.00943355 -0.00229348  0.00381825  7.7312e-05 3.62303e-05 3.02813e-05  -0.0249268  -0.0107329 -0.00507704 -0.0330559 -0.0340267   -9.80889 
                  64 -0.304409 -0.349469  -52.7679  -1.70435 -0.249787 0.0154744  0.051106 -0.108933  0.104012  0.00122873 -0.00302169 8.47253e-06 -0.000996428  -0.00350551  -0.00179466 5.76088e-05 0.000159027 3.45512e-05 -0.0249536 -0.0108873 -0.0048976 -0.0330013 -0.0341011   -9.80889 
                64.1 -0.245252 -0.155049  -52.7697  -1.70221 -0.251367 0.0116276 0.051272 -0.10901 0.103954  0.00122917 -0.00302141  9.6859e-06  0.00492652 -0.00889482 -0.00878923 2.50551e-05 8.80624e-05 3.48302e-05  -0.0250119  -0.0109706 -0.00471743 -0.0329935 -0.0341618   -9.80889 
                64.2 0.269171 0.355193  -52.814    -1.70264   -0.255168 -0.00856879 0.0511001 -0.109485  0.103883  0.00125852 -0.00305042 1.78274e-05 0.000995664  -0.0364361  -0.0377669 -0.000263229  -0.00020253  5.98848e-05   -0.024911  -0.0109493 -0.00375587 -0.0329982 -0.0341303   -9.80889 
                64.3 -0.259625 0.0338323  -52.7805    -1.7037  -0.254133 -0.0031944 0.0509305 -0.109043  0.103888  0.00125634 -0.00305368 2.23045e-05 0.00351531 -0.0228836 -0.0241532 3.73908e-05 -8.5493e-06 4.04455e-05  -0.0247717  -0.0109253 -0.00420188 -0.0329324   -0.03405   -9.80889 
                64.4  -0.149605 0.00725222   -52.7466   -1.70388  -0.253067 0.00211318 0.0508554 -0.108609  0.103873  0.00125781 -0.00305405 2.51764e-05 -0.00147319  -0.0117746  -0.0117613 -2.57642e-05  8.39673e-06  2.12068e-05  -0.0246651  -0.0109472 -0.00459251 -0.0328612 -0.0340038   -9.80889 
                64.5 -0.134204 -0.121659  -52.7619   -1.70025  -0.252472 0.00810318 0.0511083 -0.108179  0.103756  0.00126141 -0.00305373 2.55343e-05   0.00756104    -0.010572 -0.000453079 -3.42248e-05  6.51994e-05  2.99124e-05 -0.0246891  -0.011124 -0.0049539 -0.0327748 -0.0340721   -9.80889 
                64.6 -0.441102 -0.102481  -52.7297  -1.70242 -0.249877 0.0210118 0.0508536 -0.107787  0.103881  0.00126598  -0.0030639 2.91001e-05 0.00883886 0.00356509  0.0191362 0.000138442 5.52703e-05 1.15196e-05  -0.0245728  -0.0109845 -0.00558511 -0.0327629 -0.0339625   -9.80889 
                64.7 -0.211649 -0.155346  -52.7415  -1.70162 -0.247373 0.0194082  0.050758 -0.107676  0.103895  0.00126387 -0.00306407 3.06423e-05 0.00698182 0.00580053  0.0139676 8.36006e-06  8.2185e-05 1.85481e-05  -0.0244428  -0.0110387 -0.00540877  -0.032694 -0.0339287   -9.80889 
                64.8 -0.298522 -0.131268  -52.7768  -1.70149 -0.246416 0.0180499 0.0506669 -0.107725  0.103914  0.00126321 -0.00306391 3.09969e-05 0.00814015 0.00617361 0.00932887 5.88817e-05 7.24167e-05 3.80393e-05  -0.0243915  -0.0110177 -0.00527116  -0.032689 -0.0339007   -9.80889 
                64.9 -0.154241 -0.218311  -52.7626  -1.70107 -0.248314 0.0150689 0.0507019 -0.107966  0.103903  0.00126225 -0.00306491 3.12436e-05  0.00472527 0.000273151  0.00413507 -2.28077e-05  0.000124443  3.01222e-05  -0.0244681  -0.0109849 -0.00508308 -0.0327414  -0.033923   -9.80889 
                  65  0.0597755 -0.0362452   -52.7756   -1.70066  -0.248361 0.00421679 0.0505816 -0.108093  0.103875  0.00126372 -0.00307306 3.06064e-05 0.00601245 -0.0147933 -0.0139202 -0.000142334  2.11669e-05  3.70802e-05  -0.0243567  -0.0110311 -0.00453967 -0.0326994 -0.0338952   -9.80889 
                65.1  -0.167652 -0.0960368    -52.699   -1.70257  -0.249694 0.00467509  0.050441 -0.108169  0.103917  0.00126349 -0.00307287 3.01833e-05 0.000179357  -0.0103444  -0.0113882 -1.34738e-05  7.91283e-05 -6.23234e-06  -0.0243401  -0.0109131 -0.00462476 -0.0327421 -0.0338466   -9.80889 
                65.2 -0.131218  -0.19383   -52.662   -1.69894  -0.242174 0.00683559 0.0504591 -0.107422   0.10388  0.00126487 -0.00307152 3.23736e-05  0.00519362  0.00640066 -0.00632493  -3.4545e-05  0.000136877 -2.67893e-05 -0.0240661 -0.0112034 -0.0047697 -0.0325024 -0.0338309   -9.80889 
                65.3 -0.188636 -0.291523  -52.7253   -1.69991  -0.244903 0.00833858 0.0505024 -0.107672  0.103893  0.00126715 -0.00307141 2.96067e-05 0.000762801  0.00272215 -0.00352576 -4.67942e-06  0.000196748   8.1472e-06  -0.0242117  -0.0110826 -0.00488043 -0.0326073 -0.0338495   -9.80889 
                65.4 -0.291915 -0.278802  -52.6971  -1.70153 -0.243615 0.0212231 0.0504725 -0.107444  0.103941  0.00127023 -0.00307782 2.91488e-05 -0.000452696   0.00887976     0.016315  5.56638e-05  0.000189159 -8.26635e-06  -0.0242154  -0.0109866 -0.00554273 -0.0326276 -0.0338145   -9.80889 
                65.5    -0.5892 -0.0775739   -52.7588  -1.70632 -0.245717 0.0243332 0.0502186 -0.107815   0.10405  0.00127331 -0.00308003 1.55821e-05 -0.000741005   0.00754254    0.0190976  0.00022506 7.73946e-05  2.5542e-05   -0.024266  -0.0106891 -0.00561629 -0.0327747 -0.0337339   -9.80889 
                65.6 -0.563738 -0.597997  -52.7463  -1.70611 -0.245432 0.0348197 0.0503981 -0.107769  0.103933  0.00128136 -0.00308473 1.30848e-05 -0.0047961  0.0225658  0.0327122 0.000209425 0.000361356  2.0954e-05  -0.0243971  -0.0106767 -0.00603826 -0.0328154 -0.0337803   -9.80889 
                65.7 -0.0860819  -0.252288   -52.8477  -1.70838 -0.248628 0.0142547 0.0502193 -0.108479  0.103904  0.00128795 -0.00310347 2.66115e-05  -0.0113226  -8.886e-05 -0.00355627 -5.8971e-05  0.00015399 7.57522e-05  -0.0244107  -0.0105884 -0.00487541 -0.0328994 -0.0337695   -9.80889 
                65.8 -0.192671 -0.200733   -52.816  -1.70707  -0.24934 0.0114596 0.0503733 -0.108493  0.103834  0.00128858  -0.0031037 2.75484e-05 -0.00614453 -0.00215127 -0.00761319  1.3177e-06 0.000124746 5.75506e-05  -0.0244723   -0.010683 -0.00475492 -0.0328855 -0.0338281   -9.80889 
                65.9 -0.0317318  -0.136366   -52.7382   -1.70321  -0.248138 0.00676558 0.0505948  -0.10828  0.103755  0.00129102 -0.00310624   2.168e-05 0.000210269 -0.00469537  -0.0144742 -8.97524e-05   8.9747e-05  1.34815e-05  -0.0244622  -0.0109288 -0.00455788 -0.0327817 -0.0339087   -9.80889 
                  66 -0.212818 -0.145639  -52.7243   -1.70184  -0.250062 0.00851455 0.0507582 -0.108321  0.103724  0.00129028 -0.00310637 2.37743e-05  0.00392108 -0.00488913 -0.00941671  1.2326e-05  9.3434e-05 5.74554e-06  -0.0245802   -0.010946 -0.00471847 -0.0328126 -0.0339601   -9.80889 
                66.1 -0.195382 -0.243655   -52.735  -1.70172 -0.249279 0.0139221 0.0507647 -0.108165  0.103729  0.00129065 -0.00310651 2.51612e-05  0.00190425 0.000739932  0.00104378 2.33377e-06 0.000151803 1.10109e-05  -0.0245629  -0.0109435 -0.00503462 -0.0327966 -0.0339461   -9.80889 
                66.2 -0.262249 -0.346145  -52.9437  -1.70059 -0.252497 0.0218773 0.0510008 -0.108293  0.103689  0.00129423 -0.00310365  2.2343e-05  0.00324284 0.000133247   0.0138332 3.99892e-05 0.000219392 0.000129312  -0.0247964  -0.0109083 -0.00543105 -0.0328866  -0.034021   -9.80889 
                66.3 -0.275034 -0.534307  -52.9048  -1.69768  -0.25492 0.0210177 0.0512701 -0.108438  0.103633  0.00129205 -0.00310135 1.50508e-05 0.00418302   0.001531  0.0115338 4.68827e-05 0.000322775 0.000107495   -0.024967  -0.0109916 -0.00531706 -0.0329174 -0.0341211   -9.80889 
                66.4 -0.408006 -0.460163  -52.7104  -1.70068 -0.252398 0.0229238 0.0509447 -0.108404  0.103722   0.0012908 -0.00309914 1.37077e-05 -0.00169819    0.012702   0.0120002   0.00012189  0.000274448 -3.15865e-06  -0.0248108   -0.010865 -0.00534895 -0.0329144 -0.0340135   -9.80889 
                66.5 -0.274554 -0.328711  -52.7441  -1.69919 -0.249709 0.0225996 0.0510074 -0.108255  0.103713  0.00129124  -0.0030985 1.32788e-05 0.00101943  0.0154941 0.00910655  4.6247e-05 0.000185412 1.55994e-05  -0.0247608   -0.010972 -0.00527444 -0.0328517 -0.0340313   -9.80889 
                66.6 -0.380401 -0.140539  -52.7507  -1.70167 -0.247371  0.015986 0.0507102 -0.108322  0.103754  0.00129658 -0.00309666  8.0458e-06 -0.000120405    0.0153883  -0.00188175 0.000106128 6.81198e-05 1.86873e-05  -0.0246073  -0.0108758 -0.00489502 -0.0328454 -0.0339451   -9.80889 
                66.7  -0.611327 -0.0853463   -52.8221 -1.70312 -0.24387 0.024348 0.0505712 -0.108191  0.103774  0.00129072   -0.003104 4.08488e-06 0.00486836  0.0254431   0.011185 0.000237016 4.01713e-05 5.81744e-05  -0.0245511   -0.010789 -0.00531177 -0.0328497 -0.0338813   -9.80889 
                66.8 -0.228496 -0.318935  -52.7779  -1.70288 -0.245284 0.0191414 0.0506668 -0.108502  0.103748   0.0012895 -0.00310833 5.36927e-06 0.00144499  0.0147728 0.00325293 2.05584e-05 0.000185091 3.41558e-05  -0.0246886   -0.010755 -0.00500428 -0.0329231 -0.0339341   -9.80889 
                66.9 -0.401397 -0.423222  -52.8831  -1.70133 -0.248382 0.0214653 0.0509318 -0.108813   0.10369   0.00129156  -0.00310468 -3.15105e-07  0.0042447  0.0121713 0.00813423 0.000116338 0.000246565 9.32338e-05  -0.0249605  -0.0107278 -0.00511105 -0.0330328 -0.0340318   -9.80889 
                  67 -0.200999 -0.257438  -52.7692   -1.7037 -0.248326 0.0232121 0.0507849 -0.108935  0.103722  0.00129057 -0.00310369  3.2008e-06 -0.00343055    0.010994  0.00876778  3.1006e-06 0.000162916 2.78754e-05 -0.0249625 -0.0105954 -0.0051714 -0.0330878 -0.0339865   -9.80889 
                67.1 -0.0846268  0.0449416   -52.8032  -1.70581 -0.251184 0.0145598 0.0506847 -0.109296  0.103704  0.00129833  -0.0031097 1.02036e-05 -0.00581726 -0.00361714 -0.00605963 -6.23989e-05 -3.67499e-06  4.61632e-05  -0.0250073  -0.0104848 -0.00471817 -0.0331668 -0.0339799   -9.80889 
                67.2 -0.298854 -0.164681  -52.8648   -1.7072 -0.248639 0.0126586 0.0505449 -0.109151  0.103731  0.00129691 -0.00311027  1.1688e-05 -0.00661091  0.00403899 -0.00958539 5.87583e-05 0.000124867 8.04063e-05  -0.0248706  -0.0104937 -0.00464392 -0.0331151 -0.0339298   -9.80889 
                67.3 -0.270296  0.125007  -52.8023   -1.70858  -0.247988 0.00504186   0.05039 -0.109172  0.103756   0.0013004 -0.00311005 9.17939e-06 -0.00321916  -0.0026511  -0.0188825  4.11428e-05 -3.13924e-05  4.41698e-05  -0.0247705  -0.0104788 -0.00432046 -0.0330959 -0.0338915   -9.80889 
                67.4   -0.28758 -0.0881868   -52.8146   -1.70587  -0.245577 0.00714554 0.0505528 -0.108893  0.103751  0.00130057 -0.00311003 1.12155e-05  0.0043362 0.00367051 -0.0137383 5.03712e-05 8.84198e-05 5.14016e-05  -0.0247503  -0.0106446 -0.00450606 -0.0330129 -0.0339335   -9.80889 
                67.5 -0.0735048  -0.236409   -52.9817    -1.70238    -0.25108 0.000432377 0.0509302 -0.109252  0.103655  0.00129774 -0.00310587 5.14866e-07 0.00688058 -0.0118258 -0.0206613 -7.00225e-05  0.000171715  0.000145097  -0.0250516  -0.0107165 -0.00424545 -0.0331004 -0.0340813   -9.80888 
                67.6 0.0411385 -0.370277  -52.7906   -1.70087  -0.250379 0.00182003 0.0510065 -0.109063  0.103658    0.0013014  -0.00310304 -5.44137e-07 0.000908203 -0.00491838  -0.0146531 -0.00013127 0.000241397 3.52179e-05  -0.0250252  -0.0107956 -0.00441254 -0.0330519 -0.0340945   -9.80889 
                67.7 -0.0243001  -0.252133     -52.79   -1.70004   -0.25157 0.00865283 0.0511421 -0.108983  0.103671   0.00130392  -0.00310213 -3.70298e-07 0.000803027 -0.00540099 -0.00192346 -9.41857e-05  0.000178976  3.50229e-05  -0.0251158  -0.0107999 -0.00482926 -0.0330689 -0.0341269   -9.80888 
                67.8 -0.241105 -0.104552  -52.7596  -1.70069  -0.24965 0.0141346 0.0510422 -0.108785  0.103718   0.00130245  -0.00310486 -9.46158e-07  0.00333513 -5.1412e-06  0.00593294 2.78986e-05 9.68249e-05 1.76556e-05  -0.0250217  -0.0107803 -0.00510456 -0.0330348 -0.0340802   -9.80889 
                67.9 -0.452258 -0.199572  -52.7931  -1.70793 -0.249205 0.0242199 0.0505872 -0.108904   0.10383  0.00130374 -0.00311488 -1.3894e-05 -0.00526687  0.00831908   0.0200623 0.000146376 0.000148307 3.65915e-05  -0.0249233  -0.0104032 -0.00555591 -0.0331429  -0.033915   -9.80889 
                  68 -0.463364 -0.143408  -52.8213  -1.70861 -0.248196 0.0331224 0.0506133 -0.108816  0.103827   0.00130304  -0.00311961 -1.47312e-05 -0.00125208   0.0112296   0.0301098 0.000153976 0.000109217 5.17925e-05  -0.0249525  -0.0103741 -0.00589967 -0.0331556 -0.0339134   -9.80889 
                68.1 -0.389015 -0.257773  -52.8037  -1.70559  -0.24865 0.0251257 0.0507942 -0.108987  0.103765   0.00129986   -0.0031166 -1.51957e-05 0.00483735 0.00773747  0.0143049 0.000109809 0.000179349 4.09612e-05  -0.0250277  -0.0105165 -0.00535202 -0.0331388 -0.0339943   -9.80889 
                68.2 -0.260402 -0.311944  -52.8056  -1.70452 -0.249745 0.0192388  0.050847 -0.109188  0.103738  0.00129783 -0.00311817 -1.5286e-05 0.00456701 0.00357518 0.00233671 3.73258e-05 0.000211819 4.12916e-05  -0.0250801  -0.0105365 -0.00499565 -0.0331594 -0.0340259   -9.80888 
                68.3 -0.161402 -0.302446  -52.8173  -1.70366  -0.24911 0.0211559  0.050888 -0.109128  0.103727   0.00129792  -0.00311716 -1.61645e-05 0.00255388 0.00471563  0.0049115 -1.8427e-05 0.000203817 4.75617e-05  -0.0250896  -0.0105641 -0.00507985 -0.0331488 -0.0340369   -9.80888 
                68.4 0.00625718   0.165505   -52.7488   -1.70202  -0.250374 0.00596857 0.0508653 -0.109361    0.1036   0.00131439   -0.0031289 -1.29086e-05 0.00603203 -0.0111282 -0.0184719 -0.000112863  -5.8317e-05  8.69144e-06  -0.0250419  -0.0106416 -0.00431777 -0.0331258 -0.0340526   -9.80888 
                68.5 -0.294335 -0.142771  -52.7414  -1.70002 -0.251428 0.0063445 0.0509665 -0.109331  0.103567    0.0013132  -0.00312808 -1.19797e-05   0.0100813 -0.00636445  -0.0155672 5.88023e-05 0.000117906 4.58943e-06  -0.0251046  -0.0106808 -0.00441804 -0.0331282 -0.0340867   -9.80888 
                68.6  -0.211293 -0.0426605   -52.8534  -1.70436 -0.249344 0.0122616 0.0505723 -0.109167  0.103666   0.00131307   -0.0031327 -1.34182e-05  0.00239154  -0.0021797 -0.00467197 1.16957e-05 6.82374e-05 6.74881e-05  -0.0249019  -0.0104713 -0.00478542 -0.0331321 -0.0339387   -9.80889 
                68.7 -0.313454  -0.18855  -52.7684  -1.70302 -0.249808 0.0156691 0.0506767 -0.109119  0.103639   0.00131432  -0.00313349 -1.34593e-05  0.00543868 0.000846623  0.00149335 6.85939e-05 0.000157755 1.99829e-05  -0.0249672  -0.0104985 -0.00497406 -0.0331374 -0.0339694   -9.80889 
                68.8 -0.264011  -0.31525  -52.7906  -1.70257 -0.250263 0.0198883 0.0507297 -0.109109  0.103622   0.00131688  -0.00313363 -1.42062e-05 0.00351717  0.0042103 0.00773279 4.16378e-05 0.000232411 3.24499e-05  -0.0250283  -0.0104791 -0.00517491 -0.0331599 -0.0339841   -9.80889 
                68.9  -0.23155 0.0106213  -52.8186  -1.70849 -0.250991 0.0165719 0.0502982 -0.109378  0.103731   0.00131915  -0.00313576 -1.73622e-05 -0.00487228 -0.00382533  0.00296578 2.35772e-05 3.98141e-05 4.72679e-05   -0.02489 -0.0101831 -0.0049823 -0.0332386 -0.0338451   -9.80889 
                  69 -0.0149203  -0.267738   -52.8248  -1.70424 -0.249472 0.0125915 0.0505544 -0.109176  0.103685   0.00131512   -0.0031371 -2.53392e-05 -0.00324749 0.000229532 -0.00247435 -9.84935e-05  0.000192751  5.04209e-05  -0.0249031  -0.0104658 -0.00476971 -0.0331356  -0.033936   -9.80889 
                69.1 -0.200366 -0.177183   -52.762  -1.70377 -0.250461 0.0104962 0.0505871 -0.109236  0.103673   0.00131511  -0.00313703 -2.50891e-05  0.00169164 -0.00462843 -0.00546986 4.86063e-06  0.00013701 1.52419e-05  -0.0249357  -0.0104708 -0.00468923 -0.0331466 -0.0339505   -9.80889 
                69.2 0.0472719 -0.250999  -52.8342   -1.70288  -0.250808 0.00805446 0.0506436 -0.109204  0.103653   0.00131429  -0.00313748 -2.61423e-05 -0.00425306 -0.00546134 -0.00912907 -0.000133232  0.000194888  5.55366e-05  -0.0249379  -0.0105359 -0.00460082 -0.0331237 -0.0339714   -9.80889 
                69.3 -0.189384 0.0390269  -52.7829   -1.70693  -0.251313 0.00867045 0.0503758 -0.109268  0.103727     0.001313  -0.00313875 -3.20358e-05 -0.00258103  -0.0131453 -0.00726909  2.0955e-07 3.13603e-05 2.67523e-05  -0.0248409  -0.0103567 -0.00467859 -0.0331613  -0.033881   -9.80889 
                69.4  -0.377566 -0.0285034   -52.7578  -1.70395 -0.251823 0.0145696 0.0505844 -0.109069  0.103686   0.00131142  -0.00314393 -2.69253e-05 0.00722615 -0.0084417 0.00181767 0.000106147 5.45029e-05 1.27323e-05  -0.0249067  -0.0104766 -0.00500584 -0.0331268 -0.0339385   -9.80889 
                69.5 -0.265527 -0.121156  -52.7697  -1.70274  -0.24988 0.0148608   0.05054 -0.108872  0.103684   0.00131114  -0.00314387 -2.52855e-05  0.00724489 -0.00205793  0.00205926 4.30334e-05 0.000111553 1.98747e-05  -0.0247947  -0.0105518 -0.00500805 -0.0330601 -0.0339182   -9.80889 
                69.6 -0.499956 -0.523951  -52.7215  -1.70174  -0.24939 0.0287788 0.0506766 -0.108661  0.103636   0.00132597   -0.0031544 -2.59472e-05 0.0102213 0.0116658 0.0239849  0.000174683  0.000340282 -5.84694e-06  -0.0248969  -0.0105259 -0.00567966 -0.0330839 -0.0339417   -9.80889 
                69.7 -0.228609 -0.318117   -52.845  -1.70214 -0.250201 0.0233767  0.050589 -0.108924  0.103682   0.00132527  -0.00315511 -2.26695e-05 0.00454677 0.00618176  0.0116913 2.11876e-05   0.0002172 6.33098e-05  -0.0248874  -0.0104563 -0.00530657 -0.0331192 -0.0339228   -9.80889 
                69.8 -0.473313 -0.115016  -52.7522  -1.69958 -0.246705 0.0187926  0.050545 -0.108807   0.10361    0.0013276  -0.00315186 -2.18692e-05  0.0136833  0.0127903 0.00289889 0.000160375 0.000104903  1.0037e-05  -0.0247506  -0.0105899 -0.00501704 -0.0330332 -0.0339133   -9.80889 
                69.9 -0.338626 -0.196927  -52.7657  -1.69998 -0.245355 0.0189872 0.0504325 -0.108842   0.10367   0.00132775  -0.00315214 -2.14091e-05  0.00981896    0.015673 0.000988361 8.40744e-05 0.000153594 1.79562e-05  -0.0247036  -0.0105136 -0.00501777 -0.0330479 -0.0338745   -9.80889 
                  70 -0.112143 -0.198831  -52.7831    -1.7018  -0.247576 0.00909351  0.050313 -0.109301  0.103732   0.00132998   -0.0031598 -1.32629e-05  0.00344472 0.000927448   -0.015419 -4.36903e-05  0.000163683  2.75584e-05  -0.0247409  -0.0103572 -0.00452331 -0.033137 -0.033853  -9.80889 
                70.1 -0.054188  0.144351  -52.7935   -1.70225  -0.249146 0.00378362 0.0502584 -0.109447  0.103727   0.00133349  -0.00316241 -1.06448e-05 0.00487195 -0.0114172  -0.020621 -7.58912e-05 -1.36318e-05  3.29777e-05 -0.0247416 -0.0103048 -0.0043409 -0.0331638 -0.0338414   -9.80889 
                70.2 -0.0834781  0.0106674   -52.8098   -1.70049  -0.249064 0.00459666 0.0502981 -0.109283  0.103721   0.00133182  -0.00316122 -1.15004e-05  0.0118385 -0.0178263 -0.0176499 -5.93838e-05  5.51233e-05  4.23866e-05  -0.0247182  -0.0103776 -0.00447875  -0.033124 -0.0338506   -9.80889 
                70.3 -0.0227471  -0.299296   -52.8536   -1.69476  -0.251607 0.00727342 0.0506469 -0.109132  0.103636   0.00133317  -0.00315709 -1.97296e-05  0.0173947 -0.0201491  -0.011844 -9.55072e-05  0.000225879  6.72308e-05  -0.0249048  -0.0105738 -0.00469612 -0.0330994 -0.0339688   -9.80889 
                70.4 -0.219474 -0.142901  -52.7616  -1.69843 -0.251924 0.0143672 0.0503232  -0.10905  0.103858    0.0013329  -0.00315896 -2.08193e-05   0.0102494  -0.0145751 0.000185373 1.55928e-05 0.000137883 1.48716e-05  -0.0247612  -0.0103238 -0.00509573 -0.0331366 -0.0338421   -9.80889 
                70.5 -0.201303 -0.141664  -52.7717  -1.70029 -0.252096 0.0146168 0.0501161 -0.109052  0.103966   0.00133265  -0.00315905 -2.13952e-05     0.006332   -0.0144999 -0.000124207 4.43464e-06 0.000143702 1.99377e-05   -0.024635  -0.0102171 -0.00510164 -0.0331384 -0.0337675   -9.80889 
                70.6 -0.335707 -0.151613  -52.7635   -1.6971 -0.250033 0.0155502 0.0501525 -0.108769  0.103804   0.00133239  -0.00315944 -1.62701e-05    0.0131684  -0.00526909 -0.000877263 8.07786e-05 0.000150231 1.54672e-05  -0.0245428  -0.0103863 -0.00513876 -0.0330447 -0.0337789   -9.80889 
                70.7 -0.0660048  -0.165188    -52.811  -1.69871 -0.246626 0.0123768 0.0498588 -0.108682  0.103868   0.00133139  -0.00316153 -1.54217e-05   0.00282199 -0.000750238  -0.00604622 -7.2409e-05 0.000176154 4.23748e-05  -0.0242664  -0.0103629 -0.00498208 -0.0329761 -0.0336766   -9.80889 
                70.8 0.0176431  -0.47138  -52.8727  -1.69723  -0.24948 0.0107931 0.0500526 -0.108835  0.103851   0.00133069  -0.00315992 -2.17133e-05  -0.0016241 -0.00460452 -0.00805299 -0.000118995   0.00034339  7.75582e-05  -0.0244461  -0.0103864 -0.00493544  -0.033023 -0.0337483   -9.80889 
                70.9 -0.0546263 -0.0594283   -52.8703  -1.69809 -0.252676 0.0123612 0.0500872 -0.108919  0.103947   0.00132927  -0.00315983 -1.88609e-05 0.000957798  -0.0172312 -0.00505805 -8.05998e-05  9.98532e-05  7.53132e-05  -0.0245436  -0.0102914 -0.00506263 -0.0330828 -0.0337557   -9.80889 
                  71 0.00253252  -0.055442   -52.7567   -1.69847  -0.253086 0.00911753 0.0499914 -0.108916  0.103945   0.00133016  -0.00315974 -2.03756e-05 -0.000865559    -0.019753  -0.00876414 -0.000112771  8.80211e-05   1.0574e-05  -0.0244442  -0.0103138 -0.00492399 -0.0330499 -0.0337284   -9.80889 
                71.1   0.436567 0.00440269   -52.8396   -1.70071  -0.255225 0.00316481 0.0498483 -0.109053   0.10397   0.00133237  -0.00316519 -1.91611e-05 -0.0126688 -0.0336909 -0.0173533 -0.000358706  4.70298e-05  5.78725e-05  -0.0243405  -0.0102747 -0.00467995 -0.0330418 -0.0336854   -9.80889 
                71.2 -0.0394484  -0.113362    -52.816   -1.70424  -0.253571 0.00967494 0.0496493 -0.108675   0.10405   0.00133254  -0.00317019 -1.27091e-05  -0.0136628  -0.0241254 -0.00592441 -8.92996e-05   8.2834e-05  4.38698e-05  -0.0241342  -0.0102313 -0.00507195 -0.0329847 -0.0335952   -9.80889 
                71.3  -0.224384 -0.0321152   -52.7989   -1.7037 -0.251118 0.0104545 0.0496036 -0.108317  0.103976   0.00133215  -0.00317211 -3.53594e-06  -0.0071955  -0.0155807 -0.00462958 1.59505e-05  3.7679e-05 3.40328e-05  -0.0239585  -0.0104004 -0.00513303 -0.0328677 -0.0335767   -9.80889 
                71.4 -0.0179166  -0.260979   -52.8359   -1.70359  -0.253329 0.00785348 0.0496758 -0.108374  0.103931  0.00133089 -0.00317131 -4.3345e-06  -0.0130083  -0.0157158 -0.00814734 -0.000101967  0.000174322  5.47239e-05 -0.0240044 -0.0104544 -0.0050251  -0.032864 -0.0336084   -9.80889 
                71.5 -0.430582 -0.148072  -52.9103  -1.70237 -0.251081 0.0208643 0.0498091 -0.107736  0.103871  0.00132962 -0.00318962 5.33675e-06 0.000572081 -0.00533525   0.0121037 0.000131394 0.000114405 9.64371e-05  -0.0239878  -0.0105832 -0.00570497  -0.032793 -0.0336285   -9.80889 
                71.6 -0.114014  0.036546  -52.7472  -1.70018 -0.248793 0.0182974 0.0497921 -0.107578  0.103794  0.00133203 -0.00318796 4.02449e-06  0.00318128 -0.00657934   0.0059526 -4.78087e-05  2.17439e-05  3.63393e-06  -0.0238636  -0.0107626 -0.00551263 -0.0326942 -0.0336326   -9.80889 
                71.7 -0.042307 -0.369843  -52.7514  -1.69548 -0.250525 0.0142474  0.050045 -0.107648  0.103657   0.00132834   -0.0031901 -6.52382e-06  0.00690128 -0.00866646 -0.00213315 -8.77322e-05  0.000245981  6.66085e-06  -0.0240071  -0.0109669 -0.00527651 -0.0326672 -0.0337381   -9.80889 
                71.8 -0.218932 -0.190635  -52.7996  -1.70219 -0.250124 0.0176407 0.0496244 -0.107703  0.103934   0.00132868  -0.00319325 -8.27969e-06 -0.00429638 -0.00645584  0.00260911 9.90911e-06 0.000146265 3.31175e-05  -0.0238024   -0.010637 -0.00545357 -0.0327239 -0.0335791   -9.80889 
                71.9 -0.21555 0.114034 -52.8141  -1.70578 -0.251793 0.0132099 0.0493989 -0.107936  0.104051   0.00133242  -0.00319335 -1.11776e-05 -0.00465187  -0.0162921 -0.00394245  8.16742e-06 -4.02234e-05  4.05017e-05   -0.023713  -0.0104771 -0.00522591 -0.0327619 -0.0335079   -9.80889 
                  72 -0.237274  -0.28935  -52.8056  -1.70477 -0.251357 0.0102265 0.0494239 -0.107864  0.104011   0.00132864  -0.00319285 -1.02228e-05 -0.00282335  -0.0115219 -0.00903109 2.01376e-05 0.000180086 3.67174e-05  -0.0236659  -0.0105951 -0.00508261 -0.0327082  -0.033523   -9.80889 
                72.1 -0.216092 -0.136861  -52.7974   -1.70248  -0.252619 0.00815406 0.0495481 -0.107817  0.103922   0.00132802  -0.00319239 -1.02731e-05 0.00511612 -0.0162989  -0.011614 6.54684e-06 7.68161e-05 3.15946e-05  -0.0237102  -0.0107116 -0.00502532 -0.0326798 -0.0335687   -9.80889 
                72.2 0.279397 0.374544 -52.8372   -1.70281  -0.256169 -0.0103465  0.049357 -0.108264  0.103896    0.0013512  -0.00321666 -5.81062e-06 0.00165712 -0.0415362 -0.0390832 -0.000273391 -0.000210824  5.43284e-05  -0.0235834   -0.010709 -0.00416333 -0.0326675 -0.0335301   -9.80889 
                72.3 -0.253827 0.0437933   -52.806    -1.70369   -0.255019 -0.00426087  0.049237 -0.107804  0.103874   0.00135029  -0.00322079 -1.22131e-07 0.00576726 -0.0284669 -0.0244761  2.84208e-05 -1.64207e-05  3.58499e-05  -0.0234138   -0.010714 -0.00464878 -0.0326021 -0.0334675   -9.80889 
                72.4  -0.139242 0.00867427   -52.7721   -1.70364  -0.253841 0.00145859  0.049175 -0.107367  0.103832  0.00135262 -0.00322093 3.10105e-06 0.00678795 -0.0241575 -0.0119843 -3.67939e-05   4.6836e-06  1.65491e-05  -0.0232761  -0.0107624 -0.00505936 -0.0325323 -0.0334291   -9.80889 
                72.5 -0.127898 -0.117687  -52.7847   -1.69962  -0.253854 0.00770469 0.0493694 -0.106949   0.10367  0.00135659 -0.00322065 3.13598e-06   0.0113136  -0.0181702 -0.00061193 -4.3425e-05 6.86321e-05 2.39568e-05  -0.0233109  -0.0109527 -0.00543218 -0.0324614 -0.0334862   -9.80889 
                72.6 -0.450307 -0.111154  -52.7496  -1.70157 -0.250882 0.0210989 0.0491619  -0.10647  0.103796  0.00136174 -0.00323101 8.15847e-06   0.0149332 -0.00422779   0.0192102 0.000139165  5.7842e-05 4.08277e-06  -0.023132 -0.0108276 -0.0060866 -0.0324326 -0.0333899   -9.80889 
                72.7 -0.210788 -0.172017  -52.7657  -1.70059 -0.248687 0.0196787 0.0490411  -0.10641  0.103792  0.00135966  -0.0032314 1.00894e-05   0.0152253 -0.00492542   0.0146423 4.32518e-07 8.25824e-05  1.2982e-05  -0.0229715  -0.0108825 -0.00591616 -0.0323737 -0.0333498   -9.80889 
                72.8 -0.302194 -0.138036  -52.7971   -1.7002 -0.247895 0.0185662 0.0489296 -0.106457  0.103827  0.00135905 -0.00323156 1.05474e-05   0.0146947 -0.00111805   0.0110149 5.22974e-05 6.81637e-05 3.06262e-05  -0.0228779  -0.0108581 -0.00578521 -0.0323613 -0.0333128   -9.80889 
                72.9 -0.150043 -0.233998  -52.7829  -1.69954 -0.249382 0.0155718 0.0489001 -0.106646  0.103867  0.00135784 -0.00323301 1.15625e-05   0.0121854 -0.00712619   0.0036507 -3.39724e-05  0.000118794  2.27836e-05  -0.0228883  -0.0108213 -0.00558977 -0.0323849 -0.0333088   -9.80889 
                  73  0.101044 0.0978825   -52.833   -1.69911  -0.249632 0.00304038 0.0487261 -0.106937  0.103807  0.00136456 -0.00324491 8.97865e-06 0.00902829 -0.0191178  -0.013169 -0.000176277 -6.53409e-05  5.09778e-05  -0.0226996  -0.0108614 -0.00495958 -0.0323442 -0.0332601   -9.80889 
                73.1  -0.157298 -0.0952768   -52.7225    -1.7011  -0.250988 0.00416366  0.04857 -0.10694 0.103924  0.00136379 -0.00324392 9.04666e-06  0.0068345 -0.0196898 -0.0080134 -3.37282e-05  3.97894e-05 -9.58243e-06  -0.0226354  -0.0107236 -0.00506707 -0.0323712 -0.0332039   -9.80889 
                73.2 -0.130306 -0.183781  -52.6714   -1.69681  -0.242893 0.00733734 0.0485907 -0.106205  0.103655  0.00136718 -0.00324226  1.2811e-05  0.00970693  0.00324953 -0.00331418 -4.72147e-05  0.000100461 -3.80661e-05  -0.0223338  -0.0110666 -0.00524702 -0.0321574 -0.0331839   -9.80889 
                73.3 -0.281927 -0.311515  -52.7443   -1.6987 -0.244784 0.0127213 0.0485157  -0.10625  0.103797  0.00137129  -0.0032448 9.44616e-06 0.00474246 0.00398063 0.00550809 3.76704e-05 0.000163689 2.97013e-06  -0.022419 -0.0108778 -0.0055326 -0.0322374 -0.0331625   -9.80889 
                73.4 -0.318756 -0.319717  -52.7094  -1.70031 -0.243358 0.0250407 0.0484593 -0.105942  0.103868   0.0013753 -0.00325011 9.29629e-06 0.0023219 0.0132785 0.0241974  5.78546e-05  0.000169756 -1.65593e-05   -0.022415  -0.0107766 -0.00611902 -0.0322516   -0.03313   -9.80889 
                73.5 -0.396987 -0.157887  -52.7607  -1.70295 -0.246409 0.0221855 0.0483295 -0.106373  0.103984  0.00137935 -0.00324729  6.8394e-06 -8.12187e-05   0.00406297    0.0173933 0.000102604 7.62009e-05 1.12416e-05   -0.022493  -0.0105673 -0.00586251 -0.0323561 -0.0331078   -9.80889 
                73.6 -0.515981 -0.675362  -52.7925  -1.70319 -0.246443 0.0343228 0.0484414 -0.106262  0.103924  0.00138993 -0.00325246 3.46385e-06 -0.0034372  0.0198462  0.0328298 0.000168311 0.000388165 3.06224e-05  -0.0226382  -0.0105163 -0.00636693 -0.0323992 -0.0331374   -9.80889 
                73.7 -0.0684235  -0.268241   -52.8645  -1.70654 -0.249354 0.0141068 0.0482168 -0.106956  0.103934  0.00139976  -0.0032697 1.75407e-05   -0.0134478 -0.000249493  -0.00152778 -8.16621e-05  0.000170816  6.94636e-05   -0.022591  -0.0103728 -0.00523103 -0.0324686 -0.0331014   -9.80889 
                73.8 -0.165322 -0.191722  -52.8531  -1.70662 -0.249202 0.0110374 0.0482574  -0.10696    0.1039  0.00140086 -0.00327045 1.73966e-05   -0.0112182 -0.000347182  -0.00486207 -2.78983e-05  0.000124236  6.28143e-05   -0.022586  -0.0104318 -0.00508961   -0.03245 -0.0331162   -9.80889 
                73.9 -0.0268442  -0.134433   -52.7594   -1.70357  -0.247612 0.00677946 0.0484577 -0.106805  0.103858  0.00140397 -0.00327263 1.30209e-05  -0.0082657  0.00136815 -0.00920345 -0.000105302  0.000107565  1.02242e-05   -0.022588  -0.0106685 -0.00490732 -0.0323705 -0.0331766   -9.80889 
                  74 -0.211791 -0.143706  -52.7514     -1.703  -0.249056 0.00887653 0.0485919 -0.106868  0.103839  0.00140288 -0.00327324 1.55674e-05  -0.0040769 -0.00041018 -0.00473547 -2.53849e-06  0.000106411  5.79639e-06  -0.0227176  -0.0106825 -0.00506529 -0.0323985 -0.0332206   -9.80889 
                74.1 -0.201322 -0.242198  -52.7602  -1.70321 -0.248058 0.0145049 0.0486301 -0.106796  0.103846  0.00140298 -0.00327382 1.68523e-05 -0.00460595  0.00456074  0.00534156 -7.82902e-06  0.000154988  1.01422e-05  -0.0227209  -0.0107014 -0.00537021 -0.0323894 -0.0332224   -9.80889 
                74.2 -0.268236 -0.346641  -52.9676  -1.70203 -0.251172 0.0225376 0.0488449 -0.107003  0.103784  0.00140555 -0.00327062 1.35318e-05 -0.00367613  0.00576606   0.0187566 2.94958e-05  0.00020504 0.000125812  -0.0229705  -0.0106857 -0.00574738  -0.032462 -0.0332967   -9.80889 
                74.3 -0.284588 -0.533167  -52.9314  -1.69917 -0.253557 0.0217435 0.0491147 -0.107144  0.103757  0.00140302 -0.00326801 4.18231e-06 8.29934e-05  0.00728836   0.0145127 3.8404e-05 0.00030275 0.00010584  -0.0231919  -0.0107769 -0.00562474 -0.0324915 -0.0333938   -9.80889 
                74.4 -0.417531  -0.45553  -52.7344  -1.70188 -0.251271  0.023589 0.0489057 -0.107136   0.10376   0.0014019 -0.00326626 2.96659e-06 -0.00646062   0.0190477   0.0147653  0.000107696  0.000258882 -4.26457e-06  -0.0230768  -0.0106771 -0.00564008  -0.032496 -0.0333308   -9.80889 
                74.5 -0.286107 -0.321157  -52.7681  -1.70028 -0.248447 0.0232589 0.0490087 -0.107016  0.103816  0.00140262 -0.00326579 3.04632e-06 -0.00378344   0.0226345   0.0123251 3.70712e-05 0.000183375   1.358e-05  -0.0230698   -0.010802 -0.00555575 -0.0324501 -0.0333601   -9.80889 
                74.6 -0.388405 -0.135159  -52.7775  -1.70283 -0.245905 0.0165236 0.0488239 -0.106972  0.103794   0.00140833  -0.00326387 -6.96971e-07 -0.00557808   0.0243431 0.000256023 9.50815e-05 8.08081e-05 1.81756e-05  -0.0229627  -0.0107167 -0.00516967 -0.0324494 -0.0333083   -9.80889 
                74.7  -0.612568 -0.0884416   -52.8489  -1.70421 -0.242276 0.0246881 0.0487429 -0.107019  0.103752   0.00140294  -0.00327015 -3.05304e-06 -0.000171162    0.0335118    0.0122235 0.000219809 4.07945e-05 5.79421e-05  -0.0229215  -0.0106532 -0.00556288 -0.0324612 -0.0332739   -9.80889 
                74.8  -0.22688 -0.331089  -52.8043  -1.70381 -0.243734 0.0190992 0.0488814 -0.107193  0.103681  0.00140114 -0.00327515 -2.9687e-06 -0.0047992  0.0249622 0.00251737 3.51707e-06 0.000180789 3.38868e-05  -0.0231252   -0.010619 -0.00524134 -0.0325263 -0.0333362   -9.80889 
                74.9  -0.40219 -0.422436  -52.9072   -1.7021 -0.246853 0.0212701 0.0491266 -0.107512  0.103583   0.00140304  -0.00327121 -9.46331e-06 -0.000331381    0.0209607   0.00418036 0.000102154 0.000234204  9.1989e-05  -0.0234348  -0.0105848 -0.00534668 -0.0326222 -0.0334274   -9.80889 
                  75 -0.201991 -0.253455  -52.7909   -1.7044 -0.246888 0.0227134 0.0490492 -0.107663  0.103501   0.00140189  -0.00327033 -5.53705e-06 -0.00714473    0.017769  0.00620471 -1.12448e-05  0.000138898  2.54599e-05   -0.023465  -0.0104522 -0.00540552 -0.0326757 -0.0334051   -9.80889 
                75.1 -0.0814532  0.0543064   -52.8245  -1.70645 -0.249753 0.0138836 0.0490374 -0.107816  0.103391  0.00140971 -0.00327648 3.25467e-06 -0.00941986 0.000717782 -0.00737906 -7.84208e-05 -3.36793e-05  4.38668e-05  -0.0235696  -0.0103308 -0.00496499 -0.0327457 -0.0334158   -9.80889 
                75.2 -0.295762 -0.158088  -52.8796   -1.7076 -0.247532 0.0119651 0.0489655 -0.107713  0.103423  0.00140845 -0.00327638 4.56603e-06 -0.00848513  0.00576515  -0.0102095 4.23566e-05 8.81641e-05 7.51087e-05 -0.0234752 -0.0103534 -0.0049007 -0.0327136 -0.0333914   -9.80889 
                75.3 -0.266815  0.132686  -52.8212  -1.70888 -0.247042 0.0044056 0.0488774  -0.10765   0.10343   0.0014119 -0.00327622  2.7035e-06 -0.00558937  0.00116773  -0.0199475  2.74472e-05 -7.03622e-05  4.12934e-05  -0.0234138  -0.0103413 -0.00459055 -0.0327034 -0.0333714   -9.80889 
                75.4  -0.284811 -0.0811383   -52.8334   -1.70614  -0.244636 0.00652234 0.0490078 -0.107491  0.103503  0.00141227 -0.00327614 4.44795e-06 0.000517808   0.0088457  -0.0138926 3.82096e-05 4.55012e-05 4.79679e-05  -0.0234139  -0.0105206 -0.00478166 -0.0326417 -0.0334105   -9.80889 
                75.5 -0.0718159  -0.229275   -52.9909     -1.70271    -0.250313 -0.000279325 0.0493333 -0.107717  0.103419   0.00140951  -0.00327202 -6.86222e-06  0.00311897 -0.00661057  -0.0215357 -8.09236e-05  0.000130002  0.000136257  -0.0237714  -0.0105693 -0.00453143 -0.0327201 -0.0335364   -9.80889 
                75.6 0.0438479 -0.356776  -52.8079   -1.70134  -0.249556 0.00128097 0.0494052  -0.10762  0.103454   0.00141345  -0.00326915 -8.52604e-06 -0.00238077 -0.00128357  -0.0162807 -0.000146355  0.000204376  3.34119e-05   -0.023759  -0.0106565 -0.00471165 -0.0326856 -0.0335523   -9.80889 
                75.7 -0.0215664  -0.247641   -52.8074   -1.70059  -0.250677 0.00806232 0.0495326  -0.10766  0.103464   0.00141621  -0.00326827 -8.55293e-06   -0.0031283 -0.000816746  -0.00268727 -0.000108425   0.00014518  3.32958e-05  -0.0238524  -0.0106643 -0.00513137 -0.0327028 -0.0335841   -9.80889 
                75.8  -0.237315 -0.0951345   -52.7777  -1.70125 -0.248798  0.013458 0.0494768 -0.107584  0.103507   0.00141485  -0.00327109 -8.77064e-06 -0.00112624  0.00503555  0.00415647 1.21243e-05 6.25895e-05 1.64793e-05  -0.0237638  -0.0106562 -0.00541069 -0.0326802 -0.0335548   -9.80889 
                75.9 -0.447818 -0.192424  -52.8115  -1.70854 -0.248104    0.0236 0.0491636 -0.107795  0.103466    0.0014162  -0.00328117 -2.14486e-05 -0.00949818   0.0113347   0.0178897 0.000128966 0.000116815 3.50471e-05  -0.0236363  -0.0102827 -0.00587166 -0.0327684 -0.0334315   -9.80889 
                  76 -0.466179 -0.133663  -52.8388  -1.70926 -0.247197 0.0324803 0.0492162 -0.107819  0.103442   0.00141557  -0.00328596 -2.20969e-05 -0.005875 0.0161468  0.028092 0.000139002 8.02703e-05 4.95743e-05  -0.0236776   -0.010257 -0.00621827 -0.0327853 -0.0334397   -9.80889 
                76.1 -0.386933 -0.249845  -52.8186  -1.70626 -0.247639 0.0245599 0.0493743 -0.107842  0.103418   0.00141243  -0.00328311 -2.28336e-05 0.00175488   0.010948  0.0125668 9.42674e-05 0.000142839 3.86917e-05  -0.0238159   -0.010405 -0.00568805 -0.0327749 -0.0335143   -9.80889 
                76.2 -0.261214 -0.300612  -52.8202  -1.70515 -0.248869 0.0187486 0.0494374 -0.107935  0.103381   0.00141046  -0.00328462 -2.32099e-05 0.00248861 0.00513616 0.00184141 2.31838e-05 0.000175199  3.9672e-05  -0.0239141  -0.0104266 -0.00534223 -0.0327954 -0.0335493   -9.80889 
                76.3 -0.160829 -0.297969   -52.833  -1.70418 -0.248417 0.0208199 0.0494962 -0.107913  0.103373   0.00141067  -0.00328344 -2.42682e-05 0.000487079  0.00736201  0.00391846 -3.43888e-05  0.000167413  4.57507e-05  -0.0239461  -0.0104615 -0.00543417 -0.0327908 -0.0335668   -9.80889 
                76.4 0.0110445  0.167097  -52.7653   -1.70249   -0.24973 0.00560882 0.0494792 -0.107975  0.103265   0.00142688  -0.00329534 -2.01376e-05 0.00418084 -0.0107883 -0.0190687 -0.000130374 -9.66899e-05  7.11281e-06  -0.0239506  -0.0105493 -0.00468067 -0.0327738 -0.0335872   -9.80889 
                76.5  -0.29375 -0.136884  -52.7558  -1.70046 -0.250927  0.005922 0.0495776 -0.107974  0.103237   0.00142571  -0.00329455 -1.92346e-05  0.00875963 -0.00601533  -0.0171381 4.19407e-05 7.97445e-05 2.20285e-06  -0.0240306  -0.0105912 -0.00478111 -0.0327786 -0.0336204   -9.80889 
                76.6  -0.214453 -0.0456497   -52.8699  -1.70478 -0.248815 0.0119645 0.0492908 -0.107899  0.103286   0.00142568  -0.00329889 -2.04025e-05 -0.000485337  0.000654116  -0.00620426 -2.85715e-06  2.64985e-05  6.58605e-05  -0.0238072   -0.010395 -0.00515452 -0.0327818  -0.033508   -9.80889 
                76.7  -0.31241 -0.187028  -52.7855  -1.70353 -0.249649  0.015461 0.0494036 -0.107915  0.103254   0.00142702  -0.00329979 -2.11265e-05  0.00426481 0.000857305  0.00095481 5.19527e-05 0.000102645 1.85999e-05   -0.023904   -0.010414 -0.00535043 -0.0327966 -0.0335413   -9.80889 
                76.8 -0.265195 -0.314637  -52.8072   -1.7029 -0.250158 0.0196329 0.0494635  -0.10793  0.103228   0.00142958  -0.00329991 -2.21178e-05 0.00300713 0.00412895 0.00636194 2.51614e-05 0.000164198 3.02605e-05  -0.0239653  -0.0104032 -0.00555191 -0.0328123 -0.0335573   -9.80889 
                76.9 -0.231413 0.0127827  -52.8346  -1.70869 -0.250836 0.0163215 0.0491349 -0.108118  0.103265   0.00143167  -0.00330177 -2.52539e-05  -0.00650916  -0.00172228 -0.000218248  6.38792e-06 -1.85448e-05  4.47446e-05  -0.0238149  -0.0101119 -0.00536438 -0.0328727 -0.0334504   -9.80889 
                  77 -0.0153857  -0.266651   -52.8406   -1.7044   -0.2493 0.0123672  0.049329 -0.107931  0.103279   0.00142798  -0.00330316 -3.33244e-05   -0.0028206 -0.000432958  -0.00527915 -0.000115018  0.000135519  4.84231e-05  -0.0238547   -0.010406 -0.00516223 -0.0327907  -0.033524   -9.80889 
                77.1 -0.200519  -0.17905  -52.7782   -1.7041 -0.250042 0.0103195  0.049359 -0.107968  0.103269   0.00142797  -0.00330309 -3.30991e-05 -1.62984e-05  -0.00265829   -0.0078713 -1.13189e-05  9.09206e-05  1.31795e-05  -0.0238945  -0.0104112 -0.00508773 -0.0327996  -0.033537   -9.80889 
                77.2 0.0585987 -0.260416  -52.8519   -1.70307  -0.250359 0.00744643 0.0494141 -0.107935  0.103262   0.00142715  -0.00330353 -3.45067e-05 -0.00507455 -0.00447311  -0.0117986 -0.000156528  0.000110309  5.38133e-05  -0.0239137  -0.0104893 -0.00498714 -0.0327806 -0.0335591   -9.80889 
                77.3 -0.188974 0.0378324  -52.7987  -1.70706 -0.250879 0.0081873 0.0492184 -0.108004   0.10329    0.0014256  -0.00330477 -4.00751e-05 -0.00716829 -0.00747897 -0.00817839 -1.70075e-05 -6.01227e-05  2.35596e-05  -0.0238091  -0.0103109 -0.00507805 -0.0328118 -0.0334906   -9.80889 
                77.4  -0.356461 -0.0193637   -52.7746  -1.70448 -0.250715 0.0144615 0.0493973  -0.10787  0.103271   0.00142368  -0.00330999 -3.48884e-05  0.00248537 -0.00230879  0.00140145  7.73356e-05 -2.27955e-05  1.01053e-05  -0.0238856  -0.0104398 -0.00542441 -0.0327847 -0.0335402   -9.80889 
                77.5 -0.262579 -0.114641  -52.7865  -1.70351 -0.248573 0.0147729 0.0493813 -0.107734    0.1033   0.00142354  -0.00330985 -3.34231e-05  0.00279671  0.00364536 0.000682905 2.43478e-05 2.95842e-05 1.68794e-05  -0.0237994  -0.0105255 -0.00542593 -0.0327371 -0.0335321   -9.80889 
                77.6 -0.501713 -0.520041  -52.7386  -1.70263 -0.248057 0.0287275 0.0495318 -0.107705  0.103237   0.00143848  -0.00332084 -3.60763e-05 0.00566346  0.0168785  0.0226985  0.000157967  0.000253669 -8.47069e-06  -0.0239132  -0.0104999 -0.00609649 -0.0327655 -0.0335614   -9.80889 
                77.7 -0.229495  -0.34243  -52.8603  -1.70273 -0.248572 0.0249249 0.0495234 -0.107839  0.103219   0.00143752  -0.00332054 -3.38832e-05 0.00127002  0.0119357   0.012858 5.26206e-06 0.000143254  5.8508e-05  -0.0239651  -0.0104532 -0.00580728 -0.0327951 -0.0335672   -9.80889 
                77.8 -0.483581 -0.127086  -52.7683  -1.70025 -0.245321 0.0198727 0.0495138 -0.107721  0.103219   0.00144035  -0.00331681 -3.15166e-05  0.0108316  0.0171892 0.00190594 0.000148059 5.61372e-06 5.78233e-06  -0.0238885  -0.0105922 -0.00548753 -0.0327374  -0.033572   -9.80889 
                77.9 -0.347531 -0.200648   -52.782  -1.70072  -0.24407 0.0198903  0.049457 -0.107778  0.103225   0.00144061  -0.00331702 -3.07187e-05 0.00777132  0.0179002 0.00304062 7.12093e-05 4.37053e-05 1.38032e-05  -0.0238753  -0.0105164 -0.00547484 -0.0327582  -0.033553   -9.80889 
                  78 -0.112852 -0.199955  -52.8032   -1.70248  -0.246427 0.00956363 0.0493881 -0.108044  0.103181   0.00144305  -0.00332522 -2.20435e-05 -0.000308633   0.00487173    -0.013896 -6.11174e-05  5.10544e-05  2.57041e-05  -0.0239547  -0.0103582 -0.00495444 -0.0328314  -0.033547   -9.80889 
                78.1 -0.0588854   0.140216   -52.8119   -1.70289   -0.24818 0.00416439 0.0493733  -0.10814   0.10314   0.00144671  -0.00332782 -1.78897e-05 0.000331823 -0.00690711   -0.020903 -9.10049e-05 -0.000155571   2.9375e-05  -0.0239913  -0.0103083 -0.00476455 -0.0328577 -0.0335485   -9.80889 
                78.2 -0.0788808  0.0198758   -52.8292   -1.70137  -0.247839 0.00507713 0.0494311 -0.108048  0.103167   0.00144502  -0.00332638 -1.87497e-05  0.00266557 -0.00746089  -0.0157955 -7.96086e-05 -0.000104735  3.91337e-05  -0.0239891  -0.0103912 -0.00490388 -0.0328297 -0.0335636   -9.80889 
                78.3 -0.0866201   -0.30429   -52.8783   -1.69551  -0.249702 0.00784482 0.0497618 -0.107986  0.103178   0.00144588  -0.00332226 -2.81008e-05  0.00853759 -0.00529724  -0.0103682 -7.48164e-05  8.25174e-05  6.68824e-05 -0.0242239 -0.0106155 -0.0051176 -0.0328112 -0.0336753   -9.80889 
                78.4 -0.226524 -0.145534   -52.778  -1.69985 -0.249284 0.0148146 0.0495446 -0.108069  0.103224    0.0014454  -0.00332367 -2.92372e-05   -0.0036951   0.00538858 -0.000726278  3.62739e-06 -8.15078e-06  1.00165e-05  -0.0240905  -0.0103676 -0.00550652 -0.0328536  -0.033588   -9.80889 
                78.5 -0.206932 -0.132828  -52.7882  -1.70245 -0.248527 0.0146795 0.0494378 -0.108109  0.103221   0.00144519  -0.00332367 -2.99803e-05 -0.00788103  0.00540462 0.000353649 -7.32242e-06 -1.33414e-05  1.57216e-05  -0.0240244   -0.010273 -0.00549667 -0.0328679 -0.0335504   -9.80889 
                78.6  -0.33941 -0.139093  -52.7845  -1.69972 -0.246262  0.015324 0.0495491  -0.10796  0.103312    0.0014453  -0.00332355 -2.58358e-05  0.00130506    0.010463 0.000488558  6.71054e-05 -8.64068e-06  1.27237e-05  -0.0240393  -0.0104562 -0.00552183 -0.0328149 -0.0335902   -9.80889 
                78.7 -0.0779797   -0.14595   -52.8301  -1.70119 -0.242655 0.0121323  0.049401 -0.107834   0.10339   0.0014446 -0.00332494 -2.5626e-05 -0.00616883   0.0134782 -0.00537817 -7.96228e-05    6.369e-06  3.82718e-05  -0.0238617   -0.010473 -0.00536105 -0.0327703 -0.0335413   -9.80889 
                78.8 0.00608847  -0.451059   -52.8959  -1.69932 -0.245992 0.0104906 0.0496496 -0.107986  0.103344   0.00144381  -0.00332225 -3.59613e-05 -0.00854975  0.00593917 -0.00570271 -0.00012642 0.000174534 7.53704e-05 -0.0241623 -0.0105052 -0.0053085 -0.0328272 -0.0336334   -9.80889 
                78.9  -0.0205902 -0.00829895    -52.8618  -1.69924 -0.251047 0.0100878 0.0498106 -0.108207  0.103234  0.00144343 -0.00332191 -2.6651e-05 -0.00635518  -0.0104115 -0.00482331 -0.000111763 -6.96869e-05  5.60425e-05 -0.0244106 -0.0104284  -0.005334 -0.0329057 -0.0336903   -9.80889 
                  79  0.0067944 -0.0427948   -52.7813   -1.69979  -0.251094 0.00775555 0.0497713 -0.108128  0.103273   0.00144411  -0.00332183 -2.76236e-05 -0.00832146  -0.0120821 -0.00838031 -0.000125912 -6.76986e-05  1.01387e-05  -0.0243526   -0.010467 -0.00523981 -0.0328807 -0.0336799   -9.80889 
                79.1 -0.108146 -0.298395  -52.7934  -1.70258 -0.250555 0.0134774 0.0497096 -0.108145  0.103253   0.00144668   -0.0033235 -2.51717e-05  -0.0154449 -0.00450949  0.00210708 -6.11613e-05  8.32635e-05   1.7052e-05  -0.0242684  -0.0104016 -0.00554726 -0.0328832 -0.0336463   -9.80889 
                79.2 -0.132255  -0.19152  -52.8254  -1.70557 -0.249417  0.017813 0.0496361 -0.108117  0.103272   0.00144642  -0.00332522 -2.54024e-05   -0.0189854 -9.73624e-05   0.00732389 -4.71075e-05  2.78435e-05  3.49121e-05   -0.024169  -0.0103616 -0.00574979 -0.0328742 -0.0336123   -9.80889 
                79.3 -0.284074 -0.062041  -52.8078  -1.70479 -0.246742 0.0172743 0.0496727 -0.107924  0.103339   0.00144648  -0.00332418 -2.14279e-05 -0.0110433 0.00453215 0.00456698  3.82381e-05 -4.60146e-05  2.45363e-05  -0.0240986  -0.0105292 -0.00568112 -0.0328071 -0.0336236   -9.80889 
                79.4 -0.0434999  -0.303913    -52.849  -1.70428 -0.248903 0.0122207 0.0497868  -0.10799  0.103316   0.00144444  -0.00332419 -2.35242e-05  -0.0129533 -0.00347696 -0.00289866 -9.64587e-05  7.27551e-05  4.80371e-05 -0.0242532 -0.0105795 -0.0054106 -0.0328243 -0.0336748   -9.80889 
                79.5 -0.444164 -0.176445  -52.9231  -1.70266 -0.247193 0.0242015 0.0499479 -0.107881  0.103358   0.00144152  -0.00333537 -1.77841e-05 -0.00191934  0.00776978   0.0153566  0.000128359 -9.19274e-06  8.83502e-05  -0.0242779  -0.0106962 -0.00600743 -0.0327968 -0.0337087   -9.80889 
                79.6 -0.128599 0.0255645  -52.7629  -1.70053 -0.245815 0.0205054 0.0499916 -0.107767  0.103384   0.00144536  -0.00333593 -1.80944e-05 0.000730255  0.00399204  0.00640014 -4.90205e-05 -0.000123659 -2.22391e-06  -0.0242705  -0.0108431 -0.00575013 -0.0327499  -0.033732   -9.80889 
                79.7 -0.053276 -0.386231  -52.7684   -1.6959 -0.248034 0.0157048 0.0502418 -0.107819  0.103359   0.00144128  -0.00333936 -3.04076e-05   0.0045885  0.00117482 -0.00169686 -9.10776e-05  0.000108878  1.42765e-06  -0.0245112  -0.0110197 -0.00547773   -0.03275 -0.0338323   -9.80889 
                79.8 -0.220458 -0.197999   -52.815  -1.70251  -0.24811 0.0187322 0.0499274 -0.107965  0.103407   0.00144144  -0.00334166 -3.21529e-05 -0.00833544  0.00228492  0.00367081 2.80184e-06 1.12878e-05 2.68474e-05  -0.0243395  -0.0106828 -0.00563664 -0.0328128 -0.0337208   -9.80889 
                79.9 -0.223163   0.11643  -52.8287   -1.7062 -0.249924 0.0137905 0.0497765 -0.108112  0.103411   0.00144636  -0.00334165 -3.36971e-05 -0.00938206 -0.00846264  -0.0045145  3.91812e-06 -0.000146543  3.31926e-05  -0.0243036  -0.0105123 -0.00538541  -0.032856 -0.0336775   -9.80889 
                  80 -0.190047 -0.254852  -52.8252   -1.70513   -0.24971 0.00985051 0.0498419 -0.108042  0.103431   0.00144282  -0.00334149 -3.43871e-05 -0.00816633 -0.00480327  -0.0104265 -1.44407e-05  6.16068e-05  3.19332e-05  -0.0243175  -0.0106379 -0.00520405 -0.0328218 -0.0337046   -9.80889 
                80.1 -0.209439 -0.124557   -52.813   -1.70305  -0.251008 0.00774284 0.0499731 -0.108017  0.103407   0.00144255  -0.00334108 -3.41411e-05 -0.00159975 -0.00815159  -0.0116702 -3.89163e-06 -1.33523e-05  2.49487e-05  -0.0244102  -0.0107494 -0.00515296 -0.0328088 -0.0337509   -9.80889 
                80.2 0.284166  0.38307 -52.8552   -1.70369  -0.254353 -0.0108548  0.049874 -0.108148  0.103342   0.00146566   -0.0033642 -2.80417e-05 -0.0056155 -0.0331144 -0.0364637 -0.000275759 -0.000289979  4.82813e-05  -0.0243684  -0.0107455 -0.00430182 -0.0328048 -0.0337344   -9.80889 
                80.3 -0.256097 0.0505532  -52.8234    -1.70487   -0.253098 -0.00450982 0.0498082 -0.107941  0.103344   0.00146545  -0.00336908 -2.15123e-05 -5.31857e-05   -0.0219751   -0.0212642  2.05447e-05 -0.000115946  3.06111e-05  -0.0242129  -0.0107669 -0.00478979 -0.0327624 -0.0336967   -9.80889 
                80.4 -0.140029 0.0252302  -52.7877    -1.7049  -0.252105 0.00144727 0.0498001 -0.107741  0.103353   0.00146812  -0.00336977 -1.82843e-05 0.000705505  -0.0176738 -0.00797786 -4.28155e-05 -9.56395e-05   9.9686e-06  -0.0240983  -0.0108309 -0.00519689 -0.0327169 -0.0336804   -9.80889 
                80.5 -0.132994 -0.100274  -52.8033   -1.70085   -0.25216 0.00781193 0.0500077 -0.107548  0.103335    0.0014724  -0.00337004 -1.89536e-05 0.00656239 -0.0118323 0.00457652 -4.68081e-05 -2.67938e-05  1.87921e-05  -0.0241638  -0.0110367 -0.00555642 -0.0326682 -0.0337402   -9.80889 
                80.6 -0.553465 -0.090813  -52.7688  -1.70371 -0.248867 0.0235913 0.0498288 -0.107351  0.103398   0.00147869  -0.00338641 -1.53943e-05  0.0100526 0.00807285  0.0278141  0.000184779 -4.85155e-05 -3.99357e-07   -0.023958  -0.0108867 -0.00629352 -0.0326606 -0.0336637   -9.80889 
                80.7 -0.251445 -0.166617  -52.7835  -1.70238 -0.246051 0.0220062 0.0497982 -0.107257  0.103431   0.00147609   -0.0033861 -1.38336e-05 0.00904796 0.00950867  0.0221412  1.43816e-05 -6.97589e-06  8.09768e-06  -0.0238585  -0.0109789 -0.00608404 -0.0326144 -0.0336509   -9.80889 
                80.8 -0.325025 -0.149586  -52.8155  -1.70154  -0.24532 0.0205935 0.0497814 -0.107299  0.103428    0.0014751  -0.00338558 -1.35845e-05 0.00823396  0.0127224  0.0173306  5.72037e-05 -2.72646e-05  2.52539e-05   -0.023854  -0.0109739 -0.00591275 -0.0326169 -0.0336468   -9.80889 
                80.9 -0.165971 -0.231617  -52.8025  -1.70078 -0.246906 0.0171438 0.0498073 -0.107445  0.103422   0.00147351  -0.00338732 -1.27867e-05 0.00824223 0.00157235 0.00879309 -3.02726e-05  1.00918e-05  1.83029e-05  -0.0239399  -0.0109383 -0.00567747 -0.0326482 -0.0336615   -9.80889 
                  81 0.0931518 0.0989303  -52.8505  -1.70015 -0.247479 0.0040511 0.0497621 -0.107512  0.103375   0.00148079  -0.00339959 -1.22569e-05 0.00737227 -0.0141998 -0.0106247 -0.000171904 -0.000167091  4.45611e-05 -0.0238667 -0.0109807 -0.0050234 -0.0326289 -0.0336429   -9.80889 
                81.1 -0.160819 -0.098323  -52.7401   -1.70178  -0.249228 0.00473856  0.049667 -0.107581  0.103373   0.00147996  -0.00339879 -1.19759e-05  0.00199187  -0.0109372 -0.00647397 -3.15877e-05 -6.24892e-05   -1.706e-05  -0.0238472  -0.0108551 -0.00510406 -0.0326602 -0.0336158   -9.80889 
                81.2 -0.142722 -0.194364  -52.6847   -1.69741  -0.241088 0.00745176 0.0497359 -0.107071  0.103354  0.00148403 -0.00339706 -8.6783e-06  0.0080546  0.0078448 -0.0021273 -4.18674e-05 -1.55829e-05 -4.73369e-05  -0.0235883  -0.0112203 -0.00525217 -0.0324995 -0.0336119   -9.80889 
                81.3 -0.287904 -0.303649  -52.7614  -1.69925 -0.243218 0.0128196 0.0496768 -0.107226  0.103353   0.00148791  -0.00339919 -1.26898e-05 0.00304914 0.00784519 0.00744853  3.93429e-05  4.07526e-05 -5.45293e-06  -0.0236867  -0.0110275 -0.00552866  -0.032572 -0.0336051   -9.80889 
                81.4 -0.325445 -0.321959  -52.7228  -1.70071  -0.24175 0.0253799 0.0496316 -0.107159  0.103352     0.001492  -0.00340423 -1.30728e-05 -0.00226264   0.0189535   0.0274471   5.9452e-05  4.75352e-05 -2.67239e-05  -0.0236726  -0.0109408 -0.00611038 -0.0325879 -0.0335888   -9.80889 
                81.5 -0.399094 -0.155663  -52.7784  -1.70369 -0.244684 0.0224937 0.0495499 -0.107468  0.103335   0.00149625  -0.00340117 -1.48057e-05 -0.00286898   0.0110841    0.018966  0.000100186 -5.67631e-05  3.44922e-06 -0.0237925 -0.0107147 -0.0058486 -0.0326793 -0.0335802   -9.80889 
                81.6 -0.525036  -0.67634  -52.8101  -1.70394 -0.244918  0.034777 0.0496476 -0.107566  0.103236   0.00150688  -0.00340584 -2.05873e-05 -0.00521543   0.0234155   0.0363012 0.000165588 0.000229106 2.32333e-05  -0.0239528  -0.0106597 -0.00634299 -0.0327245  -0.033614   -9.80889 
                81.7 -0.0700818  -0.260722   -52.8781  -1.70706 -0.248193 0.0143854 0.0495302 -0.107826  0.103128   0.00151706   -0.0034229 -5.00959e-06 -0.0148567 0.00206916 0.00095541 -8.37786e-05 -1.11454e-05   5.9074e-05 -0.0240114 -0.0105051  -0.005207  -0.032786 -0.0336013   -9.80889 
                81.8 -0.169967 -0.182854  -52.8696  -1.70718 -0.248111 0.0113476 0.0495911 -0.107815  0.103121   0.00151854  -0.00342352 -4.11189e-06   -0.0116711 -0.000289757  -0.00485749 -2.84297e-05 -4.37158e-05  5.41507e-05   -0.024044  -0.0105636 -0.00505954 -0.0327768 -0.0336208   -9.80889 
                81.9 -0.0303805  -0.136784   -52.7768  -1.70374 -0.247119 0.0070102 0.0497951 -0.107671   0.10319   0.00152187  -0.00342601 -7.59673e-06 -0.00579806   -0.001984 -0.00943511  -0.00010507 -6.92254e-05   2.8629e-06  -0.0240955  -0.0108049 -0.00487319 -0.0327189 -0.0336775   -9.80889 
                  82 -0.216745 -0.129739  -52.7694  -1.70292 -0.249042 0.0092703 0.0498965 -0.107766  0.103174   0.00152053  -0.00342669 -4.80635e-06   -0.003347 -0.00153515 -0.00272635 -2.57915e-06 -6.09203e-05 -1.60462e-06 -0.0242278 -0.0108104 -0.0050361 -0.0327439 -0.0337122   -9.80889 
                82.1 -0.205789   -0.2461  -52.7759  -1.70312 -0.248089  0.014923 0.0499166 -0.107741  0.103173   0.00152078  -0.00342728 -3.44247e-06 -0.00353437  0.00303892  0.00584811 -8.81186e-06 -2.44071e-06  2.25858e-06  -0.0242227  -0.0108325 -0.00533102 -0.0327365 -0.0337121   -9.80889 
                82.2 -0.286359 -0.367632  -52.9463  -1.70185 -0.251031 0.0233262 0.0500675 -0.107938  0.103128    0.0015236   -0.0034257 -7.26022e-06 -0.000313947    0.0025002    0.0186144 3.67257e-05 5.94656e-05 9.58677e-05  -0.0244581  -0.0108113 -0.00571552 -0.0327913 -0.0337668   -9.80889 
                82.3 -0.288973  -0.53747  -52.9485  -1.69874 -0.253822 0.0222382 0.0502796 -0.108052  0.103113   0.00152088  -0.00342281 -1.65371e-05 0.000696178  0.00395241   0.0157118 3.81016e-05 0.000153091 9.72943e-05  -0.0246898  -0.0108908 -0.00557984 -0.0328158 -0.0338431   -9.80889 
                82.4 -0.420097 -0.461236  -52.7502  -1.70157  -0.25149 0.0240148 0.0500935 -0.108037  0.103134   0.00151981  -0.00342076 -1.77588e-05 -0.00272282   0.0155587   0.0156289  0.000109402  0.000105757 -1.26494e-05 -0.0245484 -0.0107923 -0.0055895 -0.0328159 -0.0337883   -9.80889 
                82.5 -0.291404 -0.323443  -52.7836  -1.69987 -0.248755 0.0236543 0.0501686 -0.107936  0.103155   0.00152051  -0.00342034 -1.78329e-05 0.000306769   0.0177695   0.0135844 3.47564e-05 2.88214e-05 5.40376e-06  -0.0245372    -0.01092 -0.00550041 -0.0327778 -0.0338089   -9.80889 
                82.6    -0.387 -0.144948  -52.7959  -1.70229 -0.246351 0.0169577 0.0500146 -0.107904  0.103147   0.00152623  -0.00341854 -2.18871e-05 -0.00206066   0.0194019  0.00251259  9.06968e-05 -9.79084e-05  1.13631e-05  -0.0244072  -0.0108338 -0.00511355 -0.0327748 -0.0337652   -9.80889 
                82.7  -0.61377 -0.097241  -52.8658  -1.70335 -0.243139 0.0251354 0.0499304 -0.107908  0.103128   0.00152085  -0.00342478 -2.46639e-05 0.00707287  0.0233475  0.0128249   0.00021503 -0.000149681  4.93912e-05 -0.0243502 -0.0107686 -0.0054995 -0.0327816 -0.0337321   -9.80889 
                82.8 -0.232056 -0.330875  -52.8204  -1.70277 -0.245009 0.0199339 0.0500127 -0.108073   0.10311   0.00151929   -0.0034295 -2.36546e-05 0.00193854  0.0160203 0.00489708  4.46658e-06 -2.76384e-05   2.5372e-05  -0.0245185  -0.0107117 -0.00519458 -0.0328306 -0.0337716   -9.80889 
                82.9 -0.405865 -0.435594  -52.9246  -1.70112 -0.248187 0.0222912 0.0501692   -0.1083  0.103089   0.00152106  -0.00342614 -2.94543e-05 0.00364523  0.0158953 0.00957349 9.98473e-05 2.70819e-05 8.26241e-05  -0.0247977  -0.0106521 -0.00529439 -0.0329023 -0.0338315   -9.80889 
                  83 -0.203178 -0.271496  -52.8088  -1.70371 -0.247983 0.0241084 0.0500595 -0.108386  0.103113   0.0015196 -0.00342494 -2.5871e-05 -0.00219128    0.011146   0.0108681 -1.23531e-05 -6.87266e-05  1.81719e-05  -0.0247782  -0.0105036 -0.00534736 -0.0329386 -0.0337998   -9.80889 
                83.1 -0.0877378  0.0391556   -52.8418  -1.70569 -0.250881 0.0152314 0.0500165 -0.108584  0.103079   0.00152761  -0.00343129 -1.82936e-05  -0.0050615  -0.0049564 -0.00306821 -7.46872e-05 -0.000241125  3.50478e-05  -0.0248314  -0.0103749 -0.00488789 -0.0329893 -0.0338012   -9.80889 
                83.2 -0.305298 -0.177056  -52.8918  -1.70675 -0.248507 0.0134874 0.0499486 -0.108487  0.103085   0.00152635  -0.00343132 -1.67306e-05 -0.00637918  0.00561716 -0.00419511  4.57084e-05 -0.000123968  6.29354e-05  -0.0247079  -0.0104042 -0.00481241 -0.0329577 -0.0337762   -9.80889 
                83.3 -0.272182  0.117243  -52.8369   -1.70824  -0.247604 0.00585122 0.0498569 -0.108477  0.103089   0.00153005  -0.00343114 -1.94478e-05 -0.00216052 0.000693803   -0.015826  2.75287e-05 -0.000290767  3.17096e-05  -0.0246031  -0.0103907 -0.00448232 -0.032945 -0.033753  -9.80889 
                83.4 -0.291837 -0.091673  -52.8489    -1.7055  -0.244836 0.00784438 0.0499628 -0.108317  0.103114   0.00153031  -0.00343122 -1.75347e-05 0.00423867 0.00792693 -0.0103279  3.45908e-05 -0.000167734  3.88621e-05 -0.0245953 -0.0105682 -0.0046463 -0.0328934 -0.0337785   -9.80889 
                83.5 -0.0761287  -0.226908    -53.004    -1.70222   -0.250267 0.000848223 0.0502043 -0.108569  0.103076   0.00152758    -0.003428 -2.73446e-05  0.00465606 -0.00537032  -0.0179949 -8.11816e-05 -0.000105922   0.00012448  -0.0249272  -0.0105883 -0.00437181 -0.0329563 -0.0338703   -9.80889 
                83.6 0.0301871 -0.372568  -52.8242     -1.701  -0.249257 0.00245439 0.0502554 -0.108479  0.103097  0.00153138 -0.00342536  -2.849e-05 0.000152664 -0.00201523  -0.0138041 -0.000140186 -2.98649e-05  2.49708e-05 -0.0249168 -0.0106675 -0.0045389  -0.032931 -0.0338798   -9.80889 
                83.7 -0.0302973  -0.258602   -52.8234   -1.70021  -0.250396 0.00923681 0.0503291 -0.108502  0.103128   0.00153391  -0.00342459 -2.85194e-05  -0.00129688 -0.000406751  0.000443308 -0.000106262 -9.32325e-05  2.46646e-05  -0.0250175  -0.0106687 -0.00493823 -0.0329469 -0.0339033   -9.80889 
                83.8 -0.247083 -0.103702  -52.7938   -1.7011  -0.24835 0.0146054 0.0502616  -0.10843  0.103152   0.00153257  -0.00342712 -2.91451e-05 -0.00139295  0.00756434   0.0101277   1.2842e-05 -0.000168423  7.62392e-06  -0.0249296  -0.0106554 -0.00519444 -0.0329317 -0.0338776   -9.80889 
                83.9 -0.455422 -0.199818  -52.8287  -1.70862   -0.2477 0.0247893 0.0499605 -0.108589  0.103061   0.00153371  -0.00343647 -4.24386e-05 -0.0102998  0.0135398  0.0232172   0.00012764 -0.000120788  2.71723e-05  -0.0248052   -0.010278 -0.00562815 -0.0330071 -0.0337813   -9.80889 
                  84  -0.47024 -0.145266  -52.8561  -1.70938 -0.246682 0.0336335  0.049988 -0.108628  0.103039   0.00153318  -0.00344078 -4.30059e-05 -0.00606152   0.0172836   0.0342081  0.000136124 -0.000155231  4.11061e-05  -0.0248529   -0.010256 -0.00594757 -0.0330221 -0.0337896   -9.80889 
                84.1  -0.39582 -0.258759  -52.8356  -1.70632 -0.247274 0.0257351 0.0501546 -0.108649  0.103053   0.00153006    -0.003438 -4.38461e-05 0.00111698  0.0127089  0.0180688  9.48432e-05 -9.47495e-05  3.02935e-05 -0.0250125 -0.0103915  -0.005406 -0.0330167  -0.033852   -9.80889 
                84.2 -0.263903 -0.293344  -52.8455 -1.70546 -0.24778 0.019581 0.0502009 -0.108702  0.103038   0.00152816   -0.0034398 -4.38405e-05 0.00261189 0.00942826 0.00586914    2.201e-05 -6.19938e-05  3.57843e-05 -0.0250862 -0.0104121 -0.0050283 -0.0330262 -0.0338741   -9.80889 
                84.3 -0.167743 -0.294012  -52.8517  -1.70437 -0.247445 0.0216455 0.0502627 -0.108717   0.10303   0.00152837  -0.00343875 -4.47226e-05 0.00213843 0.00862425 0.00914514 -3.47535e-05 -6.55062e-05  3.91693e-05  -0.0251457  -0.0104425 -0.00510363 -0.0330292 -0.0338938   -9.80889 
                84.4 0.00298617   0.165287   -52.7829   -1.70254  -0.248936 0.00651162 0.0503028 -0.108739  0.102939  0.00154492 -0.00345103 -3.9333e-05  0.00513459 -0.00853366  -0.0138878 -0.000126269 -0.000329355  2.45795e-07  -0.0251818  -0.0105144 -0.00434746 -0.0330214  -0.033915   -9.80889 
                84.5  -0.29803 -0.141327  -52.7721    -1.7001  -0.250592 0.00691766 0.0503862 -0.108768  0.102926   0.00154377  -0.00345026 -3.87136e-05  0.0140307 -0.0112179 -0.0114233   4.0049e-05 -0.000163669 -5.27604e-06  -0.0252761  -0.0105524 -0.00442811 -0.0330288 -0.0339442   -9.80889 
                84.6  -0.205103 -0.0462642   -52.8893  -1.70426 -0.249006 0.0132287 0.0501048 -0.108676  0.102935   0.00154392  -0.00345418 -3.96587e-05 0.00494716 -0.0058394 0.00230193 -1.08999e-05 -0.000219367  5.91582e-05   -0.025039  -0.0103547 -0.00478285 -0.0330329 -0.0338514   -9.80889 
                84.7 -0.322796 -0.205022  -52.8006  -1.70273 -0.250654 0.0171184 0.0501808 -0.108717  0.102913   0.00154525  -0.00345515 -4.09093e-05 0.00486254 0.00017558 0.00906277  5.40534e-05 -0.000143592  1.02007e-05  -0.0251444  -0.0103575 -0.00496233 -0.0330501  -0.033877   -9.80889 
                84.8   -0.2741 -0.331487  -52.8222  -1.70242 -0.250662 0.0216098 0.0501949 -0.108704  0.102901   0.00154761  -0.00345544 -4.11944e-05 0.00389834 0.00330086  0.0139113  2.69169e-05 -7.45535e-05  2.24291e-05  -0.0251782  -0.0103451 -0.00514079 -0.0330577 -0.0338822   -9.80889 
                84.9   -0.239792 -0.00248431    -52.8513  -1.70837 -0.251125  0.018181 0.0498792 -0.108823  0.102978   0.00154982  -0.00345706 -4.46573e-05 -0.00551107 -0.00284142   0.0075697  9.08193e-06 -0.000260255  3.67372e-05  -0.0250013  -0.0100602 -0.00491939 -0.0331016 -0.0337938   -9.80889 
                  85 -0.0216764  -0.287516   -52.8579   -1.7042 -0.249427 0.0141998 0.0500822 -0.108702  0.102959   0.00154579  -0.00345906 -5.25772e-05 -0.00431569  0.00192078  0.00151252 -0.000111272 -0.000104898  4.08216e-05  -0.0250419  -0.0103478 -0.00468975 -0.0330368 -0.0338501   -9.80889 
                85.1  -0.21413 -0.189656  -52.7883  -1.70436 -0.249799 0.0121002  0.050091 -0.108743  0.102951    0.0015457  -0.00345898 -5.23013e-05 -0.00159221  0.00292462 -0.00256822 -4.81582e-06 -0.000163657  2.16323e-06  -0.0250686  -0.0103404 -0.00459046 -0.0330447 -0.0338557   -9.80889 
                85.2 0.0392921 -0.257713  -52.8686    -1.7036  -0.249521 0.00898046 0.0501464 -0.108727  0.102946   0.00154479   -0.0034598 -5.34546e-05 -0.00580153 0.000202891  -0.0060189 -0.000147809 -0.000114963  4.64777e-05  -0.0250916   -0.010415 -0.00445779 -0.0330305 -0.0338731   -9.80889 
                85.3 -0.201609 0.0278431  -52.8162  -1.70743 -0.249863 0.0096484 0.0499888 -0.108784  0.102926  0.00154354 -0.00346073 -5.8342e-05 -0.00871532 -0.00104151 -0.00312323 -1.36231e-05 -0.000284982    1.711e-05  -0.0250044  -0.0102466 -0.00452435 -0.0330579 -0.0338259   -9.80889 
                85.4  -0.372439 -0.0260375   -52.7927   -1.7047 -0.249887 0.0158278 0.0501348 -0.108738  0.102951   0.00154181  -0.00346561 -5.30883e-05  0.00437123 -0.00215326  0.00612862  8.03678e-05 -0.000243537  4.28668e-06  -0.0251038   -0.010371 -0.00483829 -0.0330431 -0.0338691   -9.80889 
                85.5 -0.274347 -0.121176  -52.8039  -1.70346 -0.247948 0.0160033 0.0501402 -0.108637  0.102982   0.00154177  -0.00346529 -5.17994e-05   0.00843943 -0.000704534   0.00614542   2.6622e-05 -0.000199383  1.08194e-05  -0.0250357  -0.0104588 -0.00481468 -0.0330085 -0.0338662   -9.80889 
                85.6 -0.510102 -0.526637  -52.7554  -1.70228 -0.247914 0.0299539 0.0502218  -0.10867  0.102925   0.00155594  -0.00347564 -5.53981e-05 0.00729981  0.0170151  0.0290237  0.000155349  2.75873e-05 -1.47681e-05  -0.0251522  -0.0104285 -0.00545357 -0.0330356 -0.0338894   -9.80889 
                85.7 -0.236352 -0.351675  -52.8761  -1.70243 -0.248368 0.0261076 0.0502169 -0.108787  0.102927  0.00155488 -0.00347573 -5.2878e-05 0.00307893   0.011489  0.0176428 4.83083e-06 -8.4048e-05 5.10918e-05  -0.0251982  -0.0103691 -0.00514426 -0.0330601 -0.0338917   -9.80889 
                85.8 -0.492851 -0.131894  -52.7842      -1.7 -0.245145 0.0210253 0.0502344 -0.108694  0.102914   0.00155816  -0.00347182 -5.06663e-05  0.0133873  0.0153466 0.00778485  0.000145849 -0.000209292 -1.14881e-06  -0.0251273  -0.0104996 -0.00481031  -0.033017 -0.0338949   -9.80889 
                85.9 -0.357607 -0.209951  -52.7962  -1.70032 -0.244208 0.0211246 0.0501832 -0.108747  0.102924   0.00155842  -0.00347198 -4.97368e-05 0.00904021  0.0176302 0.00820757  7.10603e-05 -0.000185181  5.80562e-06   -0.025117  -0.0104178 -0.00478304 -0.0330359 -0.0338805   -9.80889 
                  86 -0.117428 -0.212693  -52.8199  -1.70217 -0.246488 0.0108078  0.050123 -0.108979  0.102916   0.00156067   -0.0034805 -4.09381e-05 -0.00255048   0.0052014 -0.00860341 -6.12185e-05  -0.00018776  1.89078e-05  -0.0251827  -0.0102468 -0.00425262 -0.0330942 -0.0338742   -9.80889 
                86.1 -0.0643314   0.134351   -52.8286  -1.70293 -0.248122 0.0054879 0.0501075  -0.10906  0.102883   0.00156482  -0.00348338 -3.69565e-05 -0.00100663 -0.00798684  -0.0147872 -8.67521e-05  -0.00036927  2.29473e-05  -0.0252129  -0.0101926 -0.00404702  -0.033115 -0.0338745   -9.80889 
                86.2 -0.0986078 0.00238782   -52.8473   -1.70169  -0.247814 0.00610238 0.0501593 -0.108997  0.102908   0.00156349  -0.00348234 -3.76518e-05  0.00262786 -0.00931253  -0.0116886 -6.55334e-05 -0.000321395  3.29146e-05  -0.0252158  -0.0102738 -0.00414763 -0.0330943 -0.0338866   -9.80889 
                86.3 -0.101607 -0.320045  -52.8965   -1.69572  -0.249578 0.00899889 0.0504451 -0.108971  0.102919   0.00156425   -0.0034786 -4.69854e-05  0.00961611 -0.00865892 -0.00643986 -6.38409e-05  -0.00015972  6.02311e-05  -0.0254499  -0.0105039 -0.00434778  -0.033076 -0.0339743   -9.80889 
                86.4 -0.236336 -0.150844  -52.7956  -1.69965 -0.249797 0.0159592 0.0502643 -0.109028  0.102976   0.00156348  -0.00347966 -4.83683e-05  0.00566571 -0.00826823  0.00514835  1.04209e-05 -0.000252869  4.41247e-06   -0.025309  -0.0102641 -0.00470912 -0.0331082 -0.0339066   -9.80889 
                86.5 -0.215063 -0.139296  -52.8056  -1.70133 -0.250227 0.0159043 0.0501626 -0.109043  0.103003   0.00156325  -0.00347945 -4.90714e-05  0.0038011 -0.0110436 0.00385123    -1.61e-06 -0.000248052  9.37642e-06  -0.0252258  -0.0101763 -0.00467698 -0.0331159 -0.0338745   -9.80889 
                86.6 -0.346518 -0.155261  -52.7993  -1.69798 -0.248592 0.0167558 0.0502369 -0.108898  0.102972   0.00156337  -0.00347947 -4.47689e-05  0.0119724 -0.0039226 0.00374071  7.21891e-05 -0.000230554  6.10013e-06 -0.0251942 -0.0103587 -0.0046915 -0.0330656 -0.0338936   -9.80889 
                86.7 -0.0775459  -0.166942   -52.8449  -1.69917 -0.245169 0.0134712 0.050067 -0.10879 0.103043   0.00156251  -0.00348125 -4.43017e-05  0.00513301 -0.00157187 -0.00283394 -7.94159e-05 -0.000215835   3.1168e-05 -0.0249348 -0.0103799 -0.0045139 -0.0330186 -0.0338373   -9.80889 
                86.8 0.00786142  -0.478246   -52.9106  -1.69695 -0.248872 0.0118098 0.0502101 -0.108923  0.103025  0.00156128 -0.00347963 -5.2201e-05  0.00284642 -0.00882686 -0.00507203 -0.000126759 -4.95541e-05  6.81433e-05  -0.0251597  -0.0103947 -0.00444769 -0.0330537 -0.0338914   -9.80889 
                86.9  -0.020232 -0.0249636   -52.8752  -1.69685 -0.254114 0.0112474 0.0502655 -0.109064  0.103092    0.0015608  -0.00347952 -4.56294e-05  0.00273384  -0.0232861 -0.00483835 -0.000110721 -0.000276449  4.79673e-05  -0.0253202  -0.0102875 -0.00445855 -0.0331057 -0.0339128   -9.80889 
                  87  0.0105217 -0.0549163   -52.7949   -1.69759  -0.253763 0.00877965   0.05016 -0.109015  0.103087  0.00156142 -0.00347898 -4.8465e-05 0.000570284  -0.0237927 -0.00798731 -0.000126991 -0.000264746  2.86348e-06  -0.0251511  -0.0103193 -0.00435478  -0.033072 -0.0338792   -9.80889 
                87.1  -0.10974 -0.324545  -52.8071  -1.70045  -0.25304 0.0143526 0.0500619 -0.108849  0.103151     0.001564  -0.00348048 -4.39843e-05 -0.00587864  -0.0162629 0.000334064 -6.22017e-05 -0.000110177  9.36464e-06  -0.024998 -0.0102434 -0.0046494 -0.0330607 -0.0338323   -9.80889 
                87.2 -0.129822 -0.212765  -52.8393  -1.70352 -0.251704 0.0187402 0.0499548 -0.108694  0.103221   0.00156361  -0.00348237 -4.44174e-05  -0.010449 -0.0104945 0.00692064 -5.07852e-05 -0.000155369  2.73142e-05  -0.0248282  -0.0101939 -0.00485705 -0.0330417 -0.0337861   -9.80889 
                87.3 -0.274905 -0.081479  -52.8264  -1.70288 -0.249178 0.0177805 0.0499116 -0.108577  0.103092   0.00156356  -0.00348166 -4.20758e-05 -0.00221519 -0.00771584  0.00311811  3.06058e-05 -0.000252148   1.9871e-05  -0.0246797  -0.0103514 -0.00477363 -0.0329817 -0.0337748   -9.80889 
                87.4 -0.0471343  -0.312711   -52.8625  -1.70242 -0.251455 0.0128235 0.0499446  -0.10874  0.103064   0.00156177  -0.00348204 -4.26395e-05 -0.00751108  -0.0110817 -0.00132238  -9.8217e-05 -0.000127954  4.05711e-05  -0.0247463  -0.0103812 -0.00451631 -0.0329884 -0.0337955   -9.80889 
                87.5 -0.450707 -0.186328  -52.9317  -1.70123 -0.249072 0.0249827 0.0500187 -0.108271     0.103   0.00155851  -0.00349489 -3.71831e-05 0.00218587 0.00249562  0.0171468 0.000118618 -0.00020211  7.6595e-05  -0.0247468   -0.010494 -0.00511358 -0.0329526 -0.0338056   -9.80889 
                87.6 -0.130483  0.016036   -52.777  -1.69934 -0.247166 0.0211257 0.0499938 -0.108299  0.102895  0.00156246 -0.00349501 -3.9059e-05   0.00472205 -0.000748228   0.00935247 -5.65716e-05 -0.000315927 -9.66272e-06   -0.024656  -0.0106446 -0.00484612 -0.0329063 -0.0338074   -9.80889 
                87.7 -0.0587683  -0.397902    -52.788  -1.69489 -0.249062 0.0164777 0.0501521 -0.108446  0.102784   0.00155824   -0.0034983 -4.97734e-05   0.00456622 -0.000366825    0.0020067 -9.59235e-05 -9.05507e-05 -2.96607e-06  -0.0248476  -0.0108103 -0.00457511  -0.032902 -0.0338751   -9.80889 
                87.8 -0.222719 -0.216064  -52.8304  -1.70203 -0.248511 0.0198921 0.0498757 -0.108473  0.103019   0.00155831  -0.00350033 -5.12699e-05 -0.00899454  0.00303705  0.00623003 -5.44249e-06 -0.000195566  2.00286e-05  -0.0246331  -0.0104646 -0.00473798 -0.0329463 -0.0337781   -9.80889 
                87.9 -0.230114  0.105611  -52.8449  -1.70604 -0.250033  0.014765 0.0497283 -0.108674  0.103069   0.00156344  -0.00350014 -5.33153e-05  -0.0101515 -0.00793369 -0.00175275 -3.78113e-06 -0.000372072  2.72357e-05  -0.0245623  -0.0102894 -0.00446895  -0.032979 -0.0337393   -9.80889 
                  88 -0.195809 -0.265407  -52.8425  -1.70515 -0.249583 0.0107425 0.0497804 -0.108661  0.103073   0.00155988   -0.0035001 -5.39652e-05 -0.00867452 -0.00466662 -0.00768587 -2.05603e-05 -0.000179487  2.63128e-05 -0.0245683  -0.010417 -0.0042764 -0.0329509 -0.0337592   -9.80889 
                88.1 -0.217215 -0.129349  -52.8295   -1.70316  -0.250761 0.00851853 0.0498915 -0.108664   0.10305   0.00155966   -0.0034998 -5.36323e-05 -0.00160203 -0.00773642  -0.0103157 -8.60872e-06 -0.000254886  1.88553e-05  -0.0246659  -0.0105271 -0.00421263 -0.0329411 -0.0337962   -9.80889 
                88.2 0.263556 0.384559 -52.8724    -1.70384   -0.254279 -0.00955998 0.0498016  -0.10887  0.102986   0.00158268  -0.00352174 -4.70217e-05 -0.0051295 -0.0334681 -0.0364575  -0.00027229 -0.000539448  4.26259e-05  -0.0246159  -0.0105153 -0.00338752 -0.0329403 -0.0337822   -9.80889 
                88.3 -0.264282 0.0412569  -52.8427      -1.705   -0.253041 -0.00355776 0.0497578 -0.108648  0.102977   0.00158246  -0.00352599 -4.05033e-05 -0.00436059  -0.0163449  -0.0229593  2.27756e-05 -0.000344663  2.59606e-05  -0.0244643  -0.0105434 -0.00384796 -0.0329063 -0.0337527   -9.80889 
                88.4  -0.158496 0.00682726   -52.8038    -1.7053  -0.251713 0.00203728  0.049762 -0.108461  0.102973   0.0015855 -0.00352673 -3.7156e-05 -0.00266178  -0.0129294 -0.00963922 -3.47501e-05 -0.000336095  4.75024e-06  -0.0243591  -0.0106133 -0.00423462 -0.0328712 -0.0337414   -9.80889 
                88.5  -0.14258 -0.107047  -52.8213   -1.70127  -0.251576 0.00813647  0.049942 -0.108314  0.102984    0.0015898  -0.00352692 -3.83323e-05  0.00433576 -0.00839975 0.000854508 -4.37819e-05 -0.000281966  1.39912e-05  -0.0244441  -0.0108299 -0.00458319 -0.0328332 -0.0337927   -9.80889 
                88.6  -0.595061 -0.0981801   -52.7555  -1.70461 -0.247666   0.02395 0.0498052 -0.108196  0.103009   0.00159633  -0.00354364 -3.50091e-05 0.00442408  0.0141932  0.0232556  0.000207397 -0.000288128  -2.2837e-05  -0.0242162  -0.0106784 -0.00532885 -0.0328286 -0.0337314   -9.80889 
                88.7 -0.246915 -0.144051  -52.8226    -1.704 -0.244784 0.0212744 0.0497701 -0.108125  0.103078    0.0015937  -0.00354386 -3.38101e-05 0.00306125   0.013585  0.0167742  1.27164e-05 -0.000255446  1.49726e-05  -0.0241278  -0.0107591 -0.00508595 -0.0327968 -0.0337197   -9.80889 
                88.8 -0.324697 -0.132489  -52.8357  -1.70283 -0.244242 0.0195284  0.049794 -0.108139  0.103074    0.0015928  -0.00354323 -3.39237e-05 0.00737102  0.0111206  0.0111455  5.59135e-05 -0.000256111  2.22765e-05  -0.0241761  -0.0107815 -0.00492034 -0.0327998 -0.0337305   -9.80889 
                88.9 -0.166543 -0.213593  -52.8231  -1.70177 -0.246111 0.0159224 0.0498416  -0.10822  0.103039  0.00159136 -0.00354494 -3.3705e-05 0.00484223 0.00463315 0.00342129 -3.23767e-05 -0.000224856  1.45654e-05  -0.0243061   -0.010756 -0.00470107 -0.0328265 -0.0337519   -9.80889 
                  89 0.0928847  0.103726  -52.8696   -1.70097  -0.246706 0.00301302 0.0498005 -0.108195  0.103023   0.00159779  -0.00355686 -3.31558e-05 0.00368331 -0.0111239 -0.0152394 -0.000176548 -0.000403704  4.03901e-05  -0.0242742  -0.0108199 -0.00407531 -0.0328114 -0.0337439   -9.80889 
                89.1  -0.161508 -0.0884176   -52.7613   -1.70247   -0.24877 0.00351239 0.0497673 -0.108284  0.102982   0.00159706  -0.00355612 -3.28311e-05 0.000830771   -0.010591  -0.0135948 -3.34314e-05 -0.000287094 -2.02341e-05 -0.0242822 -0.0106905 -0.0041681 -0.0328415 -0.0337308   -9.80889 
                89.2 -0.141187 -0.184902  -52.7007   -1.69769  -0.240728 0.00635864 0.0497939 -0.107898  0.103077   0.00160248  -0.00355407 -2.93378e-05  0.00678737  0.00942391 -0.00881776 -4.49791e-05 -0.000233686 -5.40453e-05  -0.0240315  -0.0111089 -0.00434881 -0.0327083 -0.0337324   -9.80889 
                89.3 -0.28367 -0.28874 -52.7783   -1.6994  -0.24285 0.0115829  0.049794 -0.108046  0.103039   0.00160635  -0.00355629 -3.33978e-05 0.00165759 0.00969354 0.00230229   3.4925e-05 -0.000178468 -1.02385e-05  -0.0241278   -0.010902 -0.00464549 -0.0327671 -0.0337299   -9.80889 
                89.4 -0.321577 -0.319385  -52.7361  -1.70043 -0.241432 0.0243953 0.0498061 -0.108046  0.103017   0.00161116  -0.00356157 -3.34651e-05 0.000799238   0.0159926   0.0223268  5.54271e-05 -0.000171723 -3.42476e-05 -0.0241015 -0.0108227 -0.0052668 -0.0327773 -0.0337211   -9.80889 
                89.5 -0.392245 -0.143711   -52.796  -1.70308 -0.244969 0.0215102 0.0497674 -0.108276  0.103007   0.00161523  -0.00355854 -3.55098e-05 -0.000202712   0.00493557    0.0143762  9.42857e-05 -0.000276023 -1.57125e-06  -0.0242267  -0.0105676 -0.00502374 -0.0328538  -0.033714   -9.80889 
                89.6 -0.517245 -0.674133  -52.8267  -1.70325 -0.245556 0.0337276  0.049864 -0.108339  0.102913   0.00162657  -0.00356369 -4.07014e-05 -0.00159124   0.0194489   0.0309931 0.000163107   2.001e-05 1.76535e-05  -0.0243752  -0.0104934 -0.00554154 -0.0328892  -0.033738   -9.80889 
                89.7 -0.0571012  -0.257409    -52.936  -1.70604  -0.24901 0.0144385 0.0497598 -0.108577  0.102884   0.00163674  -0.00357951 -2.57318e-05  -0.0122889 -0.00141702 -0.00261293 -9.00008e-05 -0.000213207  7.65267e-05   -0.024417  -0.0103363 -0.00447309 -0.0329367 -0.0337248   -9.80889 
                89.8 -0.163663  -0.18847   -52.887  -1.70609   -0.2491 0.0111021 0.0497732 -0.108563  0.102861    0.0016381   -0.0035804 -2.58577e-05 -0.00737179 -0.00575889 -0.00854363 -3.11136e-05  -0.00024805  4.85348e-05  -0.0244201  -0.0103908 -0.00432482 -0.0329262 -0.0337324   -9.80889 
                89.9 -0.0326435  -0.143015   -52.7921   -1.70271   -0.24818 0.00675695 0.0498734 -0.108441  0.102827   0.00164145  -0.00358269 -2.98994e-05 -0.00205993 -0.00707155  -0.0142658 -0.000103578 -0.000282004 -4.22368e-06  -0.0244439  -0.0106364 -0.00415363 -0.0328765 -0.0337681   -9.80889 
                  90 -0.180365 -0.138799   -52.825   -1.70194    -0.2504 0.00800105 0.0499359 -0.108462  0.102824   0.00164042  -0.00358343 -2.79997e-05 0.000613352 -0.00937283  -0.0097707 -2.18422e-05 -0.000286037  1.41345e-05   -0.024552  -0.0106288 -0.00428625 -0.0328928  -0.033788   -9.80889 
                90.1 -0.186719  -0.24291  -52.7947  -1.70206 -0.249256 0.0135181 0.0499267 -0.108355  0.102822   0.00164051  -0.00358385 -2.64179e-05 -0.000667799  -0.00246099   1.4433e-05 -1.73056e-05 -0.000223799 -2.75319e-06  -0.0244931  -0.0106567 -0.00460346 -0.032876 -0.033776  -9.80889 
                90.2 -0.280589 -0.362163   -52.962   -1.7009 -0.252101 0.0219423  0.050033 -0.108369  0.102819   0.00164309  -0.00358349 -2.90115e-05 0.000586459 0.000120157   0.0139895  3.47739e-05 -0.000155472  9.00087e-05  -0.0247114  -0.0106198 -0.00501406  -0.032914 -0.0338109   -9.80889 
                90.3 -0.272975 -0.541715  -52.9666   -1.6979 -0.254738 0.0212446 0.0501729 -0.108438  0.102779   0.00164095  -0.00358122 -3.67359e-05    0.002754 2.05623e-05   0.0101398  3.08697e-05 -4.90244e-05  9.23701e-05  -0.0249206  -0.0106928 -0.00491774 -0.0329294 -0.0338642   -9.80889 
                90.4 -0.416096 -0.459671   -52.768  -1.70087 -0.252512 0.0232237 0.0500114 -0.108432  0.102859   0.00163984  -0.00357885 -3.82431e-05 -0.0026088  0.0110364  0.0111984  0.000108962 -9.76201e-05 -1.81042e-05  -0.0247381  -0.0105806 -0.00495809 -0.0329275  -0.033812   -9.80889 
                90.5 -0.285121 -0.322465  -52.7994  -1.69931 -0.249683 0.0228296 0.0500396 -0.108355  0.102813   0.00164048  -0.00357837 -3.87597e-05 0.00145248  0.0153912 0.00938894  3.63474e-05 -0.000165856  -1.0519e-06  -0.0246965  -0.0107183 -0.00488595 -0.0328918 -0.0338221   -9.80889 
                90.6 -0.378757 -0.141672  -52.8146  -1.70172 -0.247343  0.016016 0.0499012 -0.108417  0.102845   0.00164609  -0.00357644 -4.38384e-05 0.000513001   0.0145373 -0.00333836  8.96544e-05 -0.000283561  6.46489e-06   -0.024514  -0.0106319 -0.00451365 -0.0328852 -0.0337804   -9.80889 
                90.7  -0.607345 -0.0903815   -52.8844  -1.70296 -0.243707 0.0241862 0.0498317 -0.108318  0.102861   0.00164017  -0.00358312 -4.72609e-05 0.00990838  0.0193079 0.00957113   0.00021501 -0.000295705  4.40833e-05  -0.0244355  -0.0105685 -0.00491833 -0.0328849 -0.0337479   -9.80889 
                90.8 -0.225058 -0.329981  -52.8378  -1.70261 -0.245186 0.0190404 0.0498939 -0.108474  0.102861   0.00163859  -0.00358757 -4.61362e-05  0.000701117    0.0172133 -0.000683257  3.15262e-06 -0.000161571  1.92992e-05   -0.024585  -0.0105042 -0.00463558 -0.0329215 -0.0337762   -9.80889 
                90.9 -0.397812 -0.429877  -52.9437  -1.70108 -0.248252  0.021307 0.0500255 -0.108599  0.102862   0.00164032  -0.00358433 -5.16473e-05 0.00437797  0.0139088 0.00425614  9.86263e-05 -0.000101123  7.82007e-05   -0.02487 -0.0104313  -0.004748 -0.0329779 -0.0338223   -9.80889 
                  91 -0.203816 -0.265167  -52.8273  -1.70355 -0.248198 0.0229718 0.0499492  -0.10866  0.102909   0.00163879  -0.00358288 -4.82565e-05 -0.00223804   0.0105462  0.00624901 -7.41422e-06 -0.000197623  1.28736e-05  -0.0248392  -0.0102759 -0.00481595  -0.033006 -0.0337956   -9.80889 
                91.1 -0.0802665  0.0531155   -52.8637  -1.70564 -0.250649  0.014161 0.0499121 -0.108854  0.102904   0.00164654  -0.00358897 -4.20576e-05 -0.00538623 -0.00459533 -0.00705528 -7.53741e-05 -0.000370382  3.25299e-05  -0.0248519  -0.0101444 -0.00437645 -0.0330413 -0.0337913   -9.80889 
                91.2 -0.300519  -0.16852  -52.9046  -1.70655 -0.248407  0.012395 0.0498578 -0.108792  0.102901   0.00164535  -0.00358885 -4.03447e-05 -0.00774923  0.00754367  -0.0101418  4.81145e-05 -0.000244203  5.52254e-05  -0.0247308  -0.0101817 -0.00431918 -0.0330164 -0.0337727   -9.80889 
                91.3 -0.266389  0.124779  -52.8554     -1.708  -0.247678 0.00475755  0.049781 -0.108826  0.102902   0.00164868  -0.00358866 -4.29507e-05 -0.00302871 -0.00155756   -0.020204  2.93072e-05 -0.000431991  2.69576e-05  -0.0246184  -0.0101666 -0.00400869 -0.0330073 -0.0337538   -9.80889 
                91.4  -0.285052 -0.0838187   -52.8651   -1.70531   -0.24503 0.00680758 0.0498458 -0.108672  0.102907   0.00164915  -0.00358887 -4.08998e-05  0.0046054 0.00662242   -0.01402  3.93176e-05 -0.000312192  3.29325e-05  -0.0246107  -0.0103557 -0.00419314 -0.0329638 -0.0337724   -9.80889 
                91.5 -0.0755117  -0.219374   -53.0133    -1.70209   -0.250365 1.59711e-05  0.050027 -0.108851  0.102861   0.00164641  -0.00358615 -5.03698e-05    0.005083 -0.00792148  -0.0216536 -7.54239e-05 -0.000238787  0.000115014  -0.0249379  -0.0103694 -0.00394057 -0.0330111 -0.0338426   -9.80889 
                91.6 0.0360007 -0.355933  -52.8413   -1.70076  -0.249642 0.00169261 0.0500658 -0.108761  0.102873  0.00165042 -0.00358324 -5.1331e-05 0.000188173 -0.00348407   -0.015786 -0.000135476  -0.00014679  1.90911e-05 -0.0249258 -0.0104526 -0.0041241 -0.0329895 -0.0338492   -9.80889 
                91.7 -0.0251185  -0.251776   -52.8405   -1.70001  -0.250693 0.00857959 0.0501324 -0.108728  0.102897    0.0016532  -0.00358229 -5.13598e-05  0.00117791 -0.00618044 -0.00228346 -0.000101424 -0.000197022  1.87214e-05  -0.0250191   -0.010454 -0.00453746 -0.0329985 -0.0338662   -9.80889 
                91.8 -0.244709 -0.106562  -52.8111  -1.70044 -0.249225 0.0138786 0.0500807 -0.108644  0.102932   0.00165199  -0.00358494 -5.17638e-05  0.00591617 -0.00396883  0.00515286  2.05285e-05 -0.000295377  2.18543e-06  -0.0249127  -0.0104482 -0.00480462 -0.0329821 -0.0338434   -9.80889 
                91.9   -0.4541 -0.203188  -52.8445  -1.70735  -0.24931 0.0241894 0.0498628  -0.10871  0.102982    0.0016533  -0.00359445 -6.46162e-05 -0.00386674  0.00370667   0.0195683  0.000136816 -0.000228706  2.03174e-05  -0.0247478  -0.0100574 -0.00526301 -0.0330372 -0.0337615   -9.80889 
                  92 -0.469264 -0.147166  -52.8728  -1.70805  -0.24848 0.0331427 0.0498646  -0.10864  0.102977   0.00165271  -0.00359931 -6.56776e-05 -0.00105329  0.00957699   0.0311925   0.00014466 -0.000256784  3.56066e-05  -0.0247511  -0.0100226 -0.00559914 -0.0330421  -0.033757   -9.80889 
                92.1 -0.389056 -0.263285  -52.8531  -1.70519 -0.248714 0.0252652  0.049935 -0.108764  0.102923   0.00164944  -0.00359704 -6.59543e-05 0.00462482 0.00724101  0.0136777  0.000100368 -0.000184771  2.48498e-05  -0.0248383   -0.010159 -0.00507038 -0.0330311 -0.0337923   -9.80889 
                92.2 -0.253289 -0.306766  -52.8625  -1.70441 -0.249128 0.0189742 0.0499319 -0.108878   0.10291   0.00164731  -0.00359901 -6.56171e-05 0.00374796 0.00383701 0.00163277 2.52748e-05 -0.00017366 3.01305e-05  -0.0248536  -0.0101757 -0.00470367 -0.0330338 -0.0337987   -9.80889 
                92.3 -0.157593  -0.29975  -52.8678  -1.70356 -0.248565 0.0209523 0.0499572  -0.10884  0.102895   0.00164745  -0.00359798 -6.65351e-05 0.00347212 0.00589396 0.00465613 -2.76531e-05 -0.000174889  3.30008e-05  -0.0248735  -0.0102064 -0.00479152 -0.0330292 -0.0338058   -9.80889 
                92.4 0.0136524  0.163105  -52.8001   -1.70191  -0.249932 0.00571116 0.0499336 -0.109025  0.102765   0.00166396  -0.00361016 -6.30987e-05 0.00481482   -0.01057 -0.0189044 -0.000120508 -0.000432533 -5.15131e-06  -0.0248524  -0.0102837 -0.00404707 -0.0330204 -0.0338137   -9.80889 
                92.5 -0.282932 -0.143912  -52.7866   -1.70008  -0.250934 0.00576501 0.0500024 -0.109012  0.102733  0.00166273 -0.00360946 -6.2284e-05  0.00590195 -0.00263652  -0.0171492  4.33626e-05  -0.00025116 -1.26982e-05  -0.0249555  -0.0103228 -0.00413764 -0.0330254 -0.0338375   -9.80889 
                92.6  -0.215588 -0.0265974   -52.9066  -1.70524 -0.248148 0.0119603 0.0498024 -0.108941  0.102774   0.00166233  -0.00361346 -6.40355e-05 -0.00331462  0.00374093 -0.00572077  5.99583e-06 -0.000322061  5.32976e-05  -0.0246822  -0.0101192 -0.00451787 -0.0330264 -0.0337599   -9.80889 
                92.7 -0.321316 -0.191842  -52.8201  -1.70395  -0.24931 0.0156697 0.0498916 -0.108962  0.102746   0.00166371  -0.00361472 -6.53755e-05 0.00100876 0.00419094 0.00119009  6.38451e-05 -0.000250042  5.87341e-06  -0.0248209   -0.010132 -0.00472405 -0.0330412 -0.0337876   -9.80889 
                92.8 -0.269472 -0.311122  -52.8417  -1.70327 -0.249604 0.0197462 0.0499366 -0.108973  0.102724   0.00166603  -0.00361493 -6.65987e-05 0.00179356 0.00536789 0.00705723  3.60573e-05 -0.000179566  1.78629e-05 -0.0248916 -0.0101313 -0.0049163  -0.03305 -0.033801  -9.80889 
                92.9 -0.233886 0.0180177  -52.8693  -1.70895 -0.250346 0.0163535 0.0497479  -0.10909  0.102664     0.001668  -0.00361633 -6.95412e-05 -0.00678269 -0.00155334  0.00185717  1.65539e-05 -0.000363736  3.22573e-05  -0.0247284 -0.00984209 -0.00472596 -0.0330882 -0.0337372   -9.80889 
                  93 -0.0164145  -0.269415   -52.8765  -1.70454 -0.248953 0.0125109 0.0498682  -0.10896   0.10275   0.00166447  -0.00361789 -7.78806e-05 -0.00309699 2.24525e-05 -0.00483209 -0.000103264  -0.00019699   3.6161e-05  -0.0248081  -0.0101476 -0.00452909 -0.0330376 -0.0337859   -9.80889 
                93.1 -0.204789 -0.184479  -52.8077  -1.70425 -0.249667 0.0104514 0.0498842  -0.10898  0.102745   0.00166441  -0.00361786 -7.76818e-05 -0.000385354  -0.00179007  -0.00700951  1.09593e-06 -0.000242156 -2.08038e-06  -0.0248464  -0.0101481 -0.00445418  -0.033043 -0.0337931   -9.80889 
                93.2 0.0487922 -0.248961  -52.8856   -1.70331    -0.2499 0.00777183 0.0499169 -0.108954  0.102746   0.00166365   -0.0036183 -7.89801e-05 -0.00326442 -0.00411601 -0.00981901 -0.000138713 -0.000209176  4.10184e-05  -0.0248735  -0.0102246 -0.00436143 -0.0330316 -0.0338065   -9.80889 
                93.3 -0.199674 0.0371963  -52.8335     -1.707  -0.250539 0.00863616 0.0498024 -0.109002  0.102752   0.00166202  -0.00361924 -8.43051e-05 -0.00565631 -0.00720327 -0.00667615 8.70236e-08 -0.00036939 1.16599e-05  -0.0247605  -0.0100509 -0.00445189 -0.0330512 -0.0337661   -9.80889 
                93.4  -0.366255 -0.0255147   -52.8111  -1.70432 -0.250518 0.0149435 0.0499145 -0.108928   0.10273  0.00166036 -0.00362456 -7.9296e-05  0.00452345 -0.00357649   0.0040601  9.13369e-05 -0.000317336 -1.08711e-06  -0.0248487  -0.0101788 -0.00478635 -0.0330359 -0.0337977   -9.80889 
                93.5 -0.271053 -0.114128  -52.8212  -1.70325 -0.248443 0.0151609 0.0498981 -0.108838  0.102742   0.00166037  -0.00362432 -7.78663e-05 0.00562592 0.00148892  0.0039268  3.85108e-05 -0.000276439  4.83865e-06 -0.0247557 -0.0102719 -0.0047733 -0.0330049 -0.0337905   -9.80889 
                93.6 -0.505309  -0.52146   -52.775  -1.70229 -0.248234 0.0292335  0.049986 -0.108817  0.102682    0.0016751  -0.00363505 -8.07084e-05 0.00661493  0.0162196  0.0251016 0.00016688 -4.425e-05 -1.899e-05 -0.0248647 -0.0102337 -0.0054258 -0.0330247  -0.033808   -9.80889 
                93.7 -0.231451 -0.344656  -52.8952  -1.70235 -0.248715 0.0255347 0.0499717 -0.108913   0.10269   0.0016741 -0.00363523 -7.8268e-05 0.00323525 0.00994106  0.0156284  1.68185e-05 -0.000138017  4.66236e-05  -0.0249011  -0.0101781 -0.00513446  -0.033042 -0.0338081   -9.80889 
                93.8 -0.491083 -0.131747  -52.8008  -1.69987 -0.245402 0.0206338 0.0499677 -0.108846  0.102658   0.00167723   -0.0036314 -7.62625e-05  0.0121077  0.0165422 0.00601112  0.000160271 -0.000252239 -6.44865e-06  -0.0248189  -0.0103221 -0.00481546  -0.033005 -0.0338083   -9.80889 
                93.9 -0.355878 -0.205338  -52.8137   -1.7002 -0.244308 0.0208208 0.0499258 -0.108882  0.102681   0.00167741   -0.0036315 -7.54999e-05 0.00963517  0.0167034 0.00523104  8.43898e-05 -0.000217027  3.23305e-07  -0.0247973  -0.0102424 -0.00479924  -0.033018 -0.0337956   -9.80889 
                  94 -0.118045 -0.211701  -52.8382  -1.70192 -0.246732 0.0105413 0.0498699 -0.109082  0.102692   0.00167953  -0.00363991 -6.66153e-05 0.00147277 0.00374867 -0.0116401 -4.71388e-05 -0.000211213  1.39468e-05  -0.0248542  -0.0100619 -0.00428059 -0.0330649  -0.033789   -9.80889 
                94.1 -0.0647075    0.13365   -52.8434   -1.70228  -0.248416 0.00512632 0.0498505  -0.10915  0.102673    0.0016834  -0.00364268 -6.32277e-05  0.00468126 -0.00914865   -0.018246 -7.63056e-05 -0.000398932  1.64411e-05  -0.0248716  -0.0100058 -0.00408263  -0.03308 -0.033787  -9.80889 
                94.2  -0.14355 0.0969667  -52.7753   -1.70205  -0.246641 0.00605802 0.0498086 -0.109052  0.102693  0.00168208 -0.00364152  -6.573e-05  0.00481902 -0.00658833  -0.0133197 -3.12295e-05 -0.000397429  -2.1417e-05 -0.0247439 -0.0100569 -0.0042085 -0.0330525 -0.0337683   -9.80889 
                94.3 -0.104044 -0.296663  -52.9142   -1.69574  -0.248919 0.00863304 0.0500167 -0.109016  0.102675   0.00168188  -0.00363643 -7.72415e-05   0.0114144 -0.00665213 -0.00757237 -5.27461e-05 -0.000164704  5.54879e-05  -0.0250302  -0.0102811 -0.00439801 -0.0330439 -0.0338431   -9.80889 
                94.4 -0.232146 -0.142692  -52.8129  -1.69946 -0.249245 0.0155603 0.0498782 -0.109039  0.102767   0.00168202  -0.00363756 -7.76548e-05  0.00542988 -0.00453356  0.00329479  1.77545e-05 -0.000247414 -7.55063e-07   -0.024894  -0.0100338 -0.00476421 -0.0330712 -0.0337916   -9.80889 
                94.5 -0.213572 -0.137588   -52.822  -1.70115 -0.249555 0.0154626 0.0498029 -0.109062  0.102792   0.00168189  -0.00363753 -7.79837e-05  0.00174069 -0.00551352  0.00354851  7.12427e-06 -0.000252192   4.4439e-06  -0.0248118 -0.00993884 -0.00474088 -0.0330794 -0.0337667   -9.80889 
                94.6 -0.340679 -0.153099  -52.8164  -1.69801 -0.247771 0.0163337 0.0498565 -0.108954  0.102762   0.0016819 -0.00363763 -7.4177e-05   0.0100257 0.000423467  0.00387616  7.90722e-05 -0.000238873  1.15104e-06  -0.0247947  -0.0101188 -0.00476058 -0.0330423 -0.0337824   -9.80889 
                94.7 -0.0738863  -0.161653   -52.8606  -1.69926 -0.244299 0.0132303 0.0497334 -0.108883    0.1028   0.00168105  -0.00363947 -7.34946e-05   0.00109394   0.00509453 -7.30153e-05 -6.87682e-05 -0.000230913   2.5664e-05  -0.0245456  -0.0101422 -0.00458854  -0.033008 -0.0337398   -9.80889 
                94.8 0.0119116 -0.472518  -52.9288  -1.69731 -0.247669 0.0117211 0.0498569 -0.108999  0.102799   0.00167979   -0.0036377 -8.20214e-05  -0.00297342 -0.000242733  -0.00241582  -0.00011557 -5.63522e-05  6.32143e-05  -0.0247979  -0.0101479 -0.00452274 -0.0330392 -0.0337861   -9.80889 
                94.9 -0.0162724 -0.0269802   -52.8938  -1.69739 -0.252518  0.011372 0.0499025  -0.10913  0.102822   0.00167928  -0.00363746 -7.50395e-05 -0.000977157   -0.0161877  -0.00228863 -9.96305e-05 -0.000302377  4.35326e-05  -0.0249773  -0.0100397 -0.00453646 -0.0330827 -0.0338072   -9.80889 
                  95 0.00610144 -0.0479416   -52.8176   -1.69845  -0.252177 0.00902033 0.0498335 -0.109085  0.102834   0.00167997   -0.0036369 -7.73687e-05  -0.0027643  -0.0154474 -0.00558455 -0.000111663 -0.000287607  1.27746e-06  -0.0248428  -0.0100628 -0.00442994 -0.0330619  -0.033785   -9.80889 
                95.1 -0.115483 -0.316295  -52.8275  -1.70124 -0.251403 0.0146701 0.0497692 -0.109009  0.102852   0.00168235  -0.00363822 -7.42525e-05  -0.0109685 -0.00685593  0.00423215 -4.29138e-05 -0.000140514  6.68967e-06  -0.0247202 -0.00999342 -0.00471893 -0.0330588 -0.0337561   -9.80889 
                95.2 -0.127687 -0.177529  -52.8322  -1.70187 -0.249444 0.0175458 0.0497553 -0.108895  0.102852   0.00168186   -0.0036388 -7.36392e-05  -0.0105208 -0.00247968  0.00757304 -3.64301e-05 -0.000206314  8.62194e-06  -0.0246143    -0.01008 -0.00483708 -0.0330287 -0.0337466   -9.80889 
                95.3  -0.265436 -0.0709268   -52.8293  -1.70203 -0.246622  0.017014   0.04973 -0.108799  0.102842   0.00168201  -0.00363809 -7.25055e-05 -0.00583175  0.00237723  0.00427785  4.00748e-05 -0.000263005  6.85364e-06    -0.02449  -0.0101916 -0.00477185 -0.0329918 -0.0337358   -9.80889 
                95.4 -0.0210119  -0.314611   -52.8758 -1.70207 -0.24899  0.01179 0.0497743 -0.108902  0.102834   0.00168005  -0.00363867 -7.36179e-05  -0.0117404 -0.00375861 -0.00374959 -9.58792e-05 -0.000158371  3.32285e-05  -0.0246128   -0.010185 -0.00450074 -0.0330073  -0.033756   -9.80889 
                95.5 -0.446773 -0.173529   -52.939   -1.7012  -0.24676 0.0241886 0.0498233 -0.108722  0.102862   0.00167695  -0.00365183 -6.85757e-05 -0.000786581   0.00694999    0.0158475  0.000141823 -0.000227111  6.77927e-05  -0.0246026  -0.0102825 -0.00511284 -0.0329886 -0.0337658   -9.80889 
                95.6 -0.124475 0.0274435  -52.7911  -1.69934 -0.245818 0.0205527 0.0498375 -0.108696  0.102861   0.00168074   -0.0036523 -6.87805e-05    0.0037135 -0.000687913   0.00929394 -3.69746e-05  -0.00032414 -1.46716e-05  -0.0245869  -0.0104069 -0.00485899 -0.0329623 -0.0337745   -9.80889 
                95.7 -0.0508705  -0.383374   -52.8038   -1.6948 -0.248417 0.0158859 0.0499817 -0.108778  0.102844   0.00167634  -0.00365551 -7.99622e-05  0.00559893 -0.00410833 0.000348725 -7.61658e-05 -7.36769e-05 -7.69282e-06  -0.0248291  -0.0105568 -0.00458705 -0.0329636 -0.0338322   -9.80889 
                95.8 -0.218646 -0.207211  -52.8476  -1.70117 -0.249399 0.0191471 0.0497566 -0.108832  0.102986   0.00167662  -0.00365765 -8.16509e-05 0.00522709 -0.0187743 0.00203819  1.69928e-05 -0.000169901  1.63233e-05  -0.0246011   -0.010202 -0.00475237 -0.0330018 -0.0337557   -9.80889 
                95.9 -0.223842  0.103264  -52.8618  -1.70414 -0.252487 0.0141445 0.0496367 -0.108977  0.103111   0.00168115  -0.00365749 -8.50618e-05  0.00181058  -0.0277075 -0.00633287  1.95762e-05 -0.000335347  2.33671e-05  -0.0244956   -0.010018 -0.00450538 -0.0330241 -0.0337184   -9.80889 
                  96 -0.18999 -0.26845 -52.8587  -1.70287 -0.252814 0.0101535 0.0496286 -0.108986  0.103009   0.00167778  -0.00365792 -8.37505e-05 0.00220423 -0.0224374 -0.0127952  1.42109e-06 -0.000132916  2.25796e-05  -0.0244165  -0.0101421 -0.00433134 -0.0329935 -0.0337179   -9.80889 
                96.1 -0.206619 -0.137819  -52.8455   -1.70077  -0.254239 0.00803078 0.0496557 -0.108956  0.102868   0.00167744  -0.00365798 -8.37012e-05 0.00861792 -0.0249305 -0.0146018  7.83558e-06 -0.000202801  1.45557e-05  -0.0244187  -0.0102518 -0.00428765 -0.0329743 -0.0337293   -9.80889 
                96.2 0.285457 0.364759 -52.8865  -1.70142 -0.257802  -0.01042 0.0495376 -0.109493  0.102834   0.00169948  -0.00368078 -8.28909e-05 0.00439144 -0.0487939 -0.0405543 -0.000266148 -0.000490259  3.77191e-05   -0.024215   -0.010239 -0.00346426 -0.0329658 -0.0336954   -9.80889 
                96.3 -0.260655 0.0281162  -52.8617    -1.70292   -0.256216 -0.00395056 0.0494385 -0.109056   0.10277   0.00169958  -0.00368633 -7.52565e-05 0.00676825 -0.0333529 -0.0253447  3.93496e-05 -0.000308652  2.37089e-05   -0.023965  -0.0102643 -0.00396296 -0.0329233 -0.0336523   -9.80889 
                96.4  -0.135875 0.00276386   -52.8198   -1.70317  -0.254675 0.00176703 0.0493895 -0.108662  0.102666   0.00170255  -0.00368655 -7.08791e-05 0.00615403 -0.0266369 -0.0126005 -3.29087e-05 -0.000298956  1.80545e-07   -0.023783  -0.0103474 -0.00436804 -0.0328797 -0.0336289   -9.80889 
                96.5  -0.153133 -0.0916508   -52.8349   -1.69959  -0.254287 0.00591407 0.0494454  -0.10836   0.10244   0.00170539  -0.00368754 -6.88141e-05   0.0118957  -0.0205109 -0.00495127  -2.3639e-05 -0.000256602  8.91967e-06 -0.0237821  -0.010556 -0.0046314 -0.0328372 -0.0336493   -9.80889 
                96.6 -0.589152 -0.103653  -52.7707  -1.70263 -0.250171 0.0224646 0.0493373 -0.107771  0.102644   0.00171226  -0.00370443 -6.28735e-05   0.0147542 0.000151861   0.0202207  0.000218475 -0.000243524 -2.76144e-05   -0.023514  -0.0104114 -0.00543697 -0.0328153 -0.0335922   -9.80889 
                96.7 -0.227847 -0.157787  -52.8396  -1.70193 -0.247147 0.0201531 0.0492519 -0.107839  0.102602   0.00170976  -0.00370508 -6.03135e-05   0.0127327 0.000961389   0.0128162  1.59012e-05 -0.000210968  1.13899e-05  -0.0233104  -0.0104971 -0.00522557 -0.0327809 -0.0335651   -9.80889 
                96.8 -0.315117 -0.135119   -52.849  -1.70076 -0.246493 0.0186933 0.0492256 -0.107919  0.102593   0.00170898  -0.00370489 -5.99701e-05  0.0136488 0.00216592 0.00822612   6.4806e-05 -0.000221537  1.65861e-05  -0.0232626  -0.0105085 -0.00508927 -0.0327765 -0.0335575   -9.80889 
                96.9 -0.151853 -0.222339  -52.8364  -1.69989 -0.248277 0.0151605 0.049231 -0.10809  0.10262   0.00170758  -0.00370659 -5.89745e-05   0.00794589 -0.000133807   0.00103948 -2.61025e-05  -0.00017782  9.79347e-06  -0.0233146  -0.0104641 -0.00488653 -0.0327947 -0.0335613   -9.80889 
                  97 0.107066 0.092542 -52.8861   -1.69947  -0.248503 0.00238337 0.0491416 -0.108413  0.102529   0.00171355   -0.0037187 -6.05918e-05 0.00860029 -0.0178827 -0.0192155 -0.000172562 -0.000369978  3.72223e-05  -0.0231529  -0.0105211 -0.00427968 -0.0327801 -0.0335364   -9.80889 
                97.1  -0.157177 -0.0930017   -52.7745  -1.70121 -0.249882 0.0030099 0.0490935 -0.108405  0.102596   0.00171289  -0.00371754 -6.02325e-05 0.00567286 -0.0162108 -0.0151315 -2.43097e-05 -0.000263532 -2.53193e-05  -0.0230874   -0.010387 -0.00439193 -0.0327943 -0.0335138   -9.80889 
                97.2  -0.14729 -0.197327  -52.7097   -1.69661  -0.241495 0.00616735 0.0490528 -0.108021  0.102441   0.00171877  -0.00371539 -5.56754e-05   0.0128574  0.00225831 -0.00937787 -3.01629e-05 -0.000211731 -6.10759e-05  -0.0227944  -0.0108242 -0.00459426 -0.0326817 -0.0335057   -9.80889 
                97.3 -0.288583 -0.293665  -52.7936  -1.69836 -0.243784 0.0112324 0.0490538 -0.108007  0.102529   0.00172254  -0.00371784 -5.94706e-05    0.0095855 -0.000295582 -0.000809255  4.72305e-05 -0.000162169    -1.39e-05  -0.0228694  -0.0105922 -0.00488885 -0.0327256 -0.0334981   -9.80889 
                97.4 -0.329643  -0.31939  -52.7458  -1.69927 -0.242286 0.0237897 0.0490611 -0.107757   0.10255   0.00172693  -0.00372338 -5.91507e-05 0.00601412   0.010312  0.0177131  6.95619e-05 -0.000146245 -4.05068e-05   -0.022831  -0.0105095 -0.00551067 -0.0327265 -0.0334867   -9.80889 
                97.5 -0.383211 -0.149294  -52.8136  -1.70208  -0.24577 0.0207865 0.0490212 -0.108015  0.102702   0.00173098  -0.00372074 -6.17399e-05  0.00464337 -0.00108824  0.00998089  9.90735e-05 -0.000245085 -3.64309e-06  -0.0228947   -0.010229 -0.00528055 -0.0327855 -0.0334718   -9.80889 
                97.6 -0.507706 -0.680824  -52.8435  -1.70222 -0.246415 0.0329251  0.049098 -0.107865  0.102656   0.00174274  -0.00372613 -6.53006e-05 0.00210627  0.0124853  0.0262394 0.000168158 5.37507e-05 1.53311e-05  -0.0230389  -0.0101406 -0.00581379 -0.0328095 -0.0334867   -9.80889 
                97.7 -0.0517533  -0.258442   -52.9521  -1.70508 -0.249815 0.0137946 0.0490057 -0.108384  0.102742   0.00175307  -0.00374221 -5.10856e-05 -0.00852247 -0.00799513 -0.00686915 -8.63063e-05  -0.00016609  7.45989e-05  -0.0229909 -0.00996798  -0.0047689 -0.0328476 -0.0334668   -9.80889 
                97.8 -0.153355 -0.192568  -52.9043  -1.70521 -0.249914 0.0104246 0.0489936 -0.108402  0.102702   0.00175419  -0.00374328 -5.23202e-05 -0.00561224 -0.00879264   -0.012039 -2.89215e-05 -0.000207296  4.76996e-05  -0.0229565  -0.0100212 -0.00463558 -0.0328366 -0.0334668   -9.80889 
                97.9 -0.0523003 -0.0887601   -52.8075   -1.70272  -0.248851 0.00343583 0.0490028 -0.108385  0.102588   0.00175945  -0.00374643 -5.68528e-05 -0.000136488   -0.0122291   -0.0221663 -8.72099e-05 -0.000253149 -7.03526e-06 -0.0229114  -0.010246 -0.0043482 -0.0327964 -0.0334817   -9.80889 
                  98 -0.161886 -0.114577  -52.8427   -1.70184   -0.25088 0.00504542 0.0490507 -0.108332   0.10258     0.001758  -0.00374705 -5.49492e-05  0.0026296 -0.0134127 -0.0156049 -2.57758e-05 -0.000225711  1.27243e-05  -0.0230121  -0.0102508 -0.00453582 -0.0328043  -0.033496   -9.80889 
                98.1 -0.161416 -0.221094  -52.8135  -1.70184 -0.249705 0.0110548 0.0490399 -0.108166  0.102567   0.00175825  -0.00374704 -5.30065e-05  0.00226542 -0.00794383 -0.00464511 -2.64298e-05 -0.000172719 -3.33492e-06  -0.0229442  -0.0102916 -0.00490586 -0.0327867 -0.0334842   -9.80889 
                98.2 -0.271431 -0.349712  -52.9807  -1.70054 -0.252532 0.0199608 0.0491279 -0.108069  0.102575    0.0017612   -0.0037473 -5.52633e-05 0.00532154 -0.0068395 0.00943925  3.34906e-05 -0.000105609  9.03522e-05  -0.0231633   -0.010252 -0.00536368 -0.0328141   -0.03351   -9.80889 
                98.3 -0.207103 -0.538366  -52.9975  -1.69823 -0.255302 0.0183387 0.0492056 -0.108136  0.102542   0.00175861  -0.00374564 -6.20815e-05  0.00391993 -0.00655216   0.0050171 -2.40989e-06 -2.35369e-06  9.99316e-05   -0.023331  -0.0102943 -0.00523831 -0.0328262 -0.0335425   -9.80889 
                98.4 -0.399165 -0.436691   -52.786  -1.70092  -0.25325 0.0210037 0.0490875 -0.108114  0.102638  0.00175801 -0.00374333 -6.2448e-05 0.000865397  0.00337498  0.00763109  0.000103016 -5.18172e-05 -1.94562e-05  -0.0231307  -0.0101946 -0.00533179 -0.0328211 -0.0334999   -9.80889 
                98.5 -0.245972 -0.330472  -52.8204  -1.69868  -0.25044 0.0232782 0.0491169 -0.108001  0.102548   0.00175809  -0.00374279 -6.32962e-05 0.00440994 0.00817976 0.00845688  1.72427e-05 -9.84103e-05 -3.63799e-07   -0.023102  -0.0103694 -0.00540494 -0.0327875 -0.0335106   -9.80889 
                98.6  -0.41189 -0.188122  -52.8407  -1.70146 -0.248185 0.0172387 0.0489911 -0.108113  0.102618   0.00176234  -0.00373945 -6.94249e-05  0.00134211   0.0109416 -0.00267073 0.000110171 -0.00020745 1.04282e-05   -0.022881  -0.0102592 -0.00506303 -0.0327835 -0.0334701   -9.80889 
                98.7 -0.615518 -0.104435     -52.9  -1.70259 -0.244151  0.025123 0.0489292 -0.107969  0.102645  0.00175649 -0.00374659  -7.348e-05 0.00809169  0.0209683 0.00867274  0.000223837 -0.000260263  4.30837e-05  -0.0227621  -0.0102172 -0.00545035 -0.0327749 -0.0334398   -9.80889 
                98.8 -0.224642 -0.344735  -52.8543   -1.7022 -0.245599 0.0195817 0.0489708  -0.10812   0.10267  0.00175482 -0.00375124 -7.1897e-05  0.00440028   0.0113568 -0.00166157  2.07803e-06 -0.000121944  1.79942e-05    -0.02289  -0.0101509 -0.00514354 -0.0328014   -0.03346   -9.80889 
                98.9 -0.399443 -0.438319   -52.962  -1.70054 -0.248911 0.0216365 0.0490798 -0.108186  0.102681   0.00175643  -0.00374836 -7.65309e-05 0.00830634 0.00887916 0.00235123  9.97695e-05 -6.79196e-05   7.8289e-05  -0.0231708  -0.0100648 -0.00525469 -0.0328461 -0.0334948   -9.80889 
                  99 -0.202914 -0.273023  -52.8447  -1.70291 -0.248886 0.0232349 0.0490227 -0.108221  0.102779   0.00175474  -0.00374655 -7.33093e-05 0.00165639 0.00525197 0.00408427 -1.07417e-05 -0.000166458  1.22045e-05  -0.0231123 -0.00990424 -0.00532669 -0.0328661 -0.0334695   -9.80889 
                99.1 -0.0801156  0.0450166   -52.8809  -1.70484 -0.251536 0.0142181 0.0489823 -0.108442  0.102827   0.00176266   -0.0037526 -6.79405e-05 0.00104307 -0.0132712  -0.010678 -8.06364e-05 -0.000341049  3.17809e-05  -0.0230892 -0.00976458  -0.0048845 -0.0328926 -0.0334623   -9.80889 
                99.2 -0.303764 -0.174046  -52.9098  -1.70543 -0.249513 0.0123787 0.0489203 -0.108402   0.10281   0.00176156  -0.00375261 -6.61416e-05 0.000915256 -0.00355844  -0.0128267  4.45652e-05 -0.000202198    4.827e-05  -0.0229309 -0.00980896 -0.00483313 -0.0328686 -0.0334423   -9.80889 
                99.3 -0.269195  0.110228   -52.883   -1.70696  -0.248718 0.00503811 0.0488267 -0.108485  0.102839   0.00176488  -0.00375242 -7.05497e-05  0.00348749 -0.00963713   -0.022269    2.452e-05 -0.000353006  3.18445e-05  -0.0227453 -0.00978518  -0.0045435 -0.0328568 -0.0334164   -9.80889 
                99.4  -0.281309 -0.0914643   -52.8816   -1.70412  -0.246103 0.00688841 0.0488521 -0.108304   0.10273   0.00176531  -0.00375282 -6.80718e-05   0.0101903 -0.00259071   -0.017402  3.11049e-05 -0.000232005  3.16365e-05   -0.022707 -0.00998141 -0.00472658 -0.0328168 -0.0334248   -9.80889 
                99.5 -0.0742623  -0.228171   -53.0192     -1.70087      -0.2513 -0.000160733 0.0489704 -0.108483  0.102704   0.00176252  -0.00375122 -7.62278e-05 0.00966771 -0.0148138 -0.0259315 -8.42375e-05 -0.000173968  0.000108624  -0.0229809 -0.00998668 -0.00447493   -0.03285 -0.0334724   -9.80889 
                99.6 0.0414903 -0.370479  -52.8552   -1.69959  -0.250728 0.00132191 0.0489812 -0.108351  0.102671   0.00176673  -0.00374794 -7.57452e-05 0.00509617 -0.0107859 -0.0207143 -0.000148562 -0.000100351  1.69842e-05   -0.022942   -0.010064 -0.00466928 -0.0328297 -0.0334712   -9.80889 
                99.7 -0.0220346  -0.256725   -52.8581    -1.6989  -0.251709 0.00810394 0.0490207  -0.10818  0.102708   0.00176929  -0.00374659 -7.52345e-05  0.00537589  -0.0115475 -0.00770276 -0.000115779 -0.000160952  1.81978e-05  -0.0230046  -0.0100572 -0.00509964 -0.0328306 -0.0334769   -9.80889 
                99.8 -0.228583 -0.110992  -52.8283  -1.69967  -0.24987 0.0133758 0.0489664 -0.108036   0.10275   0.00176789  -0.00374893 -7.63117e-05  0.00656188 -0.00469292  0.00246991 -4.44563e-07 -0.000240554  1.40123e-06  -0.0228658  -0.0100458 -0.00538204 -0.0328135 -0.0334521   -9.80889 
                99.9 -0.449008  -0.21118  -52.8606  -1.70688 -0.249438 0.0238798  0.048827 -0.107979  0.102971   0.00176912   -0.0037584 -8.90187e-05 -0.00665815  0.00747955   0.0187198  0.000121859 -0.000197469  1.96124e-05  -0.0226724  -0.0096399 -0.00586038 -0.0328538 -0.0333823   -9.80889 
                 100 -0.468786 -0.146251  -52.8902    -1.708 -0.248221 0.0328559 0.0488313 -0.107855  0.102989   0.00176838  -0.00376351 -9.03712e-05 -0.00240661   0.0111218   0.0294821  0.000131237 -0.000230581  3.51461e-05  -0.0226703 -0.00959507 -0.00620565 -0.0328572 -0.0333763   -9.80889 
               100.1 -0.386648 -0.262326  -52.8697  -1.70525 -0.248393 0.0251175 0.0488728 -0.108017  0.102925    0.0017653  -0.00376131 -9.06056e-05 0.00281802 0.00958189  0.0136139  8.52032e-05 -0.000168954  2.43783e-05  -0.0227594 -0.00973229 -0.00568506 -0.0328491 -0.0334046   -9.80889 
               100.2  -0.25582 -0.307027  -52.8766  -1.70444 -0.248562 0.0189833 0.0488691 -0.108141  0.102906   0.00176319   -0.0037632 -9.05035e-05 0.00245297 0.00622049 0.00185251  1.37798e-05 -0.000134544  2.76235e-05  -0.0227824 -0.00975773  -0.0053262 -0.0328509  -0.033412   -9.80889 
               100.3  -0.1566  -0.3034 -52.8854  -1.70361 -0.248035 0.0209407 0.0488953 -0.108113  0.102895   0.00176338  -0.00376214 -9.13731e-05 0.00128777 0.00681902 0.00445125 -4.08187e-05 -0.000148801   3.2431e-05   -0.022815 -0.00978593 -0.00541435 -0.0328489 -0.0334192   -9.80889 
               100.4 0.0119872  0.165098  -52.8168   -1.70214  -0.249297 0.00587716 0.0488722 -0.108276  0.102782   0.00177984  -0.00377416 -8.75851e-05 0.00589737  -0.010097 -0.0186963 -0.000133308 -0.000403219 -5.71777e-06  -0.0228035 -0.00986224  -0.0046776 -0.0328426 -0.0334267   -9.80889 
               100.5 -0.283492 -0.143284  -52.8042  -1.69976  -0.25104 0.0059045 0.0489357 -0.108278  0.102758   0.00177863  -0.00377353 -8.68998e-05  0.00848054 -0.00583035  -0.0157295  3.11259e-05 -0.000235001 -1.24517e-05  -0.0229249 -0.00990012 -0.00476284 -0.0328485 -0.0334482   -9.80889 
               100.6  -0.231536 -0.0336319   -52.9239  -1.70481 -0.248631 0.0121338 0.0487605 -0.108189  0.102781   0.00177856  -0.00377786 -8.86573e-05 -0.00039678 -5.0314e-05 -0.00399605  7.56006e-07 -0.000295866  5.30025e-05  -0.0226341 -0.00969023 -0.00513556 -0.0328493 -0.0333835   -9.80889 
               100.7 -0.322271 -0.196494  -52.8383   -1.7037 -0.249625 0.0159918 0.0488208 -0.108203  0.102751   0.00177993   -0.0037791 -8.96933e-05 0.00317602 0.00150602 0.00180306  5.08114e-05 -0.000202583  5.80104e-06  -0.0227497  -0.0096945 -0.00534061 -0.0328597  -0.033401   -9.80889 
               100.8 -0.272827  -0.31985  -52.8593  -1.70287 -0.250029 0.0201757 0.0488524  -0.10821  0.102735   0.00178239  -0.00377929 -9.07425e-05 0.00285326 0.00421999 0.00838881  2.30478e-05 -0.000171323  1.78647e-05  -0.0228097 -0.00969488 -0.00553413 -0.0328652   -0.03341   -9.80889 
               100.9 -0.234499  0.011845  -52.8865  -1.70858  -0.25064 0.0167353 0.0486788 -0.108291  0.102712   0.00178427  -0.00378061 -9.38529e-05 -0.00456043 -0.00411986  0.00185216 3.28004e-06 -0.00034939 3.17125e-05   -0.022622 -0.00940689 -0.00533691 -0.0328936 -0.0333567   -9.80889 
                 101 -0.017116 -0.278609  -52.8933   -1.7041 -0.249324 0.0130489 0.0487821 -0.108188  0.102776   0.00178086  -0.00378239 -0.000102066  -0.0018112 -0.00133775 -0.00288343 -0.000116457 -0.000191414  3.58055e-05  -0.0226956 -0.00971201 -0.00514132 -0.0328523 -0.0333936   -9.80889 
               101.1 -0.206256 -0.193029  -52.8255  -1.70385 -0.249921 0.0110304 0.0487859 -0.108201  0.102774   0.00178077  -0.00378226 -0.000101833 0.000325967 -0.00230176 -0.00541791  -1.1651e-05 -0.000228051 -2.14402e-06  -0.0227138 -0.00971064 -0.00506076 -0.0328548 -0.0333961   -9.80889 
               101.2 0.0338453  -0.24685  -52.9019    -1.7031  -0.250052 0.00877385 0.0488072 -0.108182   0.10277   0.00178016  -0.00378274 -0.000102794 -0.00388471 -0.00480634 -0.00790816 -0.000143487 -0.000187918  3.99515e-05  -0.0227282 -0.00977737 -0.00498012 -0.0328459 -0.0334039   -9.80889 
               101.3 -0.206295 0.0267918  -52.8499   -1.70691   -0.25055 0.00962525 0.0487038 -0.108212  0.102786   0.00177866  -0.00378344 -0.000108274  -0.0043622 -0.00661252 -0.00512795 -1.11266e-05 -0.000341235  1.10319e-05  -0.0226031 -0.00960408 -0.00505882 -0.0328606 -0.0333705   -9.80889 
               101.4  -0.369524 -0.0355754   -52.8295  -1.70417 -0.250574 0.0157865 0.0487996  -0.10816  0.102768   0.00177718  -0.00378848 -0.000103419  0.00432203 -0.00267907  0.00540467  7.98372e-05 -0.000308938 -2.94107e-07  -0.0226922 -0.00973207 -0.00537724 -0.0328483 -0.0333953   -9.80889 
               101.5 -0.275584 -0.117308  -52.8386   -1.7032 -0.248311  0.015777  0.048787 -0.108083  0.102781   0.00177719  -0.00378818 -0.000102003   0.005489 0.00204594 0.00418474  2.74751e-05 -0.000246625  4.42878e-06  -0.0225937 -0.00982774 -0.00534787 -0.0328229 -0.0333886   -9.80889 
               101.6 -0.508976 -0.532429  -52.7926  -1.70228 -0.248035 0.0297742 0.0488572 -0.108088  0.102726   0.00179191   -0.0037987 -0.000104956 0.0071258 0.0162753 0.0235448  0.000155189  -1.5937e-05 -1.92075e-05  -0.0227001 -0.00978641 -0.00599427 -0.0328394 -0.0334022   -9.80889 
               101.7 -0.233274 -0.351905  -52.9148  -1.70233 -0.248694 0.0257602 0.0488464 -0.108162  0.102727   0.00179086  -0.00379891 -0.000102359 0.00309855  0.0101119  0.0147798  3.35337e-06 -0.000118634   4.7676e-05  -0.0227438 -0.00972255 -0.00569305 -0.0328548 -0.0334027   -9.80889 
               101.8 -0.476185 -0.132033  -52.8184  -1.69969 -0.245096 0.0206218  0.048841 -0.108085  0.102715   0.00179406  -0.00379497 -0.000100455  0.0133806  0.0149656 0.00479238  0.000138652 -0.000235094 -6.75792e-06  -0.0226502 -0.00988899 -0.00536767 -0.0328208 -0.0334022   -9.80889 
               101.9 -0.354592 -0.208561  -52.8295  -1.69993  -0.24416 0.0207879 0.0488099 -0.108117  0.102734    0.0017942   -0.0037951 -9.95953e-05 0.00892729   0.018121 0.00413994  7.12621e-05 -0.000185945 -3.12265e-07  -0.0226316   -0.009804 -0.00535282 -0.0328324 -0.0333927   -9.80889 
                 102   -0.1166 -0.206929  -52.8537  -1.70187 -0.246625 0.0105632 0.0487654 -0.108275  0.102744  0.00179662 -0.00380337 -9.0362e-05 0.000218832  0.00529054   -0.012459  -6.0444e-05 -0.000175405  1.23363e-05  -0.0226937 -0.00960433 -0.00484576 -0.0328726 -0.0333877   -9.80889 
               102.1 -0.0657208   0.133925    -52.861   -1.70231  -0.248137 0.00508308 0.0487515 -0.108323  0.102719   0.00180051  -0.00380615 -8.70564e-05  0.00180741 -0.00748189  -0.0189667  -8.8151e-05 -0.000361536  1.60042e-05  -0.0227114 -0.00954701 -0.00464909 -0.0328847 -0.0333864   -9.80889 
               102.2  -0.14879 0.0912318   -52.792    -1.7023  -0.246195 0.00584678 0.0487188 -0.108256  0.102744   0.00179925  -0.00380493 -8.92791e-05  0.00459983 -0.00402651  -0.0140083  -4.2113e-05 -0.000334635 -2.20165e-05  -0.0225878 -0.00960065 -0.00477107 -0.0328636 -0.0333722   -9.80889 
               102.3 -0.102965 -0.297819  -52.9337   -1.69592  -0.248425 0.00841536 0.0488831 -0.108238  0.102769   0.00179916  -0.00379964 -0.000101328   0.0100534 -0.00402985 -0.00824249  -6.6203e-05 -0.000121808  5.62481e-05  -0.0228929 -0.00982681  -0.0049668 -0.0328573 -0.0334333   -9.80889 
               102.4 -0.229371  -0.14033  -52.8308  -1.69969 -0.248684  0.015296 0.0487825 -0.108299  0.102803   0.00179914  -0.00380062 -0.000101904  0.00347166 -0.00171568  0.00325932  1.78489e-06 -0.000189062 -1.45483e-06  -0.0227531 -0.00957661 -0.00533425 -0.0328804 -0.0333934   -9.80889 
               102.5 -0.222454  -0.12161  -52.8291  -1.70083 -0.248537 0.0150526 0.0487396 -0.108305  0.102805   0.00179898  -0.00380046 -0.000102203  0.00142925 -0.00192231  0.00225083 -2.00883e-06  -0.00019694 -2.36888e-06  -0.0226845 -0.00951881 -0.00530578 -0.0328829 -0.0333789   -9.80889 
               102.6 -0.335878 -0.148773   -52.831  -1.69788 -0.246773 0.0159118 0.0487835 -0.108231  0.102824   0.00179907  -0.00380058 -9.89711e-05 0.00445558 0.00931403 0.00268697  6.02758e-05 -0.000183749  -1.0923e-06  -0.0226851 -0.00968705 -0.00533084 -0.0328569 -0.0333923   -9.80889 
               102.7 -0.0671769  -0.161985   -52.8786  -1.69936 -0.243204    0.0127 0.0486898 -0.108159  0.102863   0.00179829  -0.00380233 -9.79737e-05 7.86426e-05  0.00714995 -0.00247542 -8.63907e-05 -0.000188186  2.48459e-05  -0.0224514 -0.00970731 -0.00516327 -0.0328318 -0.0333599   -9.80889 
               102.8 0.0167562 -0.469163   -52.946  -1.69743 -0.246712 0.0111747 0.0487975  -0.10825  0.102863    0.0017972  -0.00380028 -0.000107351 -0.00390543 0.000935479 -0.00298501  -0.00013203 -1.62184e-05  6.19625e-05  -0.0227347 -0.00970148  -0.0051056 -0.0328601 -0.0333999   -9.80889 
               102.9 -0.0247918 -0.0238936   -52.9176  -1.69766   -0.2519 0.0113211 0.0488407 -0.108369  0.102838   0.00179643  -0.00379995 -9.99094e-05 -0.00183454  -0.0155798 -0.00186675 -0.000108298  -0.00026904  4.57995e-05  -0.0229329 -0.00956755 -0.00514807 -0.0328997  -0.033418   -9.80889 
                 103 0.00322303 -0.0475728   -52.8357   -1.69863  -0.251718 0.00907103 0.0487909 -0.108323  0.102856    0.0017971   -0.0037994 -0.000101886 -0.00513323   -0.016247 -0.00551363 -0.000123346 -0.000254117   5.8005e-07   -0.022814 -0.00959472 -0.00504671  -0.032884 -0.0334025   -9.80889 
               103.1 -0.117102 -0.312925  -52.8445  -1.70151 -0.251144 0.0147194 0.0487466   -0.1083  0.102853   0.00179951  -0.00380074 -9.90051e-05  -0.0114564 -0.00693841  0.00405995 -5.67882e-05 -0.000105031   5.6445e-06  -0.0226925 -0.00952906 -0.00533271 -0.0328828 -0.0333813   -9.80889 
               103.2 -0.125643 -0.174014  -52.8505  -1.70211 -0.249304 0.0175668 0.0487434 -0.108219  0.102874   0.00179907  -0.00380128 -9.82452e-05  -0.0120669 -0.00259374  0.00811482 -5.06398e-05 -0.000184134  8.59243e-06  -0.0225895 -0.00962519 -0.00544948 -0.0328585 -0.0333752   -9.80889 
               103.3  -0.268083 -0.0675456   -52.8471   -1.7022 -0.246603 0.0171011 0.0487253 -0.108132  0.102889   0.00179933  -0.00380047 -9.69162e-05 -0.00691833  0.00187408   0.0061172  2.76052e-05 -0.000225862  5.97141e-06  -0.0224707  -0.0097472 -0.00538346  -0.032828 -0.0333675   -9.80889 
               103.4 -0.0350895  -0.306723   -52.8923  -1.70235 -0.248865 0.0123739 0.0487527 -0.108194  0.102876   0.00179744  -0.00380096 -9.79261e-05  -0.0119863 -0.00407327 -0.00223825 -0.000100616 -9.71853e-05  3.12739e-05  -0.0225995 -0.00974018  -0.0051302 -0.0328398 -0.0333835   -9.80889 
               103.5 -0.457165 -0.174686  -52.9496  -1.70142 -0.246301 0.0248438 0.0488143 -0.108091  0.102916  0.00179458 -0.00381421 -9.2368e-05 -0.00182685  0.00857762   0.0175309  0.000131357 -0.000172496  6.25741e-05  -0.0225701 -0.00985261  -0.0057332 -0.0328229 -0.0333917   -9.80889 
               103.6 -0.129315 0.0220429  -52.8087  -1.69966 -0.245249 0.0210739 0.0488272 -0.108054  0.102927  0.00179841 -0.00381489 -9.2322e-05 0.00170338 0.00176331 0.00879959 -4.81522e-05  -0.00027561 -1.57895e-05  -0.0225753 -0.00998001 -0.00547103 -0.0328024 -0.0334003   -9.80889 
               103.7 -0.0595436  -0.389538   -52.8126  -1.69493  -0.24802 0.0164175  0.048951 -0.108108  0.102919   0.00179405  -0.00381851 -0.000104892  0.0037211 -0.0013766 0.00109291 -8.63298e-05   -4.558e-05 -1.30433e-05  -0.0228601  -0.0101331 -0.00520046 -0.0328052  -0.033451   -9.80889 
               103.8 -0.221347  -0.20148  -52.8667  -1.70202 -0.248163 0.0193448 0.0487676 -0.108167   0.10298   0.00179437  -0.00382055 -0.000106498 -0.00915594  5.6448e-05  0.00519731  3.52056e-06 -0.000142236  1.60697e-05  -0.0226249 -0.00977659  -0.0053414 -0.0328366 -0.0333907   -9.80889 
               103.9 -0.228476  0.106566  -52.8835  -1.70602 -0.250753 0.0145971 0.0486812 -0.108265  0.102995   0.00179938   -0.0038202 -0.000107345 -0.0106939 -0.0115941 -0.0029187  7.60128e-06 -0.000301655  2.45941e-05  -0.0225935 -0.00957139 -0.00509704 -0.0328636  -0.033369   -9.80889 
                 104 -0.101563 -0.456536  -52.8809  -1.70289 -0.250524 0.0113671 0.0487717 -0.108205  0.103012   0.00179313  -0.00382086 -0.000114275 -0.00888788 -0.00407835 -0.00763905 -6.22653e-05  1.15306e-05  2.41543e-05  -0.0226974 -0.00982101 -0.00494241 -0.0328353 -0.0334023   -9.80889 
               104.1 -0.204102 -0.151586  -52.8603   -1.70165  -0.251434 0.00898007 0.0488142  -0.10819  0.102995    0.0017927  -0.00382102 -0.000112431 -0.00392185 -0.00696907  -0.0097259 -4.35855e-06 -0.000159099  1.20394e-05  -0.0227528 -0.00990478 -0.00486949 -0.0328277 -0.0334161   -9.80889 
               104.2 0.287613 0.372697 -52.9048    -1.70298   -0.254247 -0.00990969 0.0487322 -0.108244  0.102966   0.00181908  -0.00384404 -0.000107903 -0.00769514  -0.0328732  -0.0377911  -0.00027537 -0.000430675  3.62864e-05  -0.0226809 -0.00988988 -0.00400708 -0.0328209 -0.0333994   -9.80889 
               104.3  -0.26323 0.0337574  -52.8794    -1.70474   -0.252591 -0.00357117 0.0486931 -0.108143  0.102945   0.00181777  -0.00384935 -0.000102172 -0.0048391 -0.0180793 -0.0225778  2.94025e-05 -0.000240697  2.20778e-05   -0.022479 -0.00992268 -0.00448688 -0.0327985 -0.0333761   -9.80889 
               104.4  -0.152624 0.00639944   -52.8395   -1.70521  -0.251554 0.00199174 0.0486981 -0.108058  0.102936  0.00182001 -0.00385037  -9.919e-05 -0.00921263 -0.00761937  -0.0105592 -3.1973e-05  -0.0002275 1.07758e-07  -0.0223661 -0.00999835 -0.00487301 -0.0327781 -0.0333697   -9.80889 
               104.5  -0.154493 -0.0924307   -52.8641   -1.70271   -0.25156 0.00661153 0.0487795 -0.107992  0.102937    0.0018227  -0.00385113 -9.89131e-05 -0.000134121  -0.00917738  -0.00145232 -2.99046e-05 -0.000185117  1.35575e-05 -0.0224273 -0.0101638   -0.00515 -0.0327602 -0.0333936   -9.80889 
               104.6  -0.604585 -0.0913791     -52.79  -1.70548 -0.247477 0.0230796 0.0487243 -0.107936  0.102959   0.00182877  -0.00386862 -9.39603e-05 0.00589838 0.00826099  0.0253272  0.000217258 -0.000182869 -2.73147e-05  -0.0221713  -0.0100666 -0.00593423 -0.0327514  -0.033361   -9.80889 
               104.7 -0.243426 -0.143678   -52.861   -1.7045 -0.245034 0.0207084 0.0487092 -0.107888  0.103007   0.00182647  -0.00386863 -9.31093e-05 0.000843622   0.0139958   0.0182867   1.6172e-05 -0.000150066  1.17394e-05  -0.0221023  -0.0101716 -0.00570585 -0.0327297 -0.0333564   -9.80889 
               104.8 -0.330475 -0.130053   -52.873  -1.70292 -0.244442 0.0193294 0.0487302  -0.10789  0.103003   0.00182554  -0.00386801 -9.34124e-05 0.00828455 0.00904035  0.0126314  6.17335e-05 -0.000157569  1.73109e-05  -0.0221543  -0.0102192 -0.00555847 -0.0327279  -0.033365   -9.80889 
               104.9 -0.165344 -0.209971  -52.8604  -1.70173 -0.246451 0.0158489 0.0487572 -0.107948  0.102982     0.001824  -0.00386987 -9.34147e-05  0.0018665  0.0077839 0.00624886 -2.92617e-05  -0.00012053  1.05383e-05  -0.0222877  -0.0101902 -0.00534165 -0.0327449  -0.033378   -9.80889 
                 105 0.0951594  0.097829  -52.9079   -1.70089  -0.247197 0.00313346 0.0487257 -0.107945  0.102945   0.00183009   -0.0038819 -9.29161e-05 0.00709995 -0.0158183 -0.0140089 -0.000171963 -0.000301163  3.64969e-05  -0.0222543   -0.010256 -0.00472761  -0.032736 -0.0333703   -9.80889 
               105.1  -0.164853 -0.0926636    -52.797   -1.70219  -0.248992 0.00373956 0.0487008 -0.107991  0.102921   0.00182943  -0.00388105 -9.24965e-05 -0.00219178 -0.00617763  -0.0122542 -2.77199e-05 -0.000200785 -2.51104e-05  -0.0222396  -0.0101378 -0.00482115 -0.0327512 -0.0333611   -9.80889 
               105.2 -0.164424 -0.210151   -52.727   -1.69742  -0.240393 0.00664055 0.0487195  -0.10773  0.102991  0.00183609 -0.00387873 -8.7472e-05  0.00794558   0.0102264 -0.00619379 -2.81958e-05 -0.000138397 -6.33805e-05  -0.0219739   -0.010595 -0.00499585  -0.032662 -0.0333601   -9.80889 
               105.3 -0.319455 -0.235361  -52.8134  -1.69975 -0.242395 0.0114163 0.0486941 -0.107833  0.102969  0.00183958 -0.00388069 -9.1447e-05 0.00584917 0.00584042 0.00270586  5.73605e-05 -0.000117375 -1.54871e-05  -0.0220327  -0.0103457 -0.00525886 -0.0327011 -0.0333526   -9.80889 
               105.4 -0.347662 -0.301418  -52.7556  -1.69944 -0.240417 0.0237586 0.0487245 -0.107826  0.102948   0.00184337  -0.00388615 -9.08539e-05 0.00392298  0.0181129  0.0202263  7.27859e-05 -7.66069e-05 -4.71231e-05  -0.0220121  -0.0103384 -0.00584774 -0.0326982  -0.033355   -9.80889 
               105.5 -0.381643 -0.138388  -52.8348  -1.70232 -0.244033 0.0208993 0.0486862 -0.107977  0.102932   0.00184782  -0.00388347 -9.26675e-05 0.000103747  0.00767744   0.0154856  9.36709e-05 -0.000162195  -4.8423e-06 -0.0221273 -0.0100386  -0.005616  -0.032751 -0.0333476   -9.80889 
               105.6 -0.510186  -0.68056  -52.8656  -1.70269 -0.244893 0.0334384 0.0487501 -0.108049  0.102848   0.00185995  -0.00388817 -9.87965e-05 -0.00234807   0.0197339   0.0313323 0.000162179 0.000134746 1.30129e-05  -0.0222848 -0.00992846 -0.00614444 -0.0327779 -0.0333628   -9.80889 
               105.7 -0.0548802  -0.257518    -52.976  -1.70575 -0.248205  0.014477 0.0486819 -0.108156  0.102792   0.00187006  -0.00390411 -8.31065e-05    -0.014241   0.00146277 -0.000714996 -8.88235e-05  -0.00010115  7.16575e-05  -0.0223411 -0.00974969 -0.00510049 -0.0328114 -0.0333545   -9.80889 
               105.8 -0.158366 -0.184444  -52.9287  -1.70614 -0.248136 0.0112448 0.0486924 -0.108139  0.102782   0.00187146  -0.00390503 -8.28949e-05    -0.011526 -0.000749407  -0.00663879 -2.97459e-05 -0.000131237  4.41414e-05  -0.0223585 -0.00979657 -0.00495197 -0.0328068 -0.0333601   -9.80889 
               105.9 -0.0362402  -0.145957   -52.8344  -1.70323 -0.246909 0.0070899 0.0487662 -0.108047  0.102816   0.00187466  -0.00390744 -8.61809e-05 -0.00960791  0.00176431  -0.0100504 -9.85919e-05 -0.000155705 -8.21728e-06  -0.0224209  -0.0100433 -0.00478542 -0.0327779 -0.0333856   -9.80889 
                 106 -0.164252 -0.227214  -52.9228   -1.70215  -0.249858 0.00917415 0.0488474 -0.108127  0.102807   0.00187404  -0.00390619 -8.41712e-05 -0.00545944 -0.00315701   -0.006254 -2.62271e-05 -0.000101271  3.90632e-05  -0.0226453  -0.0100339 -0.00494449 -0.0327989 -0.0334131   -9.80889 
               106.1 -0.194463 -0.262669  -52.8435  -1.70285 -0.248113 0.0148255 0.0488505 -0.108141  0.102837   0.00187427  -0.00390645 -8.28021e-05 -0.00834345  0.00632577  0.00224883 -1.18223e-05 -8.53645e-05 -4.88044e-06  -0.0225833  -0.0100678 -0.00524908 -0.0327898 -0.0334058   -9.80889 
               106.2  -0.30257 -0.378532  -53.0077  -1.70139 -0.250484 0.0238316 0.0489445 -0.108294  0.102817   0.00187633  -0.00390658 -8.55682e-05 -0.00398742  0.00794983   0.0174988  4.88516e-05 -3.63643e-05  8.45148e-05  -0.0228455  -0.0100571 -0.00567397 -0.0328173 -0.0334363   -9.80889 
               106.3 -0.245134 -0.560794  -53.0304  -1.69957 -0.252908 0.0214726 0.0490284 -0.108311  0.102805   0.00187295  -0.00390461 -9.36139e-05 -0.00396232  0.00635245   0.0084586  1.5267e-05 7.70255e-05  9.6508e-05  -0.0230817  -0.0100849 -0.00548088 -0.0328328 -0.0334704   -9.80889 
               106.4 -0.419493 -0.449096  -52.8161  -1.70238 -0.250845 0.0231983 0.0489463 -0.108329  0.102785   0.00187187  -0.00390277 -9.50277e-05 -0.00602019    0.015046  0.00926997  0.000108841  1.67916e-05 -2.15846e-05  -0.0229524 -0.00999194 -0.00551245  -0.032835 -0.0334464   -9.80889 
               106.5 -0.301443 -0.313398  -52.8615  -1.70024 -0.248286 0.0228158 0.0490016 -0.108261   0.10286   0.00187309  -0.00390262 -9.39249e-05 -0.00308692    0.019665  0.00733148  4.47823e-05 -4.04365e-05  1.51893e-06    -0.02299  -0.0101604 -0.00544884  -0.032814 -0.0334646   -9.80889 
               106.6 -0.423845 -0.163675    -52.87  -1.70299  -0.24611 0.0167094 0.0489364   -0.1082  0.102826   0.00187799   -0.0038999 -9.81402e-05 -0.00515972   0.0216096 -0.00426225 0.000114768 -0.00012115 5.27762e-06  -0.0228744  -0.0100552 -0.00511813 -0.0328151 -0.0334457   -9.80889 
               106.7  -0.633936 -0.0951702   -52.9541  -1.70448 -0.241291  0.025046  0.048878 -0.108267  0.102805   0.00187137  -0.00390724 -0.000101427 -0.00140546   0.0360905  0.00876443  0.000230633 -0.000176809  5.18021e-05  -0.0227462  -0.0100246 -0.00552625 -0.0328113 -0.0334206   -9.80889 
               106.8 -0.222986 -0.344346  -52.8933  -1.70397 -0.242725  0.019125 0.0489587 -0.108261   0.10277   0.00186905  -0.00391333 -0.000101614 -0.00532557   0.0262748 0.000200715  1.24673e-06 -2.76052e-05  1.88237e-05  -0.0229911 -0.00996275 -0.00520551 -0.0328382 -0.0334525   -9.80889 
               106.9 -0.399985 -0.428611   -53.001  -1.70229 -0.245912  0.021279 0.0490712  -0.10839  0.102713  0.00187041 -0.00390972 -0.00010822 0.000574062   0.0209566  0.00291644 0.000101369 1.94928e-05 7.89603e-05  -0.0233467 -0.00987828 -0.00531756 -0.0328824 -0.0334904   -9.80889 
                 107 -0.200362 -0.253087  -52.8795  -1.70451 -0.246172 0.0228374 0.0490513 -0.108472  0.102642   0.00186856  -0.00390863 -0.000104142 -0.00476189   0.0156416  0.00547485  -9.6812e-06 -7.93451e-05  9.85229e-06  -0.0233741 -0.00971971  -0.0053884  -0.032907 -0.0334813   -9.80889 
               107.1    -0.109 0.0608602  -52.9109  -1.70632 -0.249296 0.0151829 0.0490693 -0.108478  0.102543   0.00187539  -0.00391373 -9.51639e-05 -0.00594955 -0.00196758 -0.00609394 -5.90528e-05 -0.000255121  2.67069e-05  -0.0234904 -0.00956256 -0.00500979 -0.0329383 -0.0334907   -9.80889 
               107.2 -0.316988 -0.177443  -52.9362  -1.70665 -0.247423 0.0134412  0.049057 -0.108429  0.102567   0.00187418  -0.00391306 -9.36718e-05 -0.00639864  0.00908416 -0.00802185   5.7572e-05 -0.000122741  4.06775e-05  -0.0234254  -0.0096198 -0.00494584 -0.0329246 -0.0334877   -9.80889 
               107.3 -0.277872  0.114449   -52.916   -1.70832  -0.246289 0.00597014 0.0490159  -0.10836  0.102566   0.00187764  -0.00391295 -9.62388e-05 -0.00475025  0.00337887   -0.018823  3.76341e-05 -0.000278523  2.81904e-05  -0.0233257  -0.0096012 -0.00463046 -0.0329185 -0.0334779   -9.80889 
               107.4 -0.265686 -0.121637  -52.9365  -1.70703 -0.244128 0.0080032 0.0490436 -0.108341  0.102615   0.00187822  -0.00391294 -9.49662e-05 0.000409269  0.00648211  -0.0140185   3.0288e-05 -0.000155897  3.96247e-05  -0.0233214 -0.00972044  -0.0048083 -0.0329016  -0.033484   -9.80889 
               107.5 -0.0296904  -0.246529   -53.0425   -1.70417  -0.248437 0.00049436 0.0491599 -0.108372    0.1026  0.00187419  -0.0039128 -0.00010449  0.00142692 -0.00713662  -0.0223774 -0.000100572 -7.39145e-05  9.83054e-05  -0.0236383 -0.00975199 -0.00451857 -0.0329257 -0.0335292   -9.80889 
               107.6 0.0265961 -0.380558  -52.8964   -1.70191  -0.248446 0.00176432 0.0492173 -0.108359  0.102639   0.00187816  -0.00391109 -0.000108327 -0.000315375  -0.00571615   -0.0180573 -0.000132003 -5.61485e-06   1.6599e-05  -0.0236973 -0.00987522 -0.00468963 -0.0329137  -0.033545   -9.80889 
               107.7 -0.0336516  -0.251156   -52.8965   -1.70058   -0.25005 0.00857034  0.049275 -0.108399  0.102654  0.00188055 -0.00391067 -0.00010832  0.00115009 -0.00676393 -0.00479135 -9.84923e-05 -6.86314e-05  1.65907e-05  -0.0238184   -0.009893 -0.00511021 -0.0329206 -0.0335606   -9.80889 
               107.8 -0.236969 -0.099474   -52.867  -1.70089 -0.248723  0.013756 0.0492525 -0.108374  0.102673   0.00187908  -0.00391347 -0.000108621   0.00302782 -0.000671578   0.00226079  1.53611e-05 -0.000161341 -9.54628e-07   -0.023728  -0.0098982 -0.00538358 -0.0329111  -0.033549   -9.80889 
               107.9 -0.457151 -0.205644     -52.9  -1.70765 -0.248539 0.0240598  0.049136 -0.108463  0.102699   0.00188012   -0.0039231 -0.000121437 -0.00629472  0.00711993   0.0179318  0.000137638 -0.000111167  1.68418e-05  -0.0235469 -0.00951222 -0.00585678 -0.0329466 -0.0334975   -9.80889 
                 108 -0.473816  -0.14297   -52.928   -1.7084 -0.247318 0.0327307 0.0491423 -0.108445  0.102691   0.00187936  -0.00392807 -0.000122273 -0.00111771   0.0110757   0.0269361    0.0001446 -0.000149859  3.15297e-05  -0.0235436 -0.00948586 -0.00619247 -0.0329495 -0.0334951   -9.80889 
               108.1 -0.375077 -0.248559  -52.9122  -1.70538 -0.247883 0.0247671 0.0491873 -0.108471   0.10266   0.00187631  -0.00392578 -0.000122726 0.00486507 0.00695986  0.0110399  8.73279e-05 -9.05469e-05  2.25501e-05  -0.0236867 -0.00962036 -0.00567466 -0.0329443 -0.0335226   -9.80889 
               108.2 -0.257862 -0.300351  -52.9144  -1.70417 -0.248442  0.018536 0.0491939 -0.108514  0.102645   0.00187429  -0.00392765 -0.000122826  0.00401506  0.00477728 0.000884767  2.21887e-05 -6.57465e-05  2.36093e-05  -0.0237395 -0.00964866 -0.00532208  -0.032946 -0.0335315   -9.80889 
               108.3 -0.152943  -0.29787  -52.9242  -1.70328 -0.247981 0.0205529 0.0492118 -0.108493  0.102637  0.00187451  -0.0039265 -0.00012372 0.00292105 0.00540082 0.00348408 -3.80145e-05  -7.2635e-05   2.7991e-05  -0.0237701 -0.00967713 -0.00541828 -0.0329443  -0.033537   -9.80889 
               108.4 0.0169362  0.164352  -52.8572   -1.70177   -0.24935 0.00549979 0.0491841 -0.108578  0.102521   0.00189047  -0.00393859 -0.000120136 0.00709542 -0.0127011 -0.0224566 -0.000131749 -0.000329563 -9.77281e-06  -0.0237685 -0.00974824 -0.00468985 -0.0329393 -0.0335424   -9.80889 
               108.5 -0.278438 -0.139709  -52.8429   -1.69935  -0.251253 0.00528866 0.0492307  -0.10857  0.102498   0.00188927  -0.00393799 -0.000119475   0.0109976 -0.00935053  -0.0187784  3.25705e-05 -0.000158052  -1.7518e-05  -0.0238894 -0.00978315 -0.00477729 -0.0329443 -0.0335593   -9.80889 
               108.6  -0.219171 -0.0421013   -52.9414  -1.70408 -0.249622 0.0114773 0.0491121 -0.108534  0.102544   0.00188898  -0.00394136 -0.000121037  0.00412863 -0.00727042 -0.00816636 -3.68276e-07 -0.000218275  3.69263e-05  -0.0235992 -0.00955964 -0.00516494 -0.0329474 -0.0335078   -9.80889 
               108.7 -0.318679 -0.200319  -52.8777  -1.70283 -0.250803 0.0154216 0.0491523 -0.108515  0.102523  0.00189051 -0.00394265 -0.00012147   0.00724585  -0.00505761 -5.98144e-05  5.43267e-05 -9.92219e-05  1.60928e-06   -0.023688 -0.00956129 -0.00539113 -0.0329532 -0.0335184   -9.80889 
               108.8  -0.26664 -0.318016  -52.8978  -1.70194 -0.251095 0.0195909 0.0491665 -0.108483  0.102509   0.00189302  -0.00394294 -0.000121505   0.00632582 -0.000758159   0.00594907  2.51861e-05 -4.02535e-05  1.32331e-05  -0.0237145 -0.00956631 -0.00559383 -0.0329536 -0.0335217   -9.80889 
               108.9  -0.229104 0.00935851   -52.9273  -1.70761 -0.251516 0.0162279 0.0490365 -0.108585  0.102604    0.0018948  -0.00394428 -0.000125377  -0.00134906  -0.00837617 -0.000398392   4.4616e-06 -0.000228421  2.82586e-05  -0.0234749 -0.00927438 -0.00540853 -0.0329733 -0.0334736   -9.80889 
                 109 -0.0111444  -0.288201   -52.9338  -1.70343 -0.249885 0.0126843 0.0490824 -0.108519  0.102548  0.00189135 -0.00394621 -0.00013275  0.00162328 -0.00555933 -0.00493822 -0.000117203 -5.34139e-05  3.21178e-05  -0.0235139 -0.00958395 -0.00522839 -0.0329378 -0.0334984   -9.80889 
               109.1 -0.201549 -0.206803  -52.8648  -1.70321 -0.250487 0.0107545 0.0490772 -0.108535  0.102549    0.0018912  -0.00394608 -0.000132451  0.00413028  -0.0077152 -0.00772493 -1.11392e-05 -0.000108142 -6.42819e-06  -0.0235079 -0.00957874 -0.00515716 -0.0329386 -0.0334973   -9.80889 
               109.2 0.0413361 -0.249997  -52.9414   -1.70231  -0.250695 0.00828342 0.0490825 -0.108527  0.102522   0.00189061  -0.00394672 -0.000133416 0.00121439 -0.0118844 -0.0110508 -0.000147836 -8.84654e-05  3.62614e-05  -0.0234958 -0.00965191 -0.00507507 -0.0329289 -0.0335006   -9.80889 
               109.3 -0.206072 0.0288577  -52.8854   -1.70595  -0.250528 0.00909949  0.048986 -0.108519  0.102598   0.00188885  -0.00394732 -0.000140531 -0.000405266   -0.0124566  -0.00884293  -9.6725e-06 -0.000242195  4.65624e-06   -0.023302 -0.00949751 -0.00516407 -0.0329323 -0.0334672   -9.80889 
               109.4  -0.361114 -0.0440569   -52.8689  -1.70316 -0.250993 0.0151892 0.0490526 -0.108394  0.102534   0.00188725  -0.00395259 -0.000136259   0.0109003  -0.0116466 0.000716356  7.43867e-05 -0.000212226 -4.41153e-06  -0.0233956 -0.00961332 -0.00549705 -0.0329228 -0.0334861   -9.80889 
               109.5 -0.265189 -0.123658  -52.8757  -1.70203 -0.249248 0.0150348 0.0490261 -0.108339  0.102503   0.00188731   -0.0039524 -0.000134894   0.0116695 -0.00652241 -0.00066018  2.08137e-05 -0.000171012 -2.73715e-07  -0.0232693 -0.00970421 -0.00548286 -0.0329012  -0.033477   -9.80889 
               109.6 -0.501709 -0.544846  -52.8321  -1.70096 -0.249321  0.029345 0.0490846 -0.108119  0.102481   0.00190329  -0.00396347 -0.000136003  0.0137603 0.00642415  0.0205119  0.000151532   5.8295e-05 -2.28657e-05  -0.0233744 -0.00965065 -0.00617093 -0.0329114 -0.0334857   -9.80889 
               109.7 -0.223678 -0.351741  -52.9667  -1.70106 -0.250274 0.0251925 0.0490663 -0.108273  0.102544   0.00190232  -0.00396397 -0.000132967   0.00986295 -0.000429737     0.010791 -4.71266e-06 -4.60588e-05  5.12957e-05   -0.023358 -0.00957018 -0.00587525 -0.0329228 -0.0334788   -9.80889 
               109.8 -0.475609 -0.140416   -52.856  -1.69847 -0.246661 0.0202561 0.0490149 -0.108323  0.102406   0.00190531  -0.00396053 -0.000133058  0.0193532 0.00604166 0.00036109  0.000135538  -0.00015792 -1.11164e-05  -0.0231882 -0.00974318 -0.00557406  -0.032892 -0.0334702   -9.80889 
               109.9 -0.372787 -0.192532  -52.8657  -1.69889 -0.245754 0.0184266 0.0489715 -0.108386  0.102501   0.00190569   -0.0039604 -0.000133336   0.0184742   0.0040943 -0.00198622  7.47866e-05 -0.000135329 -5.82853e-06  -0.0230878  -0.0096476 -0.00548003 -0.0328972 -0.0334531   -9.80889 
                 110 -0.0891152  -0.180159   -52.9232   -1.70072  -0.248865 0.00805118 0.0489432 -0.108692  0.102674   0.00190957   -0.0039685 -0.000123337  0.00594881 -0.00472556  -0.0183192 -8.30509e-05 -0.000137104  2.61141e-05  -0.0230723 -0.00942405 -0.00499154 -0.0329296  -0.033441   -9.80889 
               110.1 -0.0541416   0.146403   -52.8983   -1.70116  -0.250028 0.00301094 0.0489129 -0.108777  0.102694   0.00191236  -0.00397082 -0.000123401 0.00735745 -0.0164056 -0.0236634 -0.000102406  -0.00030655  1.19952e-05  -0.0230103 -0.00937552 -0.00483766 -0.0329332 -0.0334319   -9.80889 
               110.2 -0.121141 0.0865296  -52.8235   -1.70073  -0.248626 0.00422935 0.0488804 -0.108664  0.102675   0.00191095  -0.00396905 -0.000125583 0.00999377  -0.015463  -0.019224 -6.64645e-05 -0.000277098 -2.96626e-05   -0.022881 -0.00943773 -0.00500151 -0.0329135 -0.0334195   -9.80889 
               110.3 -0.0845243  -0.294153   -52.9722   -1.69465  -0.250463 0.00688555 0.0489724 -0.108527  0.102573  0.00191128 -0.00396517 -0.00013449  0.0154827 -0.0142242 -0.0128725 -8.65889e-05 -6.33895e-05  5.38043e-05  -0.0231297 -0.00966933 -0.00521814 -0.0329013 -0.0334608   -9.80889 
               110.4   -0.2213 -0.141455  -52.8693  -1.69857 -0.250547 0.0139843 0.0488919 -0.108432  0.102774    0.0019114  -0.00396613 -0.000134262   0.00959295   -0.0120297 -0.000822446 -1.20022e-05 -0.000156518 -4.17171e-06  -0.0229304 -0.00941118 -0.00561555 -0.0329126 -0.0334211   -9.80889 
               110.5 -0.218069 -0.124631  -52.8667  -1.69974 -0.250279  0.014129 0.0488445  -0.10843  0.102818   0.00191123   -0.0039659 -0.000134257   0.00605517  -0.00910712 -0.000304212 -1.37784e-05 -0.000163884 -5.62363e-06  -0.0228021 -0.00935437 -0.00562275 -0.0329098 -0.0334029   -9.80889 
               110.6 -0.330523 -0.148979   -52.859  -1.69699 -0.248964 0.0152104 0.0488551 -0.108354   0.10275    0.0019115  -0.00396641 -0.000131077   0.0136206  -0.0053415 0.000611465  4.86237e-05 -0.000173203 -9.68491e-06  -0.0227757 -0.00950618 -0.00567094 -0.0328888 -0.0334091   -9.80889 
               110.7 -0.0617625   -0.16471    -52.916  -1.69825 -0.245105 0.0122615 0.0487538  -0.10835  0.102775   0.00191056  -0.00396839 -0.000129957  0.00672495 -0.00265406  -0.0048426 -0.000102629  -0.00016841  2.20589e-05  -0.0224581 -0.00955219 -0.00552139 -0.0328609 -0.0333755   -9.80889 
               110.8  0.025152 -0.477453  -52.9845  -1.69602 -0.248595    0.0108 0.0488285 -0.108408  0.102782   0.00190949  -0.00396662 -0.000137987   0.0016886 -0.00642136 -0.00678212 -0.000150422  7.48826e-06  6.02566e-05   -0.022697 -0.00955415 -0.00547528 -0.032879 -0.033403  -9.80889 
               110.9 -0.0204944 -0.0287712   -52.9626  -1.69643 -0.253587 0.0111381 0.0488555 -0.108461   0.10287   0.00190842  -0.00396633 -0.000132639  0.00795521  -0.0284342 -0.00483219 -0.000125484 -0.000235202  4.73048e-05  -0.0228348 -0.00940144 -0.00553519 -0.0329072 -0.0334097   -9.80889 
                 111 0.00871067 -0.0421822   -52.8723   -1.69731  -0.253348 0.00925161 0.0487903 -0.108451  0.102873    0.0019089  -0.00396523 -0.000135872  0.00292328  -0.0264883 -0.00765966 -0.000141312 -0.000223566 -3.04367e-06  -0.0226464 -0.00943044 -0.00545809 -0.0328901 -0.0333897   -9.80889 
               111.1 -0.0491886  -0.284829    -52.912 -1.70194 -0.25286 0.011433 0.0487033   -0.1084  0.102972   0.00190942  -0.00396532 -0.000132267  -0.0135693  -0.0150689 -0.00293594 -0.000108675 -8.40039e-05  1.90074e-05  -0.0224094 -0.00928832 -0.00558362 -0.0328883 -0.0333541   -9.80889 
               111.2 -0.114949 -0.154147  -52.9044  -1.70259  -0.25061 0.0149081 0.0486932 -0.108249  0.102904   0.00190871  -0.00396674 -0.000130932  -0.0114354 -0.00859499  0.00187508 -7.13781e-05 -0.000164348  1.48385e-05  -0.0222763 -0.00942086 -0.00575989 -0.0328614 -0.0333478   -9.80889 
               111.3  -0.256175 -0.0523813   -52.8911  -1.70229 -0.248325 0.0146962 0.0486783 -0.108182  0.102839   0.00190888  -0.00396647 -0.000128803 -0.0055609 -0.0045089 0.00206136  7.68761e-06 -0.000232504  6.18074e-06  -0.0221548 -0.00956866 -0.00573462 -0.0328342 -0.0333431   -9.80889 
               111.4 -0.0348103  -0.286481   -52.9331  -1.70216 -0.250376 0.0108596 0.0486951 -0.108266   0.10282   0.00190743  -0.00396671 -0.000129699  -0.0102263 -0.00880213 -0.00383998 -0.000116649 -0.000114097  2.94327e-05  -0.0222469 -0.00958713 -0.00554331 -0.0328388 -0.0333537   -9.80889 
               111.5 -0.472868    -0.159  -52.9714  -1.70112 -0.246926     0.024 0.0487485  -0.10797  0.102816   0.00190485  -0.00398227 -0.000122489 -0.00230924   0.0100238   0.0161182  0.000126996 -0.000185167  5.02687e-05  -0.0221854 -0.00973293 -0.00618916 -0.0328163 -0.0333588   -9.80889 
               111.6 -0.122512 0.0264698  -52.8468  -1.69938 -0.245694 0.0205659 0.0487446 -0.107994  0.102789   0.00190816  -0.00398268 -0.000122843  0.00486074 -0.00156546  0.00634868 -6.62525e-05 -0.000287231  -1.9606e-05  -0.0221714 -0.00986578 -0.00595325 -0.0327987 -0.0333638   -9.80889 
               111.7 -0.0537658  -0.385926    -52.852  -1.69448 -0.248243 0.0160946 0.0488282 -0.108059  0.102756   0.00190394   -0.0039862 -0.000135602  0.00784844 -0.00532846 -0.00215463 -0.000104262 -5.69082e-05 -1.59255e-05  -0.0224454  -0.0100303 -0.00570108  -0.032799 -0.0334034   -9.80889 
               111.8 -0.219111 -0.211161  -52.9046  -1.70131  -0.24842 0.0192818  0.048704 -0.108098  0.102865   0.00190441   -0.0039883 -0.000136424 -0.00319868 -0.00597902  0.00221111 -1.40556e-05  -0.00016539  1.29582e-05   -0.022188 -0.00966546 -0.00586646 -0.0328235  -0.033353   -9.80889 
               111.9 -0.224524  0.091443  -52.9213  -1.70497 -0.251408 0.0144197 0.0486425  -0.10822  0.102915    0.001909 -0.00398798 -0.00013737 -0.00477677    -0.01735 -0.00481391 -1.08847e-05 -0.000342011  2.15399e-05  -0.0221375 -0.00944731 -0.00562676 -0.0328455 -0.0333331   -9.80889 
                 112 -0.0969866  -0.464681   -52.9233   -1.7017 -0.251376 0.0111355  0.048677 -0.108182  0.102878   0.00190295   -0.0039888 -0.000142942 -0.00455907  -0.0109501  -0.0102633 -8.19222e-05 -3.83219e-05  2.37053e-05  -0.0222098 -0.00969864 -0.00547725 -0.0328205 -0.0333556   -9.80889 
               112.1 -0.199003  -0.15558  -52.9025   -1.70067  -0.252166 0.00884148 0.0486851 -0.108171  0.102844   0.00190245  -0.00398897 -0.000141691 0.00190044 -0.0146569 -0.0128299  -2.5357e-05 -0.000187678  1.11591e-05  -0.0222168 -0.00977451 -0.00541635 -0.0328121 -0.0333606   -9.80889 
               112.2 0.293026 0.365643 -52.9422   -1.70185  -0.255344 -0.0100275 0.0485964 -0.108402  0.102834   0.00192854  -0.00401199 -0.000138746 -0.00167374  -0.0413066  -0.0395964 -0.000298267 -0.000474405  3.35692e-05  -0.0220887 -0.00975261 -0.00456152 -0.0328062 -0.0333405   -9.80889 
               112.3 -0.265841 0.0263747  -52.9158    -1.70344   -0.253935 -0.00354926 0.0485572 -0.108215  0.102781   0.00192733  -0.00401776 -0.000133028 0.000391176  -0.0251317  -0.0241696 1.33364e-05 -0.00029979 1.86686e-05  -0.0218564 -0.00978561 -0.00506011 -0.0327847 -0.0333183   -9.80889 
               112.4     -0.14209 -0.000345227      -52.879   -1.70396   -0.25288 0.00196388 0.0485476 -0.108039  0.102729  0.00192957 -0.00401841 -0.00012981 -0.000621694   -0.0190984    -0.011339 -5.55675e-05 -0.000290388 -2.34849e-06  -0.0217072 -0.00986027 -0.00545116 -0.0327644 -0.0333089   -9.80889 
               112.5 -0.143628 -0.102836  -52.9074   -1.70158  -0.252876 0.00649954 0.0485932 -0.107898  0.102644   0.00193219  -0.00401922 -0.000128613  0.00353256  -0.0146468 -0.00251822 -5.53843e-05  -0.00023437   1.2703e-05  -0.0217334  -0.0100224 -0.00572807 -0.0327466 -0.0333238   -9.80889 
               112.6 -0.608234 -0.105266  -52.8248  -1.70436 -0.247913 0.0231174 0.0485533 -0.107621  0.102706   0.00193861  -0.00403664 -0.000121019  0.0073416 0.00744544  0.0227017  0.000202525  -0.00023296 -3.34757e-05  -0.0214274 -0.00994714 -0.00652744 -0.0327293 -0.0332938   -9.80889 
               112.7 -0.249115 -0.156755  -52.9011   -1.7036 -0.245463 0.0207517 0.0485225 -0.107644  0.102713   0.00193649  -0.00403682 -0.000119581 0.00356179  0.0109942  0.0179435  1.72242e-06 -0.000201482  9.24478e-06  -0.0213188  -0.0100381 -0.00630241 -0.0327119 -0.0332849   -9.80889 
               112.8 -0.331439 -0.133681  -52.9078  -1.70199 -0.244773 0.0193737 0.0485308 -0.107677  0.102694   0.00193568  -0.00403631 -0.000119676    0.01073 0.00684431  0.0102908  4.77934e-05 -0.000206991  1.31093e-05   -0.021347  -0.0100853 -0.00615716 -0.0327096 -0.0332891   -9.80889 
               112.9 -0.161862 -0.206029  -52.8936  -1.70079 -0.247163 0.0156208 0.0485454 -0.107775  0.102689   0.00193429  -0.00403828 -0.000119104   0.0101016 -0.00313507  0.00276933 -4.63915e-05 -0.000162046  5.37137e-06 -0.0214705 -0.0100386 -0.0059339 -0.0327255 -0.0332974   -9.80889 
                 113 0.0991013 0.0903266  -52.9457  -1.69997 -0.248039  0.002962 0.0485036 -0.107895  0.102636   0.00194043  -0.00405048 -0.000119332 0.00958379 -0.0194593 -0.0173585 -0.000190635 -0.000323672  3.41496e-05  -0.0213863  -0.0100976 -0.00532597 -0.0327186 -0.0332851   -9.80889 
               113.1 -0.155632  -0.11662  -52.8513  -1.70353 -0.250041 0.0049158  0.048442 -0.107917  0.102682   0.00193988  -0.00404915 -0.000118025  0.0021792  -0.017416 -0.0127084 -4.88114e-05 -0.000206181 -1.83369e-05  -0.0212757 -0.00986158 -0.00549245 -0.0327363 -0.0332615   -9.80889 
               113.2 -0.0846731  -0.289132   -52.8568   -1.70192  -0.249494 0.00505648 0.0484511 -0.107854  0.102631   0.00194093  -0.00404905 -0.000117705 0.00203693  -0.011842 -0.0114206 -8.50546e-05 -0.000105053  -1.5077e-05  -0.0212417 -0.00999425 -0.00555132 -0.0327184 -0.0332657   -9.80889 
               113.3 -0.342558 -0.238651  -52.8772  -1.70256 -0.249301 0.0108539 0.0484381 -0.107764  0.102649   0.00194249  -0.00405367 -0.000117036  0.00351262 -0.00449445 -0.00142784  5.86901e-05 -0.000139145 -5.23878e-06  -0.0211839 -0.00995395 -0.00588666 -0.0327155 -0.0332598   -9.80889 
               113.4 -0.426286 -0.239341  -52.8006  -1.70138 -0.244745 0.0192738 0.0484186 -0.107586  0.102576   0.00194404  -0.00405867 -0.000112836 0.00765797  0.0109095  0.0116587  0.000104864 -0.000138772 -4.79297e-05  -0.0210219  -0.0101042 -0.00629768 -0.0326844 -0.0332535   -9.80889 
               113.5 -0.376281 -0.104857  -52.8963  -1.70344 -0.246177 0.0178066  0.048402 -0.107683  0.102662    0.0019464  -0.00405768 -0.000114319 0.00745189 0.00189591 0.00731382   7.7143e-05 -0.000213531  4.59494e-06  -0.0210239 -0.00990132 -0.00617038 -0.0327081 -0.0332421   -9.80889 
               113.6  -0.50279 -0.668152    -52.91  -1.70277 -0.246129 0.0308943 0.0484488  -0.10758  0.102612   0.00195971   -0.0040629 -0.000117528 0.00481603  0.0186104  0.0264412  0.00014747 9.13964e-05 1.47212e-05  -0.0211649 -0.00984468 -0.00675902   -0.03272 -0.0332546   -9.80889 
               113.7 -0.0491499  -0.306495   -53.0132  -1.70421 -0.248684 0.0160521 0.0484412 -0.107828  0.102605   0.00196358  -0.00407564 -0.000105836   -0.0017626  -0.00206917 -0.000567313 -0.000104367 -0.000128824  7.10811e-05  -0.0211914  -0.0097106 -0.00592959 -0.0327429 -0.0332497   -9.80889 
               113.8 -0.162989 -0.225889  -52.9441  -1.70386 -0.249086 0.0125088 0.0484446 -0.107861  0.102577  0.00196511 -0.00407686  -0.0001053  0.00107237 -0.00587184 -0.00741188 -4.27118e-05 -0.000177262  3.22873e-05  -0.0212017 -0.00973348 -0.00575922 -0.0327425 -0.0332527   -9.80889 
               113.9 -0.0658217  -0.118311   -52.8587   -1.70108  -0.247883 0.00551256 0.0484572 -0.107857  0.102495   0.00197039  -0.00408027 -0.000109376  0.00502609 -0.00826405  -0.0178457 -9.64575e-05  -0.00025667 -1.51762e-05  -0.0211661  -0.0099415 -0.00545094 -0.0327191 -0.0332623   -9.80889 
                 114 -0.144847 -0.224817  -52.9493    -1.6996  -0.251132 0.00775682 0.0485025 -0.107844  0.102513   0.00196971  -0.00407911 -0.000107607 0.00739578 -0.0132216  -0.012063 -5.43751e-05  -0.00020805  3.52683e-05   -0.021351 -0.00990483 -0.00564951 -0.0327347 -0.0332775   -9.80889 
               114.1 -0.164203 -0.264007  -52.8656  -1.70004 -0.250006 0.0133417 0.0484744 -0.107747  0.102519   0.00196986  -0.00407856 -0.000106247   0.00448933  -0.00562792 -0.000972686 -4.38496e-05 -0.000184362 -1.12819e-05  -0.0212488 -0.00990568 -0.00597749 -0.0327262 -0.0332636   -9.80889 
               114.2 -0.294929  -0.39153   -53.033  -1.69843 -0.252701 0.0225325 0.0485175  -0.10765  0.102537   0.00197253  -0.00407979 -0.000108143  0.00732356 -0.00376864   0.0130049  2.88683e-05 -0.000120499  8.21526e-05   -0.021469 -0.00986153 -0.00642832 -0.0327446 -0.0332786   -9.80889 
               114.3 -0.214808  -0.57018  -53.0559  -1.69684 -0.255177 0.0203489 0.0485601 -0.107723   0.10254   0.00197017  -0.00407827 -0.000112527  0.00581364 -0.00598304  0.00739105 -1.59114e-05 -7.51465e-06  9.45407e-05  -0.0216048 -0.00985706 -0.00625842 -0.0327549 -0.0332946   -9.80889 
               114.4  -0.38385 -0.452243  -52.8468  -1.70042 -0.253165 0.0223005 0.0484648  -0.10773  0.102663   0.00196854  -0.00407463 -0.000114301 -3.61495e-05   0.00367772   0.00899964  7.69314e-05 -6.57069e-05 -2.23182e-05  -0.0213621  -0.0097119 -0.00630922 -0.0327541 -0.0332606   -9.80889 
               114.5 -0.259187 -0.348029  -52.8877  -1.69793 -0.250624 0.0243884 0.0484874 -0.107653  0.102559   0.00196881  -0.00407434 -0.000114662 0.00342488 0.00983635  0.0106797  7.79746e-06 -0.000129622  3.51724e-07  -0.0213501 -0.00989934 -0.00636712 -0.0327324 -0.0332695   -9.80889 
               114.6 -0.415242 -0.198498  -52.8956  -1.70092 -0.248358 0.0183052 0.0484035 -0.107775  0.102642   0.00197347  -0.00407053 -0.000121251  0.000596219    0.0127984 -0.000674359  9.61779e-05 -0.000218008  3.68175e-06  -0.0211173  -0.0097819 -0.00601355 -0.0327294 -0.0332442   -9.80889 
               114.7 -0.635143 -0.119489  -52.9791 -1.70275 -0.24319 0.026647 0.0483389 -0.107623  0.102667   0.00196717  -0.00407879 -0.000126733 0.00360835  0.0284286  0.0114457  0.000215911 -0.000264379  4.89125e-05   -0.020938 -0.00974261 -0.00640629 -0.0327199 -0.0332157   -9.80889 
               114.8 -0.230008 -0.357185  -52.9199   -1.7027 -0.244373 0.0201404 0.0483699 -0.107766  0.102691   0.00196491  -0.00408473 -0.000125479 -0.00482337   0.0240777 0.000526733 -9.69663e-06 -0.000132538  1.70187e-05  -0.0210819 -0.00966489 -0.00604177 -0.0327384  -0.033233   -9.80889 
               114.9 -0.373139 -0.440632  -53.0355  -1.70209 -0.247178 0.0213982 0.0484348  -0.10784  0.102703    0.0019663  -0.00408166 -0.000129767 -0.00260108   0.0205926  0.00289651  7.02139e-05 -9.06931e-05  8.14812e-05  -0.0213684 -0.00954475 -0.00610492 -0.0327723 -0.0332545   -9.80889 
                 115  -0.20343 -0.258054  -52.9065  -1.70461 -0.246913 0.0230857 0.0484056 -0.107875  0.102714   0.00196443  -0.00408039 -0.000126608 -0.00855785   0.0170681  0.00473142 -2.48928e-05 -0.000187471  9.07001e-06  -0.0213682 -0.00939716 -0.00617985 -0.0327885 -0.0332444   -9.80889 
               115.1 -0.111969 0.0585417  -52.9382  -1.70667 -0.249536 0.0153029 0.0484037 -0.107975  0.102649   0.00197161  -0.00408523 -0.000118432  -0.010812 0.00233976  -0.007871 -7.54165e-05 -0.000366439  2.61879e-05  -0.0214503 -0.00925311 -0.00579703 -0.0328117 -0.0332516   -9.80889 
               115.2 -0.316647 -0.179485  -52.9618  -1.70701 -0.247383 0.0134667 0.0484004 -0.107933   0.10268   0.00197047  -0.00408442 -0.000116892 -0.0100459  0.0116477  -0.010602  3.85346e-05 -0.000234585  3.96883e-05  -0.0213974 -0.00932869  -0.0057342 -0.0327994 -0.0332518   -9.80889 
               115.3 -0.279329  0.115567  -52.9397   -1.70868  -0.245967 0.00569374 0.0483655 -0.107893  0.102676    0.0019742  -0.00408422 -0.000119442 -0.00646122  0.00504195  -0.0198858  1.78868e-05 -0.000398642   2.6537e-05  -0.0212922 -0.00932683 -0.00541756 -0.0327925 -0.0332458   -9.80889 
               115.4 -0.218207 -0.124426  -52.9473   -1.70678  -0.244972 0.00580717 0.0484144  -0.10788  0.102755   0.00197428  -0.00408376 -0.000120601 -0.00357214  0.00657998  -0.0177816 -1.46545e-05 -0.000260671  3.08494e-05  -0.0213777 -0.00945923 -0.00551584 -0.0327837  -0.033261   -9.80889 
               115.5 -0.0770786 -0.0506236   -52.9668    -1.70679   -0.246162 -0.00242178 0.0484221 -0.107838  0.102731   0.00197373  -0.00408622 -0.000121299 -0.00384056 -0.00269618  -0.0274146 -8.95504e-05 -0.000300257  4.11613e-05  -0.0214404 -0.00945538 -0.00521245 -0.0327886 -0.0332696   -9.80889 
               115.6 0.0241268 -0.320004  -52.9222     -1.70409    -0.246458 -0.000457668 0.0484973 -0.107863  0.102817   0.00197826  -0.00408374 -0.000128374  -0.00399093 -0.000348799   -0.0194981 -0.000144782 -0.000151461  1.65798e-05  -0.0215845  -0.0096047 -0.00543762 -0.0327822 -0.0332919   -9.80889 
               115.7 -0.0261777  -0.223378   -52.9215   -1.70213  -0.248484 0.00673041  0.048586 -0.107978  0.102836   0.00198205  -0.00408249 -0.000130446  -0.0016614 -0.00341964 -0.00547079 -0.000118331 -0.000204286  1.62872e-05  -0.0217729 -0.00964197 -0.00588888 -0.0327913  -0.033313   -9.80889 
               115.8  -0.236094 -0.0742995   -52.8897  -1.70198 -0.247445  0.012365 0.0485957  -0.10802  0.102862   0.00198138  -0.00408572 -0.000129392  0.00143602 -0.00020715  0.00323477  -2.6961e-06 -0.000285717 -1.42318e-06  -0.0217235 -0.00966309 -0.00618452 -0.0327857 -0.0333097   -9.80889 
               115.9 -0.448862 -0.178993  -52.9059  -1.70791 -0.247856 0.0232035 0.0485372 -0.108196  0.102701   0.00198341  -0.00409531 -0.000140357 -0.00527001  0.00661899   0.0198053  0.000116181 -0.000227062   7.8468e-06  -0.0215822 -0.00930134 -0.00667471 -0.0328166 -0.0332766   -9.80889 
                 116 -0.469258 -0.130553  -52.9468  -1.70845 -0.246894 0.0323391 0.0485571 -0.108256  0.102669   0.00198352  -0.00410027 -0.000141204 -0.00107559   0.0111715   0.0310062  0.000127198 -0.000253461  3.01294e-05  -0.0215815  -0.0092735 -0.00701777 -0.0328203 -0.0332766   -9.80889 
               116.1 -0.324233 -0.187992  -52.9327  -1.70533 -0.247432 0.0238554 0.0485797 -0.108173  0.102704   0.00198119  -0.00409981 -0.000141068 0.00506583  0.0052124  0.0133159  4.74435e-05 -0.000220856  2.26221e-05  -0.0217383 -0.00941841 -0.00646237 -0.0328143 -0.0332972   -9.80889 
               116.2 -0.251631 -0.288335  -52.9307  -1.70408 -0.248184 0.0182441 0.0485796 -0.108149  0.102704   0.00197834  -0.00410141 -0.000141612 0.00487793 0.00269292 0.00272108  7.53407e-06 -0.000164539  2.17495e-05  -0.0218145 -0.00944284 -0.00612902 -0.0328167 -0.0333046   -9.80889 
               116.3 -0.149237 -0.293931  -52.9403  -1.70308 -0.247935 0.0205325 0.0485991 -0.108155    0.1027   0.00197881  -0.00410034 -0.000142526 0.00318778 0.00376373 0.00599843 -4.76761e-05 -0.000161063  2.70047e-05  -0.0218437 -0.00946954 -0.00622681 -0.0328157 -0.0333093   -9.80889 
               116.4 0.0179383  0.162996  -52.8734   -1.70164  -0.249403 0.00591766 0.0485678 -0.108098  0.102622   0.00199356  -0.00411191 -0.000138974 0.00608247 -0.0136345 -0.0170239 -0.000140357  -0.00041106 -1.01671e-05  -0.0218702 -0.00953461 -0.00550839 -0.0328128  -0.033312   -9.80889 
               116.5 -0.155536 -0.198279  -52.9072   -1.70181  -0.251486 0.00483124  0.048564 -0.108128  0.102607    0.0019922  -0.00411111 -0.000138741  0.0032242 -0.0122135 -0.0161258 -4.44428e-05 -0.000210908  8.72612e-06  -0.0219097 -0.00946754 -0.00552919 -0.0328225 -0.0333125   -9.80889 
               116.6  -0.222285 -0.0277998    -52.965   -1.7061 -0.249851 0.0116025 0.0484732 -0.108116  0.102625   0.00199055  -0.00411504 -0.000141898 -0.00231174  -0.0065041  -0.0032081 -8.50915e-06 -0.000303185  3.98722e-05  -0.0216373 -0.00930812 -0.00592777   -0.03282 -0.0332781   -9.80889 
               116.7 -0.334286 -0.198605  -52.8981  -1.70445 -0.250934  0.016178 0.0485248 -0.108131  0.102594   0.00199215  -0.00411727 -0.000141653  0.00251749 -0.00321654   0.0044119  5.23415e-05 -0.000209073  3.79097e-06  -0.0217442 -0.00935629 -0.00616078 -0.0328216 -0.0332918   -9.80889 
               116.8 -0.281426 -0.316564  -52.9169  -1.70325 -0.250972 0.0205047 0.0485521 -0.108127  0.102576   0.00199432  -0.00411791 -0.000141974 0.00358181 0.00173809  0.0112076   2.2197e-05 -0.000144436  1.43032e-05  -0.0217866 -0.00940028 -0.00634746 -0.0328196  -0.033299   -9.80889 
               116.9 -0.237995  0.010947  -52.9477  -1.70868 -0.251141 0.0172045 0.0484269 -0.108155  0.102602   0.00199617  -0.00411871 -0.000146353 -0.00383425 -0.00371493   0.0054003 -1.85136e-07 -0.000321972  3.02089e-05  -0.0215681 -0.00913961 -0.00614373 -0.0328329 -0.0332628   -9.80889 
                 117 0.0511562 -0.313472  -52.9879  -1.70273 -0.249656 0.0147072 0.0485313 -0.108085  0.102624  0.00199189 -0.00411995 -0.00015963 0.000232324  -0.0012819 0.000610302 -0.000155974 -0.000144466  5.24139e-05  -0.0217048 -0.00952362 -0.00599237 -0.0328021  -0.033296   -9.80889 
               117.1 -0.202666 -0.222148  -52.8775  -1.70286 -0.249918 0.0126087 0.0485203 -0.108093  0.102623   0.00199164  -0.00411954 -0.000159344  0.00126785 -0.00101011 -0.00262828 -1.74246e-05 -0.000193598 -7.99417e-06  -0.0216961 -0.00950184 -0.00588927  -0.032804 -0.0332937   -9.80889 
               117.2 0.0553929 -0.264206  -52.9538   -1.70208  -0.249614 0.00889612 0.0485341 -0.108075  0.102617   0.00199101  -0.00412082 -0.000160238 -0.00375574 -0.00330451 -0.00775278 -0.000159227  -0.00017001  3.37324e-05  -0.0216917 -0.00958222 -0.00572845 -0.0327955 -0.0332971   -9.80889 
               117.3 -0.207228  0.023735  -52.8976   -1.70618  -0.249171 0.00980661 0.0484433 -0.108078  0.102609   0.00198913  -0.00412125 -0.000167457 -0.00595962 -0.00408557 -0.00508311 -1.59426e-05  -0.00032614  2.79399e-06  -0.0215142 -0.00941725 -0.00580792 -0.0328009 -0.0332712   -9.80889 
               117.4  -0.361114 -0.0562495   -52.8815  -1.70361 -0.249306 0.0166737 0.0485076 -0.108069  0.102612    0.0019873  -0.00412697 -0.000162863   0.00335628 -0.000600885   0.00633565  6.90453e-05 -0.000281836 -5.76517e-06  -0.0216314 -0.00953194 -0.00615633 -0.0327973 -0.0332896   -9.80889 
               117.5 -0.278115  -0.13146  -52.8862  -1.70284 -0.247205 0.0165344 0.0485042 -0.108024  0.102627    0.0019874  -0.00412657 -0.000161675 0.00430433 0.00362565 0.00511629  2.36458e-05 -0.000239992 -2.92857e-06  -0.0215485 -0.00961727 -0.00611555 -0.0327829 -0.0332861   -9.80889 
               117.6 -0.510593 -0.546365  -52.8464  -1.70209 -0.247335  0.030492 0.0485419 -0.108069  0.102571   0.00200084  -0.00413729 -0.000166286 0.00398041  0.0165944   0.024494  0.000148213 -1.38587e-05 -2.29436e-05  -0.0216781 -0.00955692 -0.00674702 -0.0327994 -0.0332965   -9.80889 
               117.7 -0.230835 -0.348596  -52.9825  -1.70246  -0.24823 0.0261542 0.0485407 -0.108118  0.102559   0.00200026   -0.0041373 -0.000163256 0.000632453  0.00992607   0.0150796 -3.91801e-06 -0.000121726  5.05444e-05  -0.0217372 -0.00947678 -0.00643121 -0.0328109 -0.0332971   -9.80889 
               117.8  -0.48633 -0.139434  -52.8701  -1.70002 -0.244627 0.0211015 0.0485402 -0.108052  0.102552   0.00200382  -0.00413373 -0.000161705 0.0115126 0.0156776 0.0054188  0.000134301 -0.000234899 -1.17203e-05  -0.0216561 -0.00965144 -0.00611325 -0.0327885 -0.0332981   -9.80889 
               117.9 -0.383206 -0.186942  -52.8805  -1.70048 -0.243812 0.0194133 0.0485164 -0.108073  0.102558   0.00200442  -0.00413382 -0.000161028  0.0100281  0.0156575 0.00268502  7.89862e-05 -0.000208133 -5.76487e-06  -0.0216346 -0.00956144 -0.00600743 -0.0327963 -0.0332919   -9.80889 
                 118 -0.0934762  -0.175354   -52.9423   -1.70232  -0.246706 0.00878124 0.0484902  -0.10815  0.102539   0.00200861  -0.00414265 -0.000150508 0.00115154 0.00141205 -0.0138678 -7.76703e-05 -0.000213412  2.79788e-05   -0.021707 -0.00935276 -0.00549321 -0.0328226 -0.0332904   -9.80889 
               118.1 -0.0621764   0.148558   -52.9142   -1.70238  -0.248297 0.00368576 0.0484824 -0.108168  0.102511   0.00201184  -0.00414521 -0.000147779 0.00205091 -0.0111718 -0.0205898   -9.569e-05 -0.000389048  1.23409e-05   -0.021727 -0.00931302 -0.00532346 -0.0328285 -0.0332909   -9.80889 
               118.2 -0.132119 0.0865111  -52.8391   -1.70171  -0.247179 0.00497136 0.0484764 -0.108129  0.102529   0.00201064  -0.00414364 -0.000149158  0.00550867 -0.00832063  -0.0142419 -5.60682e-05  -0.00035411 -2.85731e-05   -0.021648 -0.00937949  -0.0054703 -0.0328163 -0.0332862   -9.80889 
               118.3 -0.0952809  -0.299032   -52.9875   -1.69543  -0.249125 0.00778202 0.0485773  -0.10813  0.102572   0.00201086  -0.00413907 -0.000160202   0.0116129 -0.00715877 -0.00763932  -7.7228e-05 -0.000143153  5.29228e-05  -0.0219285 -0.00960917 -0.00567077 -0.0328101 -0.0333224   -9.80889 
               118.4  -0.21525 -0.141067   -52.883  -1.69928 -0.249149 0.0145613 0.0484871 -0.108163  0.102599   0.00201093  -0.00413967 -0.000160057 0.00445556 -0.0041063 0.00398626 -1.21028e-05 -0.000228624 -4.19829e-06  -0.0217476 -0.00936711  -0.0060244 -0.0328216 -0.0332936   -9.80889 
               118.5 -0.221448 -0.117305  -52.8801  -1.70047 -0.248875 0.0148357 0.0484528 -0.108157  0.102598   0.00201074  -0.00413948 -0.000160283  0.00199301 -0.00339148  0.00386373 -9.99331e-06 -0.000240814 -5.78691e-06  -0.0216584 -0.00931234 -0.00601722 -0.0328216 -0.0332828   -9.80889 
               118.6 -0.335466 -0.142449  -52.8723  -1.69775 -0.247608 0.0160069 0.0484869 -0.108119   0.10261   0.00201105  -0.00413977 -0.000157396 0.00961268 0.00182574 0.00566982  5.21061e-05 -0.000226417 -9.88983e-06   -0.021672 -0.00945867 -0.00604999 -0.0328078 -0.0332912   -9.80889 
               118.7 -0.0691243  -0.158239   -52.9291  -1.69901 -0.243677 0.0131024 0.0484284 -0.108048  0.102637   0.00201014  -0.00414167 -0.000156424  0.00168747  0.00564906 0.000335331 -9.52245e-05 -0.000217025  2.12463e-05  -0.0214091 -0.00950569 -0.00588425 -0.0327875 -0.0332691   -9.80889 
               118.8 0.0175446 -0.479178  -52.9986  -1.69676 -0.247034 0.0117406 0.0484986 -0.108117  0.102664   0.00200866  -0.00413965 -0.000166215 -0.00227999 0.000449024 -0.00158811 -0.000143233  -4.1143e-05  5.92503e-05  -0.0216883 -0.00950737 -0.00582189 -0.0328045 -0.0332945   -9.80889 
               118.9 -0.0249685 -0.0301379   -52.9763  -1.69728 -0.251914 0.0120766 0.0485112 -0.108202  0.102672   0.00200785  -0.00413937 -0.000159568  -0.00132371   -0.0150503 -0.000107392 -0.000120983 -0.000285704  4.68552e-05  -0.0218622 -0.00935612 -0.00586285 -0.0328298 -0.0333033   -9.80889 
                 119 -0.00242491  -0.0483393    -52.8871    -1.6983  -0.251554 0.00988146 0.0484786 -0.108165  0.102676  0.00200858 -0.00413873 -0.00016165 -0.00484617  -0.0154016 -0.00357742 -0.000132903 -0.000274805 -1.99687e-06  -0.0217361 -0.00938508  -0.0057553 -0.0328192 -0.0332926   -9.80889 
               119.1 -0.061093 -0.279884  -52.9271  -1.70293 -0.251226 0.0120206 0.0484075 -0.108157  0.102663   0.00200895  -0.00413893 -0.000159294  -0.0164588 -0.00951618  0.00013081 -0.000103033  -0.00014744  1.99665e-05  -0.0215489 -0.00924749 -0.00586639 -0.0328214 -0.0332692   -9.80889 
               119.2 -0.117735  -0.14995  -52.9168  -1.70335 -0.249212 0.0155186 0.0484179 -0.108096  0.102682  0.00200844 -0.00414004 -0.00015788 -0.0142502 -0.0043715  0.0055497 -7.18901e-05 -0.000218268  1.42407e-05  -0.0214568 -0.00938372 -0.00603008 -0.0328031 -0.0332687   -9.80889 
               119.3  -0.268305 -0.0434396   -52.8984  -1.70299 -0.246498  0.015472 0.0484224 -0.108027  0.102701   0.00200889  -0.00413949 -0.000155166 -0.00777723 0.000661884  0.00457679  1.06413e-05 -0.000275841   3.9859e-06  -0.0213559 -0.00954684 -0.00599757 -0.0327807 -0.0332674   -9.80889 
               119.4 -0.0319607  -0.286936   -52.9422  -1.70265 -0.248723 0.0111083 0.0484502 -0.108057  0.102692   0.00200707  -0.00413993 -0.000156811  -0.0118961 -0.00506163 -0.00264817 -0.000118123 -0.000142076  2.82125e-05  -0.0215054 -0.00956517 -0.00577119 -0.0327861 -0.0332801   -9.80889 
               119.5 -0.476737 -0.156328  -52.9753  -1.70149 -0.245468 0.0243076 0.0484989  -0.10799  0.102751   0.00200466  -0.00415498 -0.000149627 -0.000619644   0.00937104    0.0179998  0.000124535 -0.000213344  4.60426e-05  -0.0214495 -0.00971186 -0.00640448 -0.0327723 -0.0332868   -9.80889 
               119.6 -0.126875 0.0303195  -52.8552  -1.69956 -0.244785 0.0209805 0.0485108 -0.107965  0.102767   0.00200808  -0.00415578 -0.000149051  0.0027702 0.00170811  0.0103446 -6.69658e-05 -0.000314151 -2.02139e-05  -0.0214866 -0.00983187 -0.00616374  -0.032761 -0.0332938   -9.80889 
               119.7 -0.0555402  -0.386269   -52.8602  -1.69459 -0.247559 0.0166394 0.0485883 -0.107993  0.102779   0.00200361  -0.00415946 -0.000162677  0.00568417 -0.00232126  0.00209485 -0.000105638 -8.53491e-05 -1.68757e-05  -0.0217945 -0.00998725 -0.00590525 -0.0327627 -0.0333271   -9.80889 
               119.8 -0.219329 -0.210407   -52.913  -1.70154 -0.247733 0.0200695 0.0484703 -0.108037    0.1028   0.00200417  -0.00416148 -0.000163459  -0.00739171 -0.000666484   0.00725903 -1.5835e-05 -0.00018114 1.17467e-05  -0.0215466  -0.0096262 -0.00606076 -0.0327833 -0.0332885   -9.80889 
               119.9 -0.231136 0.0928239  -52.9293  -1.70562 -0.250665 0.0151264 0.0484082 -0.108095  0.102794   0.00200912    -0.004161 -0.000163942  -0.0140584  -0.0158166 -0.00626842 -9.22774e-06 -0.000345684  1.99889e-05  -0.0215185 -0.00940749 -0.00580865 -0.0328015 -0.0332737   -9.80889 
                 120 -0.103436 -0.462197  -52.9322  -1.70292 -0.250702 0.0113801 0.0484487 -0.108045  0.102824    0.0020027  -0.00416174 -0.000170545  -0.0140182 -0.00897185  -0.0119077 -7.93027e-05 -4.29327e-05  2.24442e-05  -0.0216239 -0.00966362 -0.00564737 -0.0327821 -0.0332941   -9.80889 
               120.1 -0.207278 -0.153783  -52.9119   -1.70221  -0.251624 0.00883205 0.0484597  -0.10802  0.102799   0.00200212  -0.00416189 -0.000168727 -0.00788577  -0.0110764  -0.0137875 -2.15138e-05 -0.000213241  1.07246e-05   -0.021668 -0.00975964 -0.00558721 -0.0327751 -0.0333019   -9.80889 
               120.2 0.286772 0.372247 -52.9546   -1.70361  -0.254573 -0.0102462  0.048306 -0.108028  0.102775   0.00202828  -0.00418468 -0.000165268  -0.011039 -0.0363465 -0.0412495 -0.000291122 -0.000502006  3.46765e-05  -0.0216033 -0.00978211 -0.00474066 -0.0327666 -0.0332891   -9.80889 
               120.3  -0.27365 0.0332501  -52.9283    -1.70528   -0.252959 -0.00388873 0.0483468 -0.108004  0.102825   0.00202699  -0.00419025 -0.000158774 -0.00740968  -0.0206835  -0.0251898  1.79973e-05 -0.000313777  1.98765e-05  -0.0213894 -0.00984133 -0.00523549 -0.0327506 -0.0332766   -9.80889 
               120.4 -0.147102 0.0154821  -52.8896    -1.7057  -0.251845 0.00162965 0.0484013 -0.107967  0.102851   0.00202916  -0.00419089 -0.000155849 -0.00677057  -0.0156134  -0.0123504 -5.25978e-05 -0.000303516 -1.71751e-06  -0.0212645 -0.00994068 -0.00563098 -0.0327357 -0.0332747   -9.80889 
               120.5  -0.150577 -0.0858391   -52.9167   -1.70309  -0.251928 0.00605282 0.0484747 -0.107912  0.102832   0.00203174  -0.00419163 -0.000155387 -0.000819068   -0.0121687  -0.00335387 -5.08514e-05 -0.000246798   1.3481e-05  -0.0213269  -0.0101259 -0.00590689 -0.0327225  -0.033292   -9.80889 
               120.6  -0.614299 -0.0939407   -52.8318  -1.70553 -0.247068 0.0226964 0.0485669 -0.107889  0.102907   0.00203848  -0.00420914 -0.000147079 0.00448996  0.0105552  0.0225022  0.000205163 -0.000242243 -3.35759e-05  -0.0210194  -0.0100651 -0.00670588 -0.0327109 -0.0332741   -9.80889 
               120.7 -0.253272 -0.148475  -52.9084  -1.70455 -0.244616 0.0204201 0.0485189 -0.107867   0.10296   0.00203641  -0.00420917 -0.000146295 0.00342402  0.0107262  0.0157929  6.25386e-06 -0.000211474  9.19788e-06  -0.0209536  -0.0101794 -0.00649174 -0.0326966 -0.0332702   -9.80889 
               120.8  -0.33284 -0.125742  -52.9163  -1.70263 -0.244033 0.0190523  0.048518 -0.107865   0.10295   0.00203555   -0.0042086 -0.000146648 0.00874897 0.00972497  0.0114054  5.16238e-05 -0.000223288  1.34568e-05  -0.0210182  -0.0102424 -0.00635134 -0.0326949 -0.0332764   -9.80889 
               120.9 -0.162937 -0.198685  -52.9006  -1.70136 -0.246306 0.0154227 0.0485184 -0.107907  0.102931    0.0020341   -0.0042106 -0.000146502  0.0071803  0.0014038 0.00454643 -4.19997e-05 -0.000182257  5.00481e-06  -0.0211698  -0.0102031 -0.00613322 -0.0327079 -0.0332847   -9.80889 
                 121 0.0981211 0.0953575  -52.9518   -1.70053  -0.247074 0.00296009 0.0484504 -0.107913  0.102905   0.00204003  -0.00422264 -0.000146162  0.0052303 -0.0129982 -0.0146412  -0.00018681 -0.000343615  3.31231e-05 -0.0211301 -0.0102728 -0.0055328 -0.0327031 -0.0332762   -9.80889 
               121.1 -0.160591 -0.111565  -52.8571   -1.70416  -0.248856 0.00512192 0.0484134  -0.10796  0.102874   0.00203947  -0.00422147 -0.000145059 -0.00163112  -0.0115641 -0.00910504 -4.20655e-05 -0.000228164 -1.93473e-05  -0.0210381  -0.0100365 -0.00569759 -0.0327187 -0.0332601   -9.80889 
               121.2 -0.0962161  -0.286766   -52.8509   -1.70207   -0.24834 0.00530861  0.048446 -0.107924  0.102878   0.00204053   -0.0042215 -0.000146129 -0.00115894 -0.00701456 -0.00754064  -7.9353e-05 -0.000131532 -2.25063e-05  -0.0210578   -0.010193 -0.00574407 -0.0327054 -0.0332691   -9.80889 
               121.3 -0.344916 -0.236815  -52.8792  -1.70292 -0.248133  0.011403 0.0484444 -0.107917  0.102881    0.0020422  -0.00422593 -0.000145785   0.00083622 -0.000121829   0.00374733  5.86624e-05 -0.000159154 -6.72703e-06  -0.0210121  -0.0101443 -0.00607253 -0.0327054 -0.0332662   -9.80889 
               121.4 -0.432732 -0.237555  -52.8029  -1.70184 -0.243655 0.0199467 0.0484596 -0.107846  0.102874   0.00204385  -0.00423089 -0.000141632 0.00512021  0.0140244  0.0161609  0.000103609 -0.000158383 -4.91482e-05  -0.0208641  -0.0102885 -0.00646704 -0.0326828 -0.0332634   -9.80889 
               121.5 -0.380271 -0.105883  -52.8993  -1.70388  -0.24523 0.0185053 0.0484264 -0.107905  0.102876   0.00204635  -0.00422969 -0.000142566 0.00318086 0.00740204  0.0117403  7.58094e-05 -0.000231303  4.08346e-06  -0.0208974  -0.0100866 -0.00632414 -0.0327033 -0.0332565   -9.80889 
               121.6 -0.510515 -0.666378  -52.9131  -1.70331 -0.245204  0.031791 0.0484635 -0.107952   0.10281   0.00205928  -0.00423472 -0.000147209 0.00126257  0.0225841  0.0303291 0.000148857 8.07018e-05 1.40717e-05  -0.0210438  -0.0100261 -0.00690135 -0.0327153 -0.0332678   -9.80889 
               121.7 -0.0535563   -0.30263   -53.0161  -1.70482 -0.247714 0.0168429 0.0484541 -0.108009  0.102754   0.00206352  -0.00424775 -0.000134871 -0.00633219  0.00372429  0.00340915 -0.000104479 -0.000121232   7.0139e-05  -0.0211253 -0.00989324 -0.00605156 -0.0327342 -0.0332671   -9.80889 
               121.8 -0.171649 -0.224572  -52.9471  -1.70459 -0.247986 0.0133283 0.0484676  -0.10801  0.102732   0.00206527    -0.004249 -0.000133599 -0.00476871  0.00174217 -0.00243595  -3.8538e-05 -0.000163994  3.13683e-05  -0.0211692 -0.00991702 -0.00586516 -0.0327352 -0.0332722   -9.80889 
               121.9 -0.0710057  -0.112403   -52.8623   -1.70197   -0.24663 0.00636979 0.0485114 -0.107952  0.102722   0.00207099  -0.00425285 -0.000136667 -0.000630605  -0.00103042   -0.0128605 -9.29428e-05 -0.000225444 -1.59597e-05  -0.0211825  -0.0101262 -0.00553679 -0.0327181 -0.0332839   -9.80889 
                 122 -0.154319 -0.220463  -52.9545  -1.70065 -0.249737 0.0087372 0.0485469 -0.108008  0.102729   0.00207029  -0.00425153 -0.000134661 0.000900947 -0.00474067 -0.00689525 -4.63498e-05 -0.000164927  3.54027e-05  -0.0213972  -0.0100895 -0.00572008  -0.032733 -0.0332985   -9.80889 
               122.1 -0.176519  -0.26105  -52.8703  -1.70115  -0.24847 0.0144105 0.0485319 -0.108003  0.102739   0.00207045  -0.00425128 -0.000133408 -0.00131934  0.00175175  0.00307994 -3.15546e-05 -0.000141905 -1.14648e-05  -0.0213259  -0.0100977 -0.00602998 -0.0327287 -0.0332904   -9.80889 
               122.2 -0.304197 -0.388081  -53.0368   -1.6996 -0.251112 0.0234238 0.0485609 -0.108065  0.102741    0.0020729  -0.00425163 -0.000136204 0.00165133  0.0038103  0.0168132  3.84052e-05 -7.15236e-05  8.14151e-05  -0.0215746  -0.0100575 -0.00645545 -0.0327471  -0.033305   -9.80889 
               122.3 -0.227857 -0.569572  -53.0591  -1.69797 -0.253527 0.0212218 0.0486073   -0.1081  0.102735   0.00206964     -0.00425 -0.000143101 -0.00053132  0.00291395   0.0110334 -2.58092e-06  2.97234e-05  9.40016e-05  -0.0217687  -0.0100581 -0.00626988 -0.0327572 -0.0333229   -9.80889 
               122.4 -0.389933 -0.453176  -52.8492  -1.70154 -0.251466 0.0230645 0.0485226 -0.108111  0.102758   0.00206803  -0.00424718 -0.000145253 -0.00491624   0.0128614   0.0133359  8.64388e-05 -3.44164e-05 -2.33828e-05  -0.0215758 -0.00992339   -0.006298 -0.0327588 -0.0333004   -9.80889 
               122.5 -0.269006 -0.340571  -52.8905  -1.69904  -0.24878 0.0251971 0.0485673 -0.108076  0.102762   0.00206839  -0.00424715 -0.000144702 -0.000672965    0.0170655    0.0144953  2.27278e-05 -9.12847e-05  -3.1922e-06  -0.0216126  -0.0101127 -0.00633977 -0.0327442 -0.0333119   -9.80889 
               122.6 -0.426984 -0.190362  -52.8975  -1.70194 -0.246602 0.0190716 0.0485173 -0.108058  0.102756   0.00207366  -0.00424336 -0.000150227 -0.00216234   0.0180692  0.00273872  0.000110421 -0.000173163  6.02796e-08  -0.0214508 -0.00999573 -0.00597094 -0.0327432 -0.0332983   -9.80889 
               122.7 -0.638193 -0.118522  -52.9804  -1.70348 -0.241807 0.0272286 0.0484614 -0.108042  0.102744   0.00206779   -0.0042507 -0.000154254 0.00317636  0.0301093  0.0146866  0.000226335 -0.000212891  4.57783e-05  -0.0213058 -0.00996401 -0.00634175 -0.0327394 -0.0332784   -9.80889 
               122.8 -0.231397 -0.361602  -52.9217  -1.70307 -0.243401  0.021166 0.0485044 -0.108082  0.102748    0.0020656  -0.00425666 -0.000153518 -0.00175454   0.0210562   0.0035097  -4.1055e-09 -7.65087e-05  1.39843e-05  -0.0215075 -0.00988289 -0.00598798 -0.0327557 -0.0332975   -9.80889 
               122.9  -0.38225 -0.446389  -53.0358  -1.70209 -0.246686 0.0223782 0.0485489 -0.108182  0.102746  0.00206676 -0.00425346 -0.00015855 0.000743955   0.0167127  0.00517404  8.28071e-05 -2.96817e-05  7.77039e-05  -0.0218118  -0.0097594 -0.00603486 -0.0327847  -0.033316   -9.80889 
                 123  -0.20903 -0.264443  -52.9062  -1.70428 -0.246925 0.0239564 0.0485161  -0.10822  0.102744   0.00206489  -0.00425241 -0.000155176 -0.00478058   0.0126628  0.00724102 -1.44543e-05 -0.000130452  4.73782e-06  -0.0218178  -0.0096096 -0.00609388 -0.0327983 -0.0333085   -9.80889 
               123.1 -0.115084 0.0515563  -52.9379  -1.70608 -0.249939 0.0160076 0.0485224 -0.108265  0.102707   0.00207227   -0.0042575 -0.000147279 -0.00576116 -0.00401653 -0.00541691 -6.59327e-05 -0.000304693  2.16541e-05  -0.0218988 -0.00945818 -0.00569558 -0.0328167 -0.0333156   -9.80889 
               123.2 -0.320462 -0.189102   -52.961  -1.70626 -0.248141 0.0141422 0.0485191 -0.108227  0.102714   0.00207115  -0.00425678 -0.000145592 -0.00484101  0.00272317 -0.00889525   4.4402e-05 -0.000171681  3.47619e-05  -0.0218253 -0.00953242 -0.00562529  -0.032806 -0.0333144   -9.80889 
               123.3 -0.280259  0.106626  -52.9397   -1.70778  -0.247124 0.00631364 0.0484916 -0.108195  0.102712   0.00207494  -0.00425658 -0.000148889 -0.00235113 -0.00261695  -0.0192603  2.23807e-05 -0.000333755  2.20701e-05  -0.0216882 -0.00952953 -0.00530277 -0.0327993 -0.0333085   -9.80889 
               123.4 -0.265964   -0.1257  -52.9596   -1.70642   -0.24495 0.00824882 0.0485037  -0.10816   0.10273  0.00207541 -0.00425671 -0.00014719 0.000385564  0.00448293  -0.0136132  1.55696e-05 -0.000203888  3.37043e-05  -0.0216607 -0.00966211 -0.00547734 -0.0327856 -0.0333097   -9.80889 
               123.5 -0.0934738 -0.0611762   -52.9665     -1.70632     -0.24639 -0.000466587 0.0485042 -0.108168   0.10271   0.00207472  -0.00425973 -0.000147612 -0.000491573  -0.00496786   -0.0246619 -8.00824e-05 -0.000238573  3.72571e-05  -0.0217056 -0.00964728 -0.00513202 -0.0327908 -0.0333161   -9.80889 
               123.6 0.00913018  -0.334749   -52.9215   -1.70355  -0.246687 0.00111069 0.0485602 -0.108151   0.10272   0.00207878  -0.00425768 -0.000154119 -0.00171521 -0.00243519  -0.0184046 -0.000137076 -8.59254e-05  1.22706e-05  -0.0218387 -0.00979314 -0.00532571 -0.0327846  -0.033332   -9.80889 
               123.7 -0.0352781  -0.238789   -52.9203   -1.70152  -0.248737 0.00798345 0.0486286 -0.108163  0.102737   0.00208246  -0.00425632 -0.000156145 0.000695849 -0.00471253 -0.00462789 -0.000109523 -0.000139263  1.16746e-05   -0.022031 -0.00982383 -0.00575249 -0.0327903 -0.0333477   -9.80889 
               123.8  -0.240797 -0.0866703   -52.8885   -1.7014 -0.247727  0.013334 0.0486323 -0.108147  0.102764  0.00208176 -0.00425912 -0.00015548   0.00399318 -0.000645158   0.00437464  4.69685e-06 -0.000223498  -6.2139e-06   -0.021976 -0.00983831  -0.0060304 -0.0327848 -0.0333437   -9.80889 
               123.9 -0.453609 -0.188962  -52.9047  -1.70734 -0.248031 0.0238197 0.0485786 -0.108205  0.102737   0.00208354  -0.00426789 -0.000166384 -0.00367308   0.0061698   0.0195974     0.000124 -0.000166326  3.01377e-06  -0.0218258  -0.0094682 -0.00650137 -0.0328074 -0.0333156   -9.80889 
                 124 -0.470519 -0.138759  -52.9462  -1.70795 -0.246955 0.0327611 0.0485893 -0.108202  0.102727   0.00208354  -0.00427263 -0.000167361 5.48723e-05   0.0110723   0.0304955  0.000134192 -0.000194183  2.57616e-05  -0.0218192 -0.00943511 -0.00683733 -0.0328093 -0.0333143   -9.80889 
               124.1 -0.324666 -0.193219  -52.9321  -1.70491 -0.247411 0.0240889 0.0486055 -0.108205   0.10273   0.00208143  -0.00427242 -0.000167106 0.00580627 0.00531433  0.0126135  5.43394e-05 -0.000162769  1.81159e-05  -0.0219551 -0.00957496 -0.00627285 -0.0328054 -0.0333294   -9.80889 
               124.2  -0.25055 -0.292604    -52.93  -1.70371 -0.248065 0.0183743 0.0486044  -0.10822  0.102725   0.00207866  -0.00427413 -0.000167485 0.00533482 0.00302347 0.00194626  1.31653e-05 -0.000106741  1.71861e-05  -0.0220174 -0.00959455 -0.00593501 -0.0328078 -0.0333345   -9.80889 
               124.3  -0.14823 -0.296127  -52.9395  -1.70282 -0.247773 0.0205191 0.0486174 -0.108217  0.102723   0.00207909  -0.00427309 -0.000168244 0.00278774 0.00363854 0.00448178 -4.46674e-05 -0.000104468  2.24032e-05  -0.0220432 -0.00961714 -0.00603174  -0.032807 -0.0333376   -9.80889 
