[0.220s] DEBUG:colcon:Command line arguments: ['/usr/bin/colcon', 'build']
[0.220s] DEBUG:colcon:Parsed command line arguments: Namespace(log_base=None, log_level=None, verb_name='build', build_base='build', install_base='install', merge_install=False, symlink_install=False, test_result_base=None, continue_on_error=False, executor='parallel', parallel_workers=16, event_handlers=None, ignore_user_meta=False, metas=['./colcon.meta'], base_paths=['.'], packages_ignore=None, packages_ignore_regex=None, paths=None, packages_up_to=None, packages_up_to_regex=None, packages_above=None, packages_above_and_dependencies=None, packages_above_depth=None, packages_select_by_dep=None, packages_skip_by_dep=None, packages_skip_up_to=None, packages_select_build_failed=False, packages_skip_build_finished=False, packages_select_test_failures=False, packages_skip_test_passed=False, packages_select=None, packages_skip=None, packages_select_regex=None, packages_skip_regex=None, packages_start=None, packages_end=None, cmake_args=None, cmake_target=None, cmake_target_skip_unavailable=False, cmake_clean_cache=False, cmake_clean_first=False, cmake_force_configure=False, ament_cmake_args=None, catkin_cmake_args=None, catkin_skip_building_tests=False, mixin_files=None, mixin=None, verb_parser=<colcon_mixin.mixin.mixin_argument.MixinArgumentDecorator object at 0x7fa0fcf22a70>, verb_extension=<colcon_core.verb.build.BuildVerb object at 0x7fa0fd6b95a0>, main=<bound method BuildVerb.main of <colcon_core.verb.build.BuildVerb object at 0x7fa0fd6b95a0>>, mixin_verb=('build',))
[0.243s] Level 1:colcon.colcon_core.package_discovery:discover_packages(colcon_meta) check parameters
[0.243s] INFO:colcon.colcon_metadata.package_discovery.colcon_meta:Using configuration from '/root/.colcon/metadata/default/Gazebo.meta'
[0.244s] INFO:colcon.colcon_metadata.package_discovery.colcon_meta:Using configuration from '/root/.colcon/metadata/default/fastrtps.meta'
[0.244s] Level 1:colcon.colcon_core.package_discovery:discover_packages(recursive) check parameters
[0.244s] Level 1:colcon.colcon_core.package_discovery:discover_packages(ignore) check parameters
[0.244s] Level 1:colcon.colcon_core.package_discovery:discover_packages(path) check parameters
[0.244s] Level 1:colcon.colcon_core.package_discovery:discover_packages(colcon_meta) discover
[0.244s] Level 1:colcon.colcon_core.package_discovery:discover_packages(recursive) discover
[0.244s] INFO:colcon.colcon_core.package_discovery:Crawling recursively for packages in '/home/sentry_ws/src'
[0.244s] Level 1:colcon.colcon_core.package_identification:_identify(.) by extensions ['ignore', 'ignore_ament_install']
[0.244s] Level 1:colcon.colcon_core.package_identification:_identify(.) by extension 'ignore'
[0.244s] Level 1:colcon.colcon_core.package_identification:_identify(.) by extension 'ignore_ament_install'
[0.244s] Level 1:colcon.colcon_core.package_identification:_identify(.) by extensions ['colcon_pkg']
[0.244s] Level 1:colcon.colcon_core.package_identification:_identify(.) by extension 'colcon_pkg'
[0.244s] Level 1:colcon.colcon_core.package_identification:_identify(.) by extensions ['colcon_meta']
[0.244s] Level 1:colcon.colcon_core.package_identification:_identify(.) by extension 'colcon_meta'
[0.244s] Level 1:colcon.colcon_core.package_identification:_identify(.) by extensions ['ros']
[0.245s] Level 1:colcon.colcon_core.package_identification:_identify(.) by extension 'ros'
[0.252s] Level 1:colcon.colcon_core.package_identification:_identify(.) by extensions ['cmake', 'python']
[0.252s] Level 1:colcon.colcon_core.package_identification:_identify(.) by extension 'cmake'
[0.252s] Level 1:colcon.colcon_core.package_identification:_identify(.) by extension 'python'
[0.252s] Level 1:colcon.colcon_core.package_identification:_identify(.) by extensions ['python_setup_py']
[0.252s] Level 1:colcon.colcon_core.package_identification:_identify(.) by extension 'python_setup_py'
[0.252s] Level 1:colcon.colcon_core.package_identification:_identify(BehaviorTree.CPP) by extensions ['ignore', 'ignore_ament_install']
[0.252s] Level 1:colcon.colcon_core.package_identification:_identify(BehaviorTree.CPP) by extension 'ignore'
[0.252s] Level 1:colcon.colcon_core.package_identification:_identify(BehaviorTree.CPP) by extension 'ignore_ament_install'
[0.252s] Level 1:colcon.colcon_core.package_identification:_identify(BehaviorTree.CPP) by extensions ['colcon_pkg']
[0.253s] Level 1:colcon.colcon_core.package_identification:_identify(BehaviorTree.CPP) by extension 'colcon_pkg'
[0.253s] Level 1:colcon.colcon_core.package_identification:_identify(BehaviorTree.CPP) by extensions ['colcon_meta']
[0.253s] Level 1:colcon.colcon_core.package_identification:_identify(BehaviorTree.CPP) by extension 'colcon_meta'
[0.253s] Level 1:colcon.colcon_core.package_identification:_identify(BehaviorTree.CPP) by extensions ['ros']
[0.253s] Level 1:colcon.colcon_core.package_identification:_identify(BehaviorTree.CPP) by extension 'ros'
[0.257s] DEBUG:colcon.colcon_core.package_identification:Package 'BehaviorTree.CPP' with type 'ros.ament_cmake' and name 'behaviortree_cpp'
[0.257s] Level 1:colcon.colcon_core.package_identification:_identify(FAST_LIO) by extensions ['ignore', 'ignore_ament_install']
[0.257s] Level 1:colcon.colcon_core.package_identification:_identify(FAST_LIO) by extension 'ignore'
[0.257s] Level 1:colcon.colcon_core.package_identification:_identify(FAST_LIO) by extension 'ignore_ament_install'
[0.258s] Level 1:colcon.colcon_core.package_identification:_identify(FAST_LIO) by extensions ['colcon_pkg']
[0.258s] Level 1:colcon.colcon_core.package_identification:_identify(FAST_LIO) by extension 'colcon_pkg'
[0.258s] Level 1:colcon.colcon_core.package_identification:_identify(FAST_LIO) by extensions ['colcon_meta']
[0.258s] Level 1:colcon.colcon_core.package_identification:_identify(FAST_LIO) by extension 'colcon_meta'
[0.258s] Level 1:colcon.colcon_core.package_identification:_identify(FAST_LIO) by extensions ['ros']
[0.258s] Level 1:colcon.colcon_core.package_identification:_identify(FAST_LIO) by extension 'ros'
[0.258s] DEBUG:colcon.colcon_core.package_identification:Package 'FAST_LIO' with type 'ros.ament_cmake' and name 'fast_lio'
[0.259s] Level 1:colcon.colcon_core.package_identification:_identify(assert) by extensions ['ignore', 'ignore_ament_install']
[0.259s] Level 1:colcon.colcon_core.package_identification:_identify(assert) by extension 'ignore'
[0.259s] Level 1:colcon.colcon_core.package_identification:_identify(assert) by extension 'ignore_ament_install'
[0.259s] Level 1:colcon.colcon_core.package_identification:_identify(assert) by extensions ['colcon_pkg']
[0.259s] Level 1:colcon.colcon_core.package_identification:_identify(assert) by extension 'colcon_pkg'
[0.259s] Level 1:colcon.colcon_core.package_identification:_identify(assert) by extensions ['colcon_meta']
[0.259s] Level 1:colcon.colcon_core.package_identification:_identify(assert) by extension 'colcon_meta'
[0.259s] Level 1:colcon.colcon_core.package_identification:_identify(assert) by extensions ['ros']
[0.259s] Level 1:colcon.colcon_core.package_identification:_identify(assert) by extension 'ros'
[0.259s] Level 1:colcon.colcon_core.package_identification:_identify(assert) by extensions ['cmake', 'python']
[0.259s] Level 1:colcon.colcon_core.package_identification:_identify(assert) by extension 'cmake'
[0.259s] Level 1:colcon.colcon_core.package_identification:_identify(assert) by extension 'python'
[0.259s] Level 1:colcon.colcon_core.package_identification:_identify(assert) by extensions ['python_setup_py']
[0.259s] Level 1:colcon.colcon_core.package_identification:_identify(assert) by extension 'python_setup_py'
[0.259s] Level 1:colcon.colcon_core.package_identification:_identify(auto_aim_interfaces) by extensions ['ignore', 'ignore_ament_install']
[0.259s] Level 1:colcon.colcon_core.package_identification:_identify(auto_aim_interfaces) by extension 'ignore'
[0.259s] Level 1:colcon.colcon_core.package_identification:_identify(auto_aim_interfaces) by extension 'ignore_ament_install'
[0.259s] Level 1:colcon.colcon_core.package_identification:_identify(auto_aim_interfaces) by extensions ['colcon_pkg']
[0.259s] Level 1:colcon.colcon_core.package_identification:_identify(auto_aim_interfaces) by extension 'colcon_pkg'
[0.260s] Level 1:colcon.colcon_core.package_identification:_identify(auto_aim_interfaces) by extensions ['colcon_meta']
[0.260s] Level 1:colcon.colcon_core.package_identification:_identify(auto_aim_interfaces) by extension 'colcon_meta'
[0.260s] Level 1:colcon.colcon_core.package_identification:_identify(auto_aim_interfaces) by extensions ['ros']
[0.260s] Level 1:colcon.colcon_core.package_identification:_identify(auto_aim_interfaces) by extension 'ros'
[0.260s] DEBUG:colcon.colcon_core.package_identification:Package 'auto_aim_interfaces' with type 'ros.ament_cmake' and name 'auto_aim_interfaces'
[0.260s] Level 1:colcon.colcon_core.package_identification:_identify(autonomous_exploration_development_environment) by extensions ['ignore', 'ignore_ament_install']
[0.260s] Level 1:colcon.colcon_core.package_identification:_identify(autonomous_exploration_development_environment) by extension 'ignore'
[0.260s] Level 1:colcon.colcon_core.package_identification:_identify(autonomous_exploration_development_environment) by extension 'ignore_ament_install'
[0.260s] Level 1:colcon.colcon_core.package_identification:_identify(autonomous_exploration_development_environment) by extensions ['colcon_pkg']
[0.260s] Level 1:colcon.colcon_core.package_identification:_identify(autonomous_exploration_development_environment) by extension 'colcon_pkg'
[0.260s] Level 1:colcon.colcon_core.package_identification:_identify(autonomous_exploration_development_environment) by extensions ['colcon_meta']
[0.260s] Level 1:colcon.colcon_core.package_identification:_identify(autonomous_exploration_development_environment) by extension 'colcon_meta'
[0.260s] Level 1:colcon.colcon_core.package_identification:_identify(autonomous_exploration_development_environment) by extensions ['ros']
[0.260s] Level 1:colcon.colcon_core.package_identification:_identify(autonomous_exploration_development_environment) by extension 'ros'
[0.261s] Level 1:colcon.colcon_core.package_identification:_identify(autonomous_exploration_development_environment) by extensions ['cmake', 'python']
[0.261s] Level 1:colcon.colcon_core.package_identification:_identify(autonomous_exploration_development_environment) by extension 'cmake'
[0.261s] Level 1:colcon.colcon_core.package_identification:_identify(autonomous_exploration_development_environment) by extension 'python'
[0.261s] Level 1:colcon.colcon_core.package_identification:_identify(autonomous_exploration_development_environment) by extensions ['python_setup_py']
[0.261s] Level 1:colcon.colcon_core.package_identification:_identify(autonomous_exploration_development_environment) by extension 'python_setup_py'
[0.261s] Level 1:colcon.colcon_core.package_identification:_identify(autonomous_exploration_development_environment/img) by extensions ['ignore', 'ignore_ament_install']
[0.261s] Level 1:colcon.colcon_core.package_identification:_identify(autonomous_exploration_development_environment/img) by extension 'ignore'
[0.261s] Level 1:colcon.colcon_core.package_identification:_identify(autonomous_exploration_development_environment/img) by extension 'ignore_ament_install'
[0.261s] Level 1:colcon.colcon_core.package_identification:_identify(autonomous_exploration_development_environment/img) by extensions ['colcon_pkg']
[0.261s] Level 1:colcon.colcon_core.package_identification:_identify(autonomous_exploration_development_environment/img) by extension 'colcon_pkg'
[0.261s] Level 1:colcon.colcon_core.package_identification:_identify(autonomous_exploration_development_environment/img) by extensions ['colcon_meta']
[0.261s] Level 1:colcon.colcon_core.package_identification:_identify(autonomous_exploration_development_environment/img) by extension 'colcon_meta'
[0.261s] Level 1:colcon.colcon_core.package_identification:_identify(autonomous_exploration_development_environment/img) by extensions ['ros']
[0.261s] Level 1:colcon.colcon_core.package_identification:_identify(autonomous_exploration_development_environment/img) by extension 'ros'
[0.261s] Level 1:colcon.colcon_core.package_identification:_identify(autonomous_exploration_development_environment/img) by extensions ['cmake', 'python']
[0.261s] Level 1:colcon.colcon_core.package_identification:_identify(autonomous_exploration_development_environment/img) by extension 'cmake'
[0.261s] Level 1:colcon.colcon_core.package_identification:_identify(autonomous_exploration_development_environment/img) by extension 'python'
[0.261s] Level 1:colcon.colcon_core.package_identification:_identify(autonomous_exploration_development_environment/img) by extensions ['python_setup_py']
[0.261s] Level 1:colcon.colcon_core.package_identification:_identify(autonomous_exploration_development_environment/img) by extension 'python_setup_py'
[0.261s] Level 1:colcon.colcon_core.package_identification:_identify(autonomous_exploration_development_environment/src) by extensions ['ignore', 'ignore_ament_install']
[0.261s] Level 1:colcon.colcon_core.package_identification:_identify(autonomous_exploration_development_environment/src) by extension 'ignore'
[0.262s] Level 1:colcon.colcon_core.package_identification:_identify(autonomous_exploration_development_environment/src) by extension 'ignore_ament_install'
[0.262s] Level 1:colcon.colcon_core.package_identification:_identify(autonomous_exploration_development_environment/src) by extensions ['colcon_pkg']
[0.262s] Level 1:colcon.colcon_core.package_identification:_identify(autonomous_exploration_development_environment/src) by extension 'colcon_pkg'
[0.262s] Level 1:colcon.colcon_core.package_identification:_identify(autonomous_exploration_development_environment/src) by extensions ['colcon_meta']
[0.262s] Level 1:colcon.colcon_core.package_identification:_identify(autonomous_exploration_development_environment/src) by extension 'colcon_meta'
[0.262s] Level 1:colcon.colcon_core.package_identification:_identify(autonomous_exploration_development_environment/src) by extensions ['ros']
[0.262s] Level 1:colcon.colcon_core.package_identification:_identify(autonomous_exploration_development_environment/src) by extension 'ros'
[0.262s] Level 1:colcon.colcon_core.package_identification:_identify(autonomous_exploration_development_environment/src) by extensions ['cmake', 'python']
[0.262s] Level 1:colcon.colcon_core.package_identification:_identify(autonomous_exploration_development_environment/src) by extension 'cmake'
[0.262s] Level 1:colcon.colcon_core.package_identification:_identify(autonomous_exploration_development_environment/src) by extension 'python'
[0.262s] Level 1:colcon.colcon_core.package_identification:_identify(autonomous_exploration_development_environment/src) by extensions ['python_setup_py']
[0.262s] Level 1:colcon.colcon_core.package_identification:_identify(autonomous_exploration_development_environment/src) by extension 'python_setup_py'
[0.262s] Level 1:colcon.colcon_core.package_identification:_identify(autonomous_exploration_development_environment/src/sensor_scan_generation) by extensions ['ignore', 'ignore_ament_install']
[0.262s] Level 1:colcon.colcon_core.package_identification:_identify(autonomous_exploration_development_environment/src/sensor_scan_generation) by extension 'ignore'
[0.262s] Level 1:colcon.colcon_core.package_identification:_identify(autonomous_exploration_development_environment/src/sensor_scan_generation) by extension 'ignore_ament_install'
[0.262s] Level 1:colcon.colcon_core.package_identification:_identify(autonomous_exploration_development_environment/src/sensor_scan_generation) by extensions ['colcon_pkg']
[0.262s] Level 1:colcon.colcon_core.package_identification:_identify(autonomous_exploration_development_environment/src/sensor_scan_generation) by extension 'colcon_pkg'
[0.262s] Level 1:colcon.colcon_core.package_identification:_identify(autonomous_exploration_development_environment/src/sensor_scan_generation) by extensions ['colcon_meta']
[0.262s] Level 1:colcon.colcon_core.package_identification:_identify(autonomous_exploration_development_environment/src/sensor_scan_generation) by extension 'colcon_meta'
[0.262s] Level 1:colcon.colcon_core.package_identification:_identify(autonomous_exploration_development_environment/src/sensor_scan_generation) by extensions ['ros']
[0.262s] Level 1:colcon.colcon_core.package_identification:_identify(autonomous_exploration_development_environment/src/sensor_scan_generation) by extension 'ros'
[0.263s] DEBUG:colcon.colcon_core.package_identification:Package 'autonomous_exploration_development_environment/src/sensor_scan_generation' with type 'ros.ament_cmake' and name 'sensor_scan_generation'
[0.263s] Level 1:colcon.colcon_core.package_identification:_identify(autonomous_exploration_development_environment/src/terrain_analysis) by extensions ['ignore', 'ignore_ament_install']
[0.263s] Level 1:colcon.colcon_core.package_identification:_identify(autonomous_exploration_development_environment/src/terrain_analysis) by extension 'ignore'
[0.263s] Level 1:colcon.colcon_core.package_identification:_identify(autonomous_exploration_development_environment/src/terrain_analysis) by extension 'ignore_ament_install'
[0.263s] Level 1:colcon.colcon_core.package_identification:_identify(autonomous_exploration_development_environment/src/terrain_analysis) by extensions ['colcon_pkg']
[0.263s] Level 1:colcon.colcon_core.package_identification:_identify(autonomous_exploration_development_environment/src/terrain_analysis) by extension 'colcon_pkg'
[0.263s] Level 1:colcon.colcon_core.package_identification:_identify(autonomous_exploration_development_environment/src/terrain_analysis) by extensions ['colcon_meta']
[0.264s] Level 1:colcon.colcon_core.package_identification:_identify(autonomous_exploration_development_environment/src/terrain_analysis) by extension 'colcon_meta'
[0.264s] Level 1:colcon.colcon_core.package_identification:_identify(autonomous_exploration_development_environment/src/terrain_analysis) by extensions ['ros']
[0.264s] Level 1:colcon.colcon_core.package_identification:_identify(autonomous_exploration_development_environment/src/terrain_analysis) by extension 'ros'
[0.264s] DEBUG:colcon.colcon_core.package_identification:Package 'autonomous_exploration_development_environment/src/terrain_analysis' with type 'ros.ament_cmake' and name 'terrain_analysis'
[0.264s] Level 1:colcon.colcon_core.package_identification:_identify(autonomous_exploration_development_environment/src/terrain_analysis_ext) by extensions ['ignore', 'ignore_ament_install']
[0.265s] Level 1:colcon.colcon_core.package_identification:_identify(autonomous_exploration_development_environment/src/terrain_analysis_ext) by extension 'ignore'
[0.265s] Level 1:colcon.colcon_core.package_identification:_identify(autonomous_exploration_development_environment/src/terrain_analysis_ext) by extension 'ignore_ament_install'
[0.265s] Level 1:colcon.colcon_core.package_identification:_identify(autonomous_exploration_development_environment/src/terrain_analysis_ext) by extensions ['colcon_pkg']
[0.265s] Level 1:colcon.colcon_core.package_identification:_identify(autonomous_exploration_development_environment/src/terrain_analysis_ext) by extension 'colcon_pkg'
[0.265s] Level 1:colcon.colcon_core.package_identification:_identify(autonomous_exploration_development_environment/src/terrain_analysis_ext) by extensions ['colcon_meta']
[0.265s] Level 1:colcon.colcon_core.package_identification:_identify(autonomous_exploration_development_environment/src/terrain_analysis_ext) by extension 'colcon_meta'
[0.265s] Level 1:colcon.colcon_core.package_identification:_identify(autonomous_exploration_development_environment/src/terrain_analysis_ext) by extensions ['ros']
[0.265s] Level 1:colcon.colcon_core.package_identification:_identify(autonomous_exploration_development_environment/src/terrain_analysis_ext) by extension 'ros'
[0.266s] DEBUG:colcon.colcon_core.package_identification:Package 'autonomous_exploration_development_environment/src/terrain_analysis_ext' with type 'ros.ament_cmake' and name 'terrain_analysis_ext'
[0.266s] Level 1:colcon.colcon_core.package_identification:_identify(build) by extensions ['ignore', 'ignore_ament_install']
[0.266s] Level 1:colcon.colcon_core.package_identification:_identify(build) by extension 'ignore'
[0.266s] Level 1:colcon.colcon_core.package_identification:_identify(build) ignored
[0.266s] Level 1:colcon.colcon_core.package_identification:_identify(control_panel) by extensions ['ignore', 'ignore_ament_install']
[0.266s] Level 1:colcon.colcon_core.package_identification:_identify(control_panel) by extension 'ignore'
[0.266s] Level 1:colcon.colcon_core.package_identification:_identify(control_panel) by extension 'ignore_ament_install'
[0.266s] Level 1:colcon.colcon_core.package_identification:_identify(control_panel) by extensions ['colcon_pkg']
[0.266s] Level 1:colcon.colcon_core.package_identification:_identify(control_panel) by extension 'colcon_pkg'
[0.266s] Level 1:colcon.colcon_core.package_identification:_identify(control_panel) by extensions ['colcon_meta']
[0.266s] Level 1:colcon.colcon_core.package_identification:_identify(control_panel) by extension 'colcon_meta'
[0.266s] Level 1:colcon.colcon_core.package_identification:_identify(control_panel) by extensions ['ros']
[0.266s] Level 1:colcon.colcon_core.package_identification:_identify(control_panel) by extension 'ros'
[0.267s] DEBUG:colcon.colcon_core.package_identification:Package 'control_panel' with type 'ros.ament_python' and name 'control_panel'
[0.267s] Level 1:colcon.colcon_core.package_identification:_identify(gazebo_ros_pkgs) by extensions ['ignore', 'ignore_ament_install']
[0.267s] Level 1:colcon.colcon_core.package_identification:_identify(gazebo_ros_pkgs) by extension 'ignore'
[0.267s] Level 1:colcon.colcon_core.package_identification:_identify(gazebo_ros_pkgs) by extension 'ignore_ament_install'
[0.267s] Level 1:colcon.colcon_core.package_identification:_identify(gazebo_ros_pkgs) by extensions ['colcon_pkg']
[0.267s] Level 1:colcon.colcon_core.package_identification:_identify(gazebo_ros_pkgs) by extension 'colcon_pkg'
[0.267s] Level 1:colcon.colcon_core.package_identification:_identify(gazebo_ros_pkgs) by extensions ['colcon_meta']
[0.267s] Level 1:colcon.colcon_core.package_identification:_identify(gazebo_ros_pkgs) by extension 'colcon_meta'
[0.267s] Level 1:colcon.colcon_core.package_identification:_identify(gazebo_ros_pkgs) by extensions ['ros']
[0.267s] Level 1:colcon.colcon_core.package_identification:_identify(gazebo_ros_pkgs) by extension 'ros'
[0.267s] Level 1:colcon.colcon_core.package_identification:_identify(gazebo_ros_pkgs) by extensions ['cmake', 'python']
[0.267s] Level 1:colcon.colcon_core.package_identification:_identify(gazebo_ros_pkgs) by extension 'cmake'
[0.267s] Level 1:colcon.colcon_core.package_identification:_identify(gazebo_ros_pkgs) by extension 'python'
[0.267s] Level 1:colcon.colcon_core.package_identification:_identify(gazebo_ros_pkgs) by extensions ['python_setup_py']
[0.268s] Level 1:colcon.colcon_core.package_identification:_identify(gazebo_ros_pkgs) by extension 'python_setup_py'
[0.268s] Level 1:colcon.colcon_core.package_identification:_identify(gazebo_ros_pkgs/gazebo_dev) by extensions ['ignore', 'ignore_ament_install']
[0.268s] Level 1:colcon.colcon_core.package_identification:_identify(gazebo_ros_pkgs/gazebo_dev) by extension 'ignore'
[0.268s] Level 1:colcon.colcon_core.package_identification:_identify(gazebo_ros_pkgs/gazebo_dev) by extension 'ignore_ament_install'
[0.268s] Level 1:colcon.colcon_core.package_identification:_identify(gazebo_ros_pkgs/gazebo_dev) by extensions ['colcon_pkg']
[0.268s] Level 1:colcon.colcon_core.package_identification:_identify(gazebo_ros_pkgs/gazebo_dev) by extension 'colcon_pkg'
[0.268s] Level 1:colcon.colcon_core.package_identification:_identify(gazebo_ros_pkgs/gazebo_dev) by extensions ['colcon_meta']
[0.268s] Level 1:colcon.colcon_core.package_identification:_identify(gazebo_ros_pkgs/gazebo_dev) by extension 'colcon_meta'
[0.268s] Level 1:colcon.colcon_core.package_identification:_identify(gazebo_ros_pkgs/gazebo_dev) by extensions ['ros']
[0.268s] Level 1:colcon.colcon_core.package_identification:_identify(gazebo_ros_pkgs/gazebo_dev) by extension 'ros'
[0.269s] DEBUG:colcon.colcon_core.package_identification:Package 'gazebo_ros_pkgs/gazebo_dev' with type 'ros.ament_cmake' and name 'gazebo_dev'
[0.269s] Level 1:colcon.colcon_core.package_identification:_identify(gazebo_ros_pkgs/gazebo_msgs) by extensions ['ignore', 'ignore_ament_install']
[0.269s] Level 1:colcon.colcon_core.package_identification:_identify(gazebo_ros_pkgs/gazebo_msgs) by extension 'ignore'
[0.269s] Level 1:colcon.colcon_core.package_identification:_identify(gazebo_ros_pkgs/gazebo_msgs) by extension 'ignore_ament_install'
[0.269s] Level 1:colcon.colcon_core.package_identification:_identify(gazebo_ros_pkgs/gazebo_msgs) by extensions ['colcon_pkg']
[0.269s] Level 1:colcon.colcon_core.package_identification:_identify(gazebo_ros_pkgs/gazebo_msgs) by extension 'colcon_pkg'
[0.269s] Level 1:colcon.colcon_core.package_identification:_identify(gazebo_ros_pkgs/gazebo_msgs) by extensions ['colcon_meta']
[0.269s] Level 1:colcon.colcon_core.package_identification:_identify(gazebo_ros_pkgs/gazebo_msgs) by extension 'colcon_meta'
[0.269s] Level 1:colcon.colcon_core.package_identification:_identify(gazebo_ros_pkgs/gazebo_msgs) by extensions ['ros']
[0.269s] Level 1:colcon.colcon_core.package_identification:_identify(gazebo_ros_pkgs/gazebo_msgs) by extension 'ros'
[0.270s] DEBUG:colcon.colcon_core.package_identification:Package 'gazebo_ros_pkgs/gazebo_msgs' with type 'ros.ament_cmake' and name 'gazebo_msgs'
[0.270s] Level 1:colcon.colcon_core.package_identification:_identify(gazebo_ros_pkgs/gazebo_plugins) by extensions ['ignore', 'ignore_ament_install']
[0.270s] Level 1:colcon.colcon_core.package_identification:_identify(gazebo_ros_pkgs/gazebo_plugins) by extension 'ignore'
[0.270s] Level 1:colcon.colcon_core.package_identification:_identify(gazebo_ros_pkgs/gazebo_plugins) by extension 'ignore_ament_install'
[0.270s] Level 1:colcon.colcon_core.package_identification:_identify(gazebo_ros_pkgs/gazebo_plugins) by extensions ['colcon_pkg']
[0.270s] Level 1:colcon.colcon_core.package_identification:_identify(gazebo_ros_pkgs/gazebo_plugins) by extension 'colcon_pkg'
[0.270s] Level 1:colcon.colcon_core.package_identification:_identify(gazebo_ros_pkgs/gazebo_plugins) by extensions ['colcon_meta']
[0.270s] Level 1:colcon.colcon_core.package_identification:_identify(gazebo_ros_pkgs/gazebo_plugins) by extension 'colcon_meta'
[0.270s] Level 1:colcon.colcon_core.package_identification:_identify(gazebo_ros_pkgs/gazebo_plugins) by extensions ['ros']
[0.270s] Level 1:colcon.colcon_core.package_identification:_identify(gazebo_ros_pkgs/gazebo_plugins) by extension 'ros'
[0.271s] DEBUG:colcon.colcon_core.package_identification:Package 'gazebo_ros_pkgs/gazebo_plugins' with type 'ros.ament_cmake' and name 'gazebo_plugins'
[0.271s] Level 1:colcon.colcon_core.package_identification:_identify(gazebo_ros_pkgs/gazebo_ros) by extensions ['ignore', 'ignore_ament_install']
[0.271s] Level 1:colcon.colcon_core.package_identification:_identify(gazebo_ros_pkgs/gazebo_ros) by extension 'ignore'
[0.271s] Level 1:colcon.colcon_core.package_identification:_identify(gazebo_ros_pkgs/gazebo_ros) by extension 'ignore_ament_install'
[0.272s] Level 1:colcon.colcon_core.package_identification:_identify(gazebo_ros_pkgs/gazebo_ros) by extensions ['colcon_pkg']
[0.272s] Level 1:colcon.colcon_core.package_identification:_identify(gazebo_ros_pkgs/gazebo_ros) by extension 'colcon_pkg'
[0.272s] Level 1:colcon.colcon_core.package_identification:_identify(gazebo_ros_pkgs/gazebo_ros) by extensions ['colcon_meta']
[0.272s] Level 1:colcon.colcon_core.package_identification:_identify(gazebo_ros_pkgs/gazebo_ros) by extension 'colcon_meta'
[0.272s] Level 1:colcon.colcon_core.package_identification:_identify(gazebo_ros_pkgs/gazebo_ros) by extensions ['ros']
[0.272s] Level 1:colcon.colcon_core.package_identification:_identify(gazebo_ros_pkgs/gazebo_ros) by extension 'ros'
[0.273s] DEBUG:colcon.colcon_core.package_identification:Package 'gazebo_ros_pkgs/gazebo_ros' with type 'ros.ament_cmake' and name 'gazebo_ros'
[0.273s] Level 1:colcon.colcon_core.package_identification:_identify(gazebo_ros_pkgs/gazebo_ros_control) by extensions ['ignore', 'ignore_ament_install']
[0.273s] Level 1:colcon.colcon_core.package_identification:_identify(gazebo_ros_pkgs/gazebo_ros_control) by extension 'ignore'
[0.273s] Level 1:colcon.colcon_core.package_identification:_identify(gazebo_ros_pkgs/gazebo_ros_control) by extension 'ignore_ament_install'
[0.273s] Level 1:colcon.colcon_core.package_identification:_identify(gazebo_ros_pkgs/gazebo_ros_control) by extensions ['colcon_pkg']
[0.273s] Level 1:colcon.colcon_core.package_identification:_identify(gazebo_ros_pkgs/gazebo_ros_control) by extension 'colcon_pkg'
[0.274s] Level 1:colcon.colcon_core.package_identification:_identify(gazebo_ros_pkgs/gazebo_ros_control) by extensions ['colcon_meta']
[0.274s] Level 1:colcon.colcon_core.package_identification:_identify(gazebo_ros_pkgs/gazebo_ros_control) by extension 'colcon_meta'
[0.274s] Level 1:colcon.colcon_core.package_identification:_identify(gazebo_ros_pkgs/gazebo_ros_control) by extensions ['ros']
[0.274s] Level 1:colcon.colcon_core.package_identification:_identify(gazebo_ros_pkgs/gazebo_ros_control) by extension 'ros'
[0.274s] Level 1:colcon.colcon_core.package_identification:_identify(gazebo_ros_pkgs/gazebo_ros_control) by extensions ['cmake', 'python']
[0.274s] Level 1:colcon.colcon_core.package_identification:_identify(gazebo_ros_pkgs/gazebo_ros_control) by extension 'cmake'
[0.274s] Level 1:colcon.colcon_core.package_identification:_identify(gazebo_ros_pkgs/gazebo_ros_control) by extension 'python'
[0.274s] Level 1:colcon.colcon_core.package_identification:_identify(gazebo_ros_pkgs/gazebo_ros_control) by extensions ['python_setup_py']
[0.274s] Level 1:colcon.colcon_core.package_identification:_identify(gazebo_ros_pkgs/gazebo_ros_control) by extension 'python_setup_py'
[0.274s] Level 1:colcon.colcon_core.package_identification:_identify(gazebo_ros_pkgs/gazebo_ros_pkgs) by extensions ['ignore', 'ignore_ament_install']
[0.274s] Level 1:colcon.colcon_core.package_identification:_identify(gazebo_ros_pkgs/gazebo_ros_pkgs) by extension 'ignore'
[0.274s] Level 1:colcon.colcon_core.package_identification:_identify(gazebo_ros_pkgs/gazebo_ros_pkgs) by extension 'ignore_ament_install'
[0.274s] Level 1:colcon.colcon_core.package_identification:_identify(gazebo_ros_pkgs/gazebo_ros_pkgs) by extensions ['colcon_pkg']
[0.274s] Level 1:colcon.colcon_core.package_identification:_identify(gazebo_ros_pkgs/gazebo_ros_pkgs) by extension 'colcon_pkg'
[0.274s] Level 1:colcon.colcon_core.package_identification:_identify(gazebo_ros_pkgs/gazebo_ros_pkgs) by extensions ['colcon_meta']
[0.274s] Level 1:colcon.colcon_core.package_identification:_identify(gazebo_ros_pkgs/gazebo_ros_pkgs) by extension 'colcon_meta'
[0.274s] Level 1:colcon.colcon_core.package_identification:_identify(gazebo_ros_pkgs/gazebo_ros_pkgs) by extensions ['ros']
[0.274s] Level 1:colcon.colcon_core.package_identification:_identify(gazebo_ros_pkgs/gazebo_ros_pkgs) by extension 'ros'
[0.275s] DEBUG:colcon.colcon_core.package_identification:Package 'gazebo_ros_pkgs/gazebo_ros_pkgs' with type 'ros.ament_cmake' and name 'gazebo_ros_pkgs'
[0.275s] Level 1:colcon.colcon_core.package_identification:_identify(icp_relocalization) by extensions ['ignore', 'ignore_ament_install']
[0.275s] Level 1:colcon.colcon_core.package_identification:_identify(icp_relocalization) by extension 'ignore'
[0.275s] Level 1:colcon.colcon_core.package_identification:_identify(icp_relocalization) by extension 'ignore_ament_install'
[0.275s] Level 1:colcon.colcon_core.package_identification:_identify(icp_relocalization) by extensions ['colcon_pkg']
[0.275s] Level 1:colcon.colcon_core.package_identification:_identify(icp_relocalization) by extension 'colcon_pkg'
[0.275s] Level 1:colcon.colcon_core.package_identification:_identify(icp_relocalization) by extensions ['colcon_meta']
[0.275s] Level 1:colcon.colcon_core.package_identification:_identify(icp_relocalization) by extension 'colcon_meta'
[0.275s] Level 1:colcon.colcon_core.package_identification:_identify(icp_relocalization) by extensions ['ros']
[0.275s] Level 1:colcon.colcon_core.package_identification:_identify(icp_relocalization) by extension 'ros'
[0.275s] DEBUG:colcon.colcon_core.package_identification:Package 'icp_relocalization' with type 'ros.ament_cmake' and name 'icp_relocalization'
[0.276s] Level 1:colcon.colcon_core.package_identification:_identify(install) by extensions ['ignore', 'ignore_ament_install']
[0.276s] Level 1:colcon.colcon_core.package_identification:_identify(install) by extension 'ignore'
[0.276s] Level 1:colcon.colcon_core.package_identification:_identify(install) ignored
[0.276s] Level 1:colcon.colcon_core.package_identification:_identify(livox_ros_driver2) by extensions ['ignore', 'ignore_ament_install']
[0.276s] Level 1:colcon.colcon_core.package_identification:_identify(livox_ros_driver2) by extension 'ignore'
[0.276s] Level 1:colcon.colcon_core.package_identification:_identify(livox_ros_driver2) by extension 'ignore_ament_install'
[0.276s] Level 1:colcon.colcon_core.package_identification:_identify(livox_ros_driver2) by extensions ['colcon_pkg']
[0.276s] Level 1:colcon.colcon_core.package_identification:_identify(livox_ros_driver2) by extension 'colcon_pkg'
[0.276s] Level 1:colcon.colcon_core.package_identification:_identify(livox_ros_driver2) by extensions ['colcon_meta']
[0.276s] Level 1:colcon.colcon_core.package_identification:_identify(livox_ros_driver2) by extension 'colcon_meta'
[0.276s] Level 1:colcon.colcon_core.package_identification:_identify(livox_ros_driver2) by extensions ['ros']
[0.276s] Level 1:colcon.colcon_core.package_identification:_identify(livox_ros_driver2) by extension 'ros'
[0.281s] DEBUG:colcon.colcon_core.package_identification:Package 'livox_ros_driver2' with type 'ros.ament_cmake' and name 'livox_ros_driver2'
[0.281s] Level 1:colcon.colcon_core.package_identification:_identify(log) by extensions ['ignore', 'ignore_ament_install']
[0.281s] Level 1:colcon.colcon_core.package_identification:_identify(log) by extension 'ignore'
[0.281s] Level 1:colcon.colcon_core.package_identification:_identify(log) ignored
[0.281s] Level 1:colcon.colcon_core.package_identification:_identify(nav2_plugins) by extensions ['ignore', 'ignore_ament_install']
[0.281s] Level 1:colcon.colcon_core.package_identification:_identify(nav2_plugins) by extension 'ignore'
[0.281s] Level 1:colcon.colcon_core.package_identification:_identify(nav2_plugins) by extension 'ignore_ament_install'
[0.281s] Level 1:colcon.colcon_core.package_identification:_identify(nav2_plugins) by extensions ['colcon_pkg']
[0.281s] Level 1:colcon.colcon_core.package_identification:_identify(nav2_plugins) by extension 'colcon_pkg'
[0.281s] Level 1:colcon.colcon_core.package_identification:_identify(nav2_plugins) by extensions ['colcon_meta']
[0.281s] Level 1:colcon.colcon_core.package_identification:_identify(nav2_plugins) by extension 'colcon_meta'
[0.281s] Level 1:colcon.colcon_core.package_identification:_identify(nav2_plugins) by extensions ['ros']
[0.281s] Level 1:colcon.colcon_core.package_identification:_identify(nav2_plugins) by extension 'ros'
[0.282s] Level 1:colcon.colcon_core.package_identification:_identify(nav2_plugins) by extensions ['cmake', 'python']
[0.282s] Level 1:colcon.colcon_core.package_identification:_identify(nav2_plugins) by extension 'cmake'
[0.282s] Level 1:colcon.colcon_core.package_identification:_identify(nav2_plugins) by extension 'python'
[0.282s] Level 1:colcon.colcon_core.package_identification:_identify(nav2_plugins) by extensions ['python_setup_py']
[0.282s] Level 1:colcon.colcon_core.package_identification:_identify(nav2_plugins) by extension 'python_setup_py'
[0.282s] Level 1:colcon.colcon_core.package_identification:_identify(nav2_plugins/behavior_ext_plugins) by extensions ['ignore', 'ignore_ament_install']
[0.282s] Level 1:colcon.colcon_core.package_identification:_identify(nav2_plugins/behavior_ext_plugins) by extension 'ignore'
[0.282s] Level 1:colcon.colcon_core.package_identification:_identify(nav2_plugins/behavior_ext_plugins) by extension 'ignore_ament_install'
[0.282s] Level 1:colcon.colcon_core.package_identification:_identify(nav2_plugins/behavior_ext_plugins) by extensions ['colcon_pkg']
[0.282s] Level 1:colcon.colcon_core.package_identification:_identify(nav2_plugins/behavior_ext_plugins) by extension 'colcon_pkg'
[0.282s] Level 1:colcon.colcon_core.package_identification:_identify(nav2_plugins/behavior_ext_plugins) by extensions ['colcon_meta']
[0.282s] Level 1:colcon.colcon_core.package_identification:_identify(nav2_plugins/behavior_ext_plugins) by extension 'colcon_meta'
[0.282s] Level 1:colcon.colcon_core.package_identification:_identify(nav2_plugins/behavior_ext_plugins) by extensions ['ros']
[0.282s] Level 1:colcon.colcon_core.package_identification:_identify(nav2_plugins/behavior_ext_plugins) by extension 'ros'
[0.283s] DEBUG:colcon.colcon_core.package_identification:Package 'nav2_plugins/behavior_ext_plugins' with type 'ros.ament_cmake' and name 'behavior_ext_plugins'
[0.283s] Level 1:colcon.colcon_core.package_identification:_identify(nav2_plugins/costmap_intensity) by extensions ['ignore', 'ignore_ament_install']
[0.283s] Level 1:colcon.colcon_core.package_identification:_identify(nav2_plugins/costmap_intensity) by extension 'ignore'
[0.283s] Level 1:colcon.colcon_core.package_identification:_identify(nav2_plugins/costmap_intensity) by extension 'ignore_ament_install'
[0.283s] Level 1:colcon.colcon_core.package_identification:_identify(nav2_plugins/costmap_intensity) by extensions ['colcon_pkg']
[0.283s] Level 1:colcon.colcon_core.package_identification:_identify(nav2_plugins/costmap_intensity) by extension 'colcon_pkg'
[0.283s] Level 1:colcon.colcon_core.package_identification:_identify(nav2_plugins/costmap_intensity) by extensions ['colcon_meta']
[0.283s] Level 1:colcon.colcon_core.package_identification:_identify(nav2_plugins/costmap_intensity) by extension 'colcon_meta'
[0.283s] Level 1:colcon.colcon_core.package_identification:_identify(nav2_plugins/costmap_intensity) by extensions ['ros']
[0.283s] Level 1:colcon.colcon_core.package_identification:_identify(nav2_plugins/costmap_intensity) by extension 'ros'
[0.285s] DEBUG:colcon.colcon_core.package_identification:Package 'nav2_plugins/costmap_intensity' with type 'ros.ament_cmake' and name 'costmap_intensity'
[0.285s] Level 1:colcon.colcon_core.package_identification:_identify(nav2_plugins/velocity_smoother_ext) by extensions ['ignore', 'ignore_ament_install']
[0.285s] Level 1:colcon.colcon_core.package_identification:_identify(nav2_plugins/velocity_smoother_ext) by extension 'ignore'
[0.285s] Level 1:colcon.colcon_core.package_identification:_identify(nav2_plugins/velocity_smoother_ext) by extension 'ignore_ament_install'
[0.285s] Level 1:colcon.colcon_core.package_identification:_identify(nav2_plugins/velocity_smoother_ext) by extensions ['colcon_pkg']
[0.285s] Level 1:colcon.colcon_core.package_identification:_identify(nav2_plugins/velocity_smoother_ext) by extension 'colcon_pkg'
[0.285s] Level 1:colcon.colcon_core.package_identification:_identify(nav2_plugins/velocity_smoother_ext) by extensions ['colcon_meta']
[0.285s] Level 1:colcon.colcon_core.package_identification:_identify(nav2_plugins/velocity_smoother_ext) by extension 'colcon_meta'
[0.285s] Level 1:colcon.colcon_core.package_identification:_identify(nav2_plugins/velocity_smoother_ext) by extensions ['ros']
[0.285s] Level 1:colcon.colcon_core.package_identification:_identify(nav2_plugins/velocity_smoother_ext) by extension 'ros'
[0.286s] DEBUG:colcon.colcon_core.package_identification:Package 'nav2_plugins/velocity_smoother_ext' with type 'ros.ament_cmake' and name 'velocity_smoother_ext'
[0.286s] Level 1:colcon.colcon_core.package_identification:_identify(rm_decision_cpp) by extensions ['ignore', 'ignore_ament_install']
[0.286s] Level 1:colcon.colcon_core.package_identification:_identify(rm_decision_cpp) by extension 'ignore'
[0.286s] Level 1:colcon.colcon_core.package_identification:_identify(rm_decision_cpp) by extension 'ignore_ament_install'
[0.286s] Level 1:colcon.colcon_core.package_identification:_identify(rm_decision_cpp) by extensions ['colcon_pkg']
[0.286s] Level 1:colcon.colcon_core.package_identification:_identify(rm_decision_cpp) by extension 'colcon_pkg'
[0.286s] Level 1:colcon.colcon_core.package_identification:_identify(rm_decision_cpp) by extensions ['colcon_meta']
[0.286s] Level 1:colcon.colcon_core.package_identification:_identify(rm_decision_cpp) by extension 'colcon_meta'
[0.286s] Level 1:colcon.colcon_core.package_identification:_identify(rm_decision_cpp) by extensions ['ros']
[0.286s] Level 1:colcon.colcon_core.package_identification:_identify(rm_decision_cpp) by extension 'ros'
[0.287s] DEBUG:colcon.colcon_core.package_identification:Package 'rm_decision_cpp' with type 'ros.ament_cmake' and name 'rm_decision_cpp'
[0.287s] Level 1:colcon.colcon_core.package_identification:_identify(rm_interfaces) by extensions ['ignore', 'ignore_ament_install']
[0.287s] Level 1:colcon.colcon_core.package_identification:_identify(rm_interfaces) by extension 'ignore'
[0.287s] Level 1:colcon.colcon_core.package_identification:_identify(rm_interfaces) by extension 'ignore_ament_install'
[0.287s] Level 1:colcon.colcon_core.package_identification:_identify(rm_interfaces) by extensions ['colcon_pkg']
[0.287s] Level 1:colcon.colcon_core.package_identification:_identify(rm_interfaces) by extension 'colcon_pkg'
[0.287s] Level 1:colcon.colcon_core.package_identification:_identify(rm_interfaces) by extensions ['colcon_meta']
[0.287s] Level 1:colcon.colcon_core.package_identification:_identify(rm_interfaces) by extension 'colcon_meta'
[0.287s] Level 1:colcon.colcon_core.package_identification:_identify(rm_interfaces) by extensions ['ros']
[0.287s] Level 1:colcon.colcon_core.package_identification:_identify(rm_interfaces) by extension 'ros'
[0.288s] DEBUG:colcon.colcon_core.package_identification:Package 'rm_interfaces' with type 'ros.ament_cmake' and name 'rm_interfaces'
[0.288s] Level 1:colcon.colcon_core.package_identification:_identify(rm_simulation) by extensions ['ignore', 'ignore_ament_install']
[0.288s] Level 1:colcon.colcon_core.package_identification:_identify(rm_simulation) by extension 'ignore'
[0.288s] Level 1:colcon.colcon_core.package_identification:_identify(rm_simulation) by extension 'ignore_ament_install'
[0.288s] Level 1:colcon.colcon_core.package_identification:_identify(rm_simulation) by extensions ['colcon_pkg']
[0.288s] Level 1:colcon.colcon_core.package_identification:_identify(rm_simulation) by extension 'colcon_pkg'
[0.288s] Level 1:colcon.colcon_core.package_identification:_identify(rm_simulation) by extensions ['colcon_meta']
[0.288s] Level 1:colcon.colcon_core.package_identification:_identify(rm_simulation) by extension 'colcon_meta'
[0.288s] Level 1:colcon.colcon_core.package_identification:_identify(rm_simulation) by extensions ['ros']
[0.288s] Level 1:colcon.colcon_core.package_identification:_identify(rm_simulation) by extension 'ros'
[0.288s] Level 1:colcon.colcon_core.package_identification:_identify(rm_simulation) by extensions ['cmake', 'python']
[0.288s] Level 1:colcon.colcon_core.package_identification:_identify(rm_simulation) by extension 'cmake'
[0.288s] Level 1:colcon.colcon_core.package_identification:_identify(rm_simulation) by extension 'python'
[0.288s] Level 1:colcon.colcon_core.package_identification:_identify(rm_simulation) by extensions ['python_setup_py']
[0.288s] Level 1:colcon.colcon_core.package_identification:_identify(rm_simulation) by extension 'python_setup_py'
[0.289s] Level 1:colcon.colcon_core.package_identification:_identify(rm_simulation/livox_laser_simulation_RO2) by extensions ['ignore', 'ignore_ament_install']
[0.289s] Level 1:colcon.colcon_core.package_identification:_identify(rm_simulation/livox_laser_simulation_RO2) by extension 'ignore'
[0.289s] Level 1:colcon.colcon_core.package_identification:_identify(rm_simulation/livox_laser_simulation_RO2) by extension 'ignore_ament_install'
[0.289s] Level 1:colcon.colcon_core.package_identification:_identify(rm_simulation/livox_laser_simulation_RO2) by extensions ['colcon_pkg']
[0.289s] Level 1:colcon.colcon_core.package_identification:_identify(rm_simulation/livox_laser_simulation_RO2) by extension 'colcon_pkg'
[0.289s] Level 1:colcon.colcon_core.package_identification:_identify(rm_simulation/livox_laser_simulation_RO2) by extensions ['colcon_meta']
[0.289s] Level 1:colcon.colcon_core.package_identification:_identify(rm_simulation/livox_laser_simulation_RO2) by extension 'colcon_meta'
[0.289s] Level 1:colcon.colcon_core.package_identification:_identify(rm_simulation/livox_laser_simulation_RO2) by extensions ['ros']
[0.289s] Level 1:colcon.colcon_core.package_identification:_identify(rm_simulation/livox_laser_simulation_RO2) by extension 'ros'
[0.289s] DEBUG:colcon.colcon_core.package_identification:Package 'rm_simulation/livox_laser_simulation_RO2' with type 'ros.ament_cmake' and name 'ros2_livox_simulation'
[0.290s] Level 1:colcon.colcon_core.package_identification:_identify(rm_simulation/pb_rm_simulation) by extensions ['ignore', 'ignore_ament_install']
[0.290s] Level 1:colcon.colcon_core.package_identification:_identify(rm_simulation/pb_rm_simulation) by extension 'ignore'
[0.290s] Level 1:colcon.colcon_core.package_identification:_identify(rm_simulation/pb_rm_simulation) by extension 'ignore_ament_install'
[0.290s] Level 1:colcon.colcon_core.package_identification:_identify(rm_simulation/pb_rm_simulation) by extensions ['colcon_pkg']
[0.290s] Level 1:colcon.colcon_core.package_identification:_identify(rm_simulation/pb_rm_simulation) by extension 'colcon_pkg'
[0.290s] Level 1:colcon.colcon_core.package_identification:_identify(rm_simulation/pb_rm_simulation) by extensions ['colcon_meta']
[0.290s] Level 1:colcon.colcon_core.package_identification:_identify(rm_simulation/pb_rm_simulation) by extension 'colcon_meta'
[0.290s] Level 1:colcon.colcon_core.package_identification:_identify(rm_simulation/pb_rm_simulation) by extensions ['ros']
[0.290s] Level 1:colcon.colcon_core.package_identification:_identify(rm_simulation/pb_rm_simulation) by extension 'ros'
[0.290s] DEBUG:colcon.colcon_core.package_identification:Package 'rm_simulation/pb_rm_simulation' with type 'ros.ament_cmake' and name 'pb_rm_simulation'
[0.290s] Level 1:colcon.colcon_core.package_identification:_identify(sentry_bringup) by extensions ['ignore', 'ignore_ament_install']
[0.291s] Level 1:colcon.colcon_core.package_identification:_identify(sentry_bringup) by extension 'ignore'
[0.291s] Level 1:colcon.colcon_core.package_identification:_identify(sentry_bringup) by extension 'ignore_ament_install'
[0.291s] Level 1:colcon.colcon_core.package_identification:_identify(sentry_bringup) by extensions ['colcon_pkg']
[0.291s] Level 1:colcon.colcon_core.package_identification:_identify(sentry_bringup) by extension 'colcon_pkg'
[0.291s] Level 1:colcon.colcon_core.package_identification:_identify(sentry_bringup) by extensions ['colcon_meta']
[0.291s] Level 1:colcon.colcon_core.package_identification:_identify(sentry_bringup) by extension 'colcon_meta'
[0.291s] Level 1:colcon.colcon_core.package_identification:_identify(sentry_bringup) by extensions ['ros']
[0.291s] Level 1:colcon.colcon_core.package_identification:_identify(sentry_bringup) by extension 'ros'
[0.291s] DEBUG:colcon.colcon_core.package_identification:Package 'sentry_bringup' with type 'ros.ament_cmake' and name 'sentry_bringup'
[0.291s] Level 1:colcon.colcon_core.package_identification:_identify(sentry_waypoint_loader_cpp) by extensions ['ignore', 'ignore_ament_install']
[0.291s] Level 1:colcon.colcon_core.package_identification:_identify(sentry_waypoint_loader_cpp) by extension 'ignore'
[0.291s] Level 1:colcon.colcon_core.package_identification:_identify(sentry_waypoint_loader_cpp) by extension 'ignore_ament_install'
[0.291s] Level 1:colcon.colcon_core.package_identification:_identify(sentry_waypoint_loader_cpp) by extensions ['colcon_pkg']
[0.291s] Level 1:colcon.colcon_core.package_identification:_identify(sentry_waypoint_loader_cpp) by extension 'colcon_pkg'
[0.291s] Level 1:colcon.colcon_core.package_identification:_identify(sentry_waypoint_loader_cpp) by extensions ['colcon_meta']
[0.292s] Level 1:colcon.colcon_core.package_identification:_identify(sentry_waypoint_loader_cpp) by extension 'colcon_meta'
[0.292s] Level 1:colcon.colcon_core.package_identification:_identify(sentry_waypoint_loader_cpp) by extensions ['ros']
[0.292s] Level 1:colcon.colcon_core.package_identification:_identify(sentry_waypoint_loader_cpp) by extension 'ros'
[0.292s] DEBUG:colcon.colcon_core.package_identification:Package 'sentry_waypoint_loader_cpp' with type 'ros.ament_cmake' and name 'sentry_waypoint_loader_cpp'
[0.292s] Level 1:colcon.colcon_core.package_discovery:discover_packages(recursive) using defaults
[0.292s] Level 1:colcon.colcon_core.package_discovery:discover_packages(ignore) discover
[0.292s] Level 1:colcon.colcon_core.package_discovery:discover_packages(ignore) using defaults
[0.292s] Level 1:colcon.colcon_core.package_discovery:discover_packages(path) discover
[0.292s] Level 1:colcon.colcon_core.package_discovery:discover_packages(path) using defaults
[0.308s] INFO:colcon.colcon_metadata.metadata.colcon_pkg:Updating descriptor of package 'gazebo_ros_pkgs/gazebo_plugins' from colcon.pkg: {'dependencies': ['Gazebo']}
[0.308s] INFO:colcon.colcon_metadata.metadata.colcon_pkg:Updating descriptor of package 'gazebo_ros_pkgs/gazebo_dev' from colcon.pkg: {'dependencies': ['Gazebo']}
[0.309s] INFO:colcon.colcon_metadata.metadata.colcon_pkg:Updating descriptor of package 'gazebo_ros_pkgs/gazebo_ros' from colcon.pkg: {'dependencies': ['Gazebo']}
[0.311s] Level 5:colcon.colcon_core.verb:set package 'auto_aim_interfaces' build argument 'cmake_args' from command line to 'None'
[0.311s] Level 5:colcon.colcon_core.verb:set package 'auto_aim_interfaces' build argument 'cmake_target' from command line to 'None'
[0.311s] Level 5:colcon.colcon_core.verb:set package 'auto_aim_interfaces' build argument 'cmake_target_skip_unavailable' from command line to 'False'
[0.311s] Level 5:colcon.colcon_core.verb:set package 'auto_aim_interfaces' build argument 'cmake_clean_cache' from command line to 'False'
[0.311s] Level 5:colcon.colcon_core.verb:set package 'auto_aim_interfaces' build argument 'cmake_clean_first' from command line to 'False'
[0.311s] Level 5:colcon.colcon_core.verb:set package 'auto_aim_interfaces' build argument 'cmake_force_configure' from command line to 'False'
[0.311s] Level 5:colcon.colcon_core.verb:set package 'auto_aim_interfaces' build argument 'ament_cmake_args' from command line to 'None'
[0.311s] Level 5:colcon.colcon_core.verb:set package 'auto_aim_interfaces' build argument 'catkin_cmake_args' from command line to 'None'
[0.311s] Level 5:colcon.colcon_core.verb:set package 'auto_aim_interfaces' build argument 'catkin_skip_building_tests' from command line to 'False'
[0.311s] DEBUG:colcon.colcon_core.verb:Building package 'auto_aim_interfaces' with the following arguments: {'ament_cmake_args': None, 'build_base': '/home/sentry_ws/src/build/auto_aim_interfaces', 'catkin_cmake_args': None, 'catkin_skip_building_tests': False, 'cmake_args': None, 'cmake_clean_cache': False, 'cmake_clean_first': False, 'cmake_force_configure': False, 'cmake_target': None, 'cmake_target_skip_unavailable': False, 'install_base': '/home/sentry_ws/src/install/auto_aim_interfaces', 'merge_install': False, 'path': '/home/sentry_ws/src/auto_aim_interfaces', 'symlink_install': False, 'test_result_base': None}
[0.312s] Level 5:colcon.colcon_core.verb:set package 'behavior_ext_plugins' build argument 'cmake_args' from command line to 'None'
[0.312s] Level 5:colcon.colcon_core.verb:set package 'behavior_ext_plugins' build argument 'cmake_target' from command line to 'None'
[0.312s] Level 5:colcon.colcon_core.verb:set package 'behavior_ext_plugins' build argument 'cmake_target_skip_unavailable' from command line to 'False'
[0.312s] Level 5:colcon.colcon_core.verb:set package 'behavior_ext_plugins' build argument 'cmake_clean_cache' from command line to 'False'
[0.312s] Level 5:colcon.colcon_core.verb:set package 'behavior_ext_plugins' build argument 'cmake_clean_first' from command line to 'False'
[0.312s] Level 5:colcon.colcon_core.verb:set package 'behavior_ext_plugins' build argument 'cmake_force_configure' from command line to 'False'
[0.312s] Level 5:colcon.colcon_core.verb:set package 'behavior_ext_plugins' build argument 'ament_cmake_args' from command line to 'None'
[0.312s] Level 5:colcon.colcon_core.verb:set package 'behavior_ext_plugins' build argument 'catkin_cmake_args' from command line to 'None'
[0.312s] Level 5:colcon.colcon_core.verb:set package 'behavior_ext_plugins' build argument 'catkin_skip_building_tests' from command line to 'False'
[0.312s] DEBUG:colcon.colcon_core.verb:Building package 'behavior_ext_plugins' with the following arguments: {'ament_cmake_args': None, 'build_base': '/home/sentry_ws/src/build/behavior_ext_plugins', 'catkin_cmake_args': None, 'catkin_skip_building_tests': False, 'cmake_args': None, 'cmake_clean_cache': False, 'cmake_clean_first': False, 'cmake_force_configure': False, 'cmake_target': None, 'cmake_target_skip_unavailable': False, 'install_base': '/home/sentry_ws/src/install/behavior_ext_plugins', 'merge_install': False, 'path': '/home/sentry_ws/src/nav2_plugins/behavior_ext_plugins', 'symlink_install': False, 'test_result_base': None}
[0.313s] Level 5:colcon.colcon_core.verb:set package 'behaviortree_cpp' build argument 'cmake_args' from command line to 'None'
[0.313s] Level 5:colcon.colcon_core.verb:set package 'behaviortree_cpp' build argument 'cmake_target' from command line to 'None'
[0.313s] Level 5:colcon.colcon_core.verb:set package 'behaviortree_cpp' build argument 'cmake_target_skip_unavailable' from command line to 'False'
[0.313s] Level 5:colcon.colcon_core.verb:set package 'behaviortree_cpp' build argument 'cmake_clean_cache' from command line to 'False'
[0.313s] Level 5:colcon.colcon_core.verb:set package 'behaviortree_cpp' build argument 'cmake_clean_first' from command line to 'False'
[0.313s] Level 5:colcon.colcon_core.verb:set package 'behaviortree_cpp' build argument 'cmake_force_configure' from command line to 'False'
[0.313s] Level 5:colcon.colcon_core.verb:set package 'behaviortree_cpp' build argument 'ament_cmake_args' from command line to 'None'
[0.313s] Level 5:colcon.colcon_core.verb:set package 'behaviortree_cpp' build argument 'catkin_cmake_args' from command line to 'None'
[0.313s] Level 5:colcon.colcon_core.verb:set package 'behaviortree_cpp' build argument 'catkin_skip_building_tests' from command line to 'False'
[0.313s] DEBUG:colcon.colcon_core.verb:Building package 'behaviortree_cpp' with the following arguments: {'ament_cmake_args': None, 'build_base': '/home/sentry_ws/src/build/behaviortree_cpp', 'catkin_cmake_args': None, 'catkin_skip_building_tests': False, 'cmake_args': None, 'cmake_clean_cache': False, 'cmake_clean_first': False, 'cmake_force_configure': False, 'cmake_target': None, 'cmake_target_skip_unavailable': False, 'install_base': '/home/sentry_ws/src/install/behaviortree_cpp', 'merge_install': False, 'path': '/home/sentry_ws/src/BehaviorTree.CPP', 'symlink_install': False, 'test_result_base': None}
[0.314s] Level 5:colcon.colcon_core.verb:set package 'control_panel' build argument 'cmake_args' from command line to 'None'
[0.314s] Level 5:colcon.colcon_core.verb:set package 'control_panel' build argument 'cmake_target' from command line to 'None'
[0.314s] Level 5:colcon.colcon_core.verb:set package 'control_panel' build argument 'cmake_target_skip_unavailable' from command line to 'False'
[0.314s] Level 5:colcon.colcon_core.verb:set package 'control_panel' build argument 'cmake_clean_cache' from command line to 'False'
[0.314s] Level 5:colcon.colcon_core.verb:set package 'control_panel' build argument 'cmake_clean_first' from command line to 'False'
[0.314s] Level 5:colcon.colcon_core.verb:set package 'control_panel' build argument 'cmake_force_configure' from command line to 'False'
[0.314s] Level 5:colcon.colcon_core.verb:set package 'control_panel' build argument 'ament_cmake_args' from command line to 'None'
[0.314s] Level 5:colcon.colcon_core.verb:set package 'control_panel' build argument 'catkin_cmake_args' from command line to 'None'
[0.314s] Level 5:colcon.colcon_core.verb:set package 'control_panel' build argument 'catkin_skip_building_tests' from command line to 'False'
[0.314s] DEBUG:colcon.colcon_core.verb:Building package 'control_panel' with the following arguments: {'ament_cmake_args': None, 'build_base': '/home/sentry_ws/src/build/control_panel', 'catkin_cmake_args': None, 'catkin_skip_building_tests': False, 'cmake_args': None, 'cmake_clean_cache': False, 'cmake_clean_first': False, 'cmake_force_configure': False, 'cmake_target': None, 'cmake_target_skip_unavailable': False, 'install_base': '/home/sentry_ws/src/install/control_panel', 'merge_install': False, 'path': '/home/sentry_ws/src/control_panel', 'symlink_install': False, 'test_result_base': None}
[0.314s] Level 5:colcon.colcon_core.verb:set package 'costmap_intensity' build argument 'cmake_args' from command line to 'None'
[0.315s] Level 5:colcon.colcon_core.verb:set package 'costmap_intensity' build argument 'cmake_target' from command line to 'None'
[0.315s] Level 5:colcon.colcon_core.verb:set package 'costmap_intensity' build argument 'cmake_target_skip_unavailable' from command line to 'False'
[0.315s] Level 5:colcon.colcon_core.verb:set package 'costmap_intensity' build argument 'cmake_clean_cache' from command line to 'False'
[0.315s] Level 5:colcon.colcon_core.verb:set package 'costmap_intensity' build argument 'cmake_clean_first' from command line to 'False'
[0.315s] Level 5:colcon.colcon_core.verb:set package 'costmap_intensity' build argument 'cmake_force_configure' from command line to 'False'
[0.315s] Level 5:colcon.colcon_core.verb:set package 'costmap_intensity' build argument 'ament_cmake_args' from command line to 'None'
[0.315s] Level 5:colcon.colcon_core.verb:set package 'costmap_intensity' build argument 'catkin_cmake_args' from command line to 'None'
[0.315s] Level 5:colcon.colcon_core.verb:set package 'costmap_intensity' build argument 'catkin_skip_building_tests' from command line to 'False'
[0.315s] DEBUG:colcon.colcon_core.verb:Building package 'costmap_intensity' with the following arguments: {'ament_cmake_args': None, 'build_base': '/home/sentry_ws/src/build/costmap_intensity', 'catkin_cmake_args': None, 'catkin_skip_building_tests': False, 'cmake_args': None, 'cmake_clean_cache': False, 'cmake_clean_first': False, 'cmake_force_configure': False, 'cmake_target': None, 'cmake_target_skip_unavailable': False, 'install_base': '/home/sentry_ws/src/install/costmap_intensity', 'merge_install': False, 'path': '/home/sentry_ws/src/nav2_plugins/costmap_intensity', 'symlink_install': False, 'test_result_base': None}
[0.315s] Level 5:colcon.colcon_core.verb:set package 'gazebo_dev' build argument 'cmake_args' from command line to 'None'
[0.315s] Level 5:colcon.colcon_core.verb:set package 'gazebo_dev' build argument 'cmake_target' from command line to 'None'
[0.315s] Level 5:colcon.colcon_core.verb:set package 'gazebo_dev' build argument 'cmake_target_skip_unavailable' from command line to 'False'
[0.315s] Level 5:colcon.colcon_core.verb:set package 'gazebo_dev' build argument 'cmake_clean_cache' from command line to 'False'
[0.315s] Level 5:colcon.colcon_core.verb:set package 'gazebo_dev' build argument 'cmake_clean_first' from command line to 'False'
[0.315s] Level 5:colcon.colcon_core.verb:set package 'gazebo_dev' build argument 'cmake_force_configure' from command line to 'False'
[0.315s] Level 5:colcon.colcon_core.verb:set package 'gazebo_dev' build argument 'ament_cmake_args' from command line to 'None'
[0.315s] Level 5:colcon.colcon_core.verb:set package 'gazebo_dev' build argument 'catkin_cmake_args' from command line to 'None'
[0.316s] Level 5:colcon.colcon_core.verb:set package 'gazebo_dev' build argument 'catkin_skip_building_tests' from command line to 'False'
[0.316s] DEBUG:colcon.colcon_core.verb:Building package 'gazebo_dev' with the following arguments: {'ament_cmake_args': None, 'build_base': '/home/sentry_ws/src/build/gazebo_dev', 'catkin_cmake_args': None, 'catkin_skip_building_tests': False, 'cmake_args': None, 'cmake_clean_cache': False, 'cmake_clean_first': False, 'cmake_force_configure': False, 'cmake_target': None, 'cmake_target_skip_unavailable': False, 'install_base': '/home/sentry_ws/src/install/gazebo_dev', 'merge_install': False, 'path': '/home/sentry_ws/src/gazebo_ros_pkgs/gazebo_dev', 'symlink_install': False, 'test_result_base': None}
[0.316s] Level 5:colcon.colcon_core.verb:set package 'gazebo_msgs' build argument 'cmake_args' from command line to 'None'
[0.316s] Level 5:colcon.colcon_core.verb:set package 'gazebo_msgs' build argument 'cmake_target' from command line to 'None'
[0.316s] Level 5:colcon.colcon_core.verb:set package 'gazebo_msgs' build argument 'cmake_target_skip_unavailable' from command line to 'False'
[0.316s] Level 5:colcon.colcon_core.verb:set package 'gazebo_msgs' build argument 'cmake_clean_cache' from command line to 'False'
[0.316s] Level 5:colcon.colcon_core.verb:set package 'gazebo_msgs' build argument 'cmake_clean_first' from command line to 'False'
[0.316s] Level 5:colcon.colcon_core.verb:set package 'gazebo_msgs' build argument 'cmake_force_configure' from command line to 'False'
[0.316s] Level 5:colcon.colcon_core.verb:set package 'gazebo_msgs' build argument 'ament_cmake_args' from command line to 'None'
[0.316s] Level 5:colcon.colcon_core.verb:set package 'gazebo_msgs' build argument 'catkin_cmake_args' from command line to 'None'
[0.316s] Level 5:colcon.colcon_core.verb:set package 'gazebo_msgs' build argument 'catkin_skip_building_tests' from command line to 'False'
[0.316s] DEBUG:colcon.colcon_core.verb:Building package 'gazebo_msgs' with the following arguments: {'ament_cmake_args': None, 'build_base': '/home/sentry_ws/src/build/gazebo_msgs', 'catkin_cmake_args': None, 'catkin_skip_building_tests': False, 'cmake_args': None, 'cmake_clean_cache': False, 'cmake_clean_first': False, 'cmake_force_configure': False, 'cmake_target': None, 'cmake_target_skip_unavailable': False, 'install_base': '/home/sentry_ws/src/install/gazebo_msgs', 'merge_install': False, 'path': '/home/sentry_ws/src/gazebo_ros_pkgs/gazebo_msgs', 'symlink_install': False, 'test_result_base': None}
[0.317s] Level 5:colcon.colcon_core.verb:set package 'livox_ros_driver2' build argument 'cmake_args' from command line to 'None'
[0.317s] Level 5:colcon.colcon_core.verb:set package 'livox_ros_driver2' build argument 'cmake_target' from command line to 'None'
[0.317s] Level 5:colcon.colcon_core.verb:set package 'livox_ros_driver2' build argument 'cmake_target_skip_unavailable' from command line to 'False'
[0.317s] Level 5:colcon.colcon_core.verb:set package 'livox_ros_driver2' build argument 'cmake_clean_cache' from command line to 'False'
[0.317s] Level 5:colcon.colcon_core.verb:set package 'livox_ros_driver2' build argument 'cmake_clean_first' from command line to 'False'
[0.317s] Level 5:colcon.colcon_core.verb:set package 'livox_ros_driver2' build argument 'cmake_force_configure' from command line to 'False'
[0.317s] Level 5:colcon.colcon_core.verb:set package 'livox_ros_driver2' build argument 'ament_cmake_args' from command line to 'None'
[0.317s] Level 5:colcon.colcon_core.verb:set package 'livox_ros_driver2' build argument 'catkin_cmake_args' from command line to 'None'
[0.317s] Level 5:colcon.colcon_core.verb:set package 'livox_ros_driver2' build argument 'catkin_skip_building_tests' from command line to 'False'
[0.317s] DEBUG:colcon.colcon_core.verb:Building package 'livox_ros_driver2' with the following arguments: {'ament_cmake_args': None, 'build_base': '/home/sentry_ws/src/build/livox_ros_driver2', 'catkin_cmake_args': None, 'catkin_skip_building_tests': False, 'cmake_args': None, 'cmake_clean_cache': False, 'cmake_clean_first': False, 'cmake_force_configure': False, 'cmake_target': None, 'cmake_target_skip_unavailable': False, 'install_base': '/home/sentry_ws/src/install/livox_ros_driver2', 'merge_install': False, 'path': '/home/sentry_ws/src/livox_ros_driver2', 'symlink_install': False, 'test_result_base': None}
[0.318s] Level 5:colcon.colcon_core.verb:set package 'rm_interfaces' build argument 'cmake_args' from command line to 'None'
[0.318s] Level 5:colcon.colcon_core.verb:set package 'rm_interfaces' build argument 'cmake_target' from command line to 'None'
[0.318s] Level 5:colcon.colcon_core.verb:set package 'rm_interfaces' build argument 'cmake_target_skip_unavailable' from command line to 'False'
[0.318s] Level 5:colcon.colcon_core.verb:set package 'rm_interfaces' build argument 'cmake_clean_cache' from command line to 'False'
[0.318s] Level 5:colcon.colcon_core.verb:set package 'rm_interfaces' build argument 'cmake_clean_first' from command line to 'False'
[0.318s] Level 5:colcon.colcon_core.verb:set package 'rm_interfaces' build argument 'cmake_force_configure' from command line to 'False'
[0.318s] Level 5:colcon.colcon_core.verb:set package 'rm_interfaces' build argument 'ament_cmake_args' from command line to 'None'
[0.318s] Level 5:colcon.colcon_core.verb:set package 'rm_interfaces' build argument 'catkin_cmake_args' from command line to 'None'
[0.318s] Level 5:colcon.colcon_core.verb:set package 'rm_interfaces' build argument 'catkin_skip_building_tests' from command line to 'False'
[0.318s] DEBUG:colcon.colcon_core.verb:Building package 'rm_interfaces' with the following arguments: {'ament_cmake_args': None, 'build_base': '/home/sentry_ws/src/build/rm_interfaces', 'catkin_cmake_args': None, 'catkin_skip_building_tests': False, 'cmake_args': None, 'cmake_clean_cache': False, 'cmake_clean_first': False, 'cmake_force_configure': False, 'cmake_target': None, 'cmake_target_skip_unavailable': False, 'install_base': '/home/sentry_ws/src/install/rm_interfaces', 'merge_install': False, 'path': '/home/sentry_ws/src/rm_interfaces', 'symlink_install': False, 'test_result_base': None}
[0.319s] Level 5:colcon.colcon_core.verb:set package 'sensor_scan_generation' build argument 'cmake_args' from command line to 'None'
[0.319s] Level 5:colcon.colcon_core.verb:set package 'sensor_scan_generation' build argument 'cmake_target' from command line to 'None'
[0.319s] Level 5:colcon.colcon_core.verb:set package 'sensor_scan_generation' build argument 'cmake_target_skip_unavailable' from command line to 'False'
[0.319s] Level 5:colcon.colcon_core.verb:set package 'sensor_scan_generation' build argument 'cmake_clean_cache' from command line to 'False'
[0.319s] Level 5:colcon.colcon_core.verb:set package 'sensor_scan_generation' build argument 'cmake_clean_first' from command line to 'False'
[0.319s] Level 5:colcon.colcon_core.verb:set package 'sensor_scan_generation' build argument 'cmake_force_configure' from command line to 'False'
[0.319s] Level 5:colcon.colcon_core.verb:set package 'sensor_scan_generation' build argument 'ament_cmake_args' from command line to 'None'
[0.319s] Level 5:colcon.colcon_core.verb:set package 'sensor_scan_generation' build argument 'catkin_cmake_args' from command line to 'None'
[0.319s] Level 5:colcon.colcon_core.verb:set package 'sensor_scan_generation' build argument 'catkin_skip_building_tests' from command line to 'False'
[0.319s] DEBUG:colcon.colcon_core.verb:Building package 'sensor_scan_generation' with the following arguments: {'ament_cmake_args': None, 'build_base': '/home/sentry_ws/src/build/sensor_scan_generation', 'catkin_cmake_args': None, 'catkin_skip_building_tests': False, 'cmake_args': None, 'cmake_clean_cache': False, 'cmake_clean_first': False, 'cmake_force_configure': False, 'cmake_target': None, 'cmake_target_skip_unavailable': False, 'install_base': '/home/sentry_ws/src/install/sensor_scan_generation', 'merge_install': False, 'path': '/home/sentry_ws/src/autonomous_exploration_development_environment/src/sensor_scan_generation', 'symlink_install': False, 'test_result_base': None}
[0.319s] Level 5:colcon.colcon_core.verb:set package 'sentry_bringup' build argument 'cmake_args' from command line to 'None'
[0.320s] Level 5:colcon.colcon_core.verb:set package 'sentry_bringup' build argument 'cmake_target' from command line to 'None'
[0.320s] Level 5:colcon.colcon_core.verb:set package 'sentry_bringup' build argument 'cmake_target_skip_unavailable' from command line to 'False'
[0.320s] Level 5:colcon.colcon_core.verb:set package 'sentry_bringup' build argument 'cmake_clean_cache' from command line to 'False'
[0.320s] Level 5:colcon.colcon_core.verb:set package 'sentry_bringup' build argument 'cmake_clean_first' from command line to 'False'
[0.320s] Level 5:colcon.colcon_core.verb:set package 'sentry_bringup' build argument 'cmake_force_configure' from command line to 'False'
[0.320s] Level 5:colcon.colcon_core.verb:set package 'sentry_bringup' build argument 'ament_cmake_args' from command line to 'None'
[0.320s] Level 5:colcon.colcon_core.verb:set package 'sentry_bringup' build argument 'catkin_cmake_args' from command line to 'None'
[0.320s] Level 5:colcon.colcon_core.verb:set package 'sentry_bringup' build argument 'catkin_skip_building_tests' from command line to 'False'
[0.320s] DEBUG:colcon.colcon_core.verb:Building package 'sentry_bringup' with the following arguments: {'ament_cmake_args': None, 'build_base': '/home/sentry_ws/src/build/sentry_bringup', 'catkin_cmake_args': None, 'catkin_skip_building_tests': False, 'cmake_args': None, 'cmake_clean_cache': False, 'cmake_clean_first': False, 'cmake_force_configure': False, 'cmake_target': None, 'cmake_target_skip_unavailable': False, 'install_base': '/home/sentry_ws/src/install/sentry_bringup', 'merge_install': False, 'path': '/home/sentry_ws/src/sentry_bringup', 'symlink_install': False, 'test_result_base': None}
[0.320s] Level 5:colcon.colcon_core.verb:set package 'sentry_waypoint_loader_cpp' build argument 'cmake_args' from command line to 'None'
[0.320s] Level 5:colcon.colcon_core.verb:set package 'sentry_waypoint_loader_cpp' build argument 'cmake_target' from command line to 'None'
[0.320s] Level 5:colcon.colcon_core.verb:set package 'sentry_waypoint_loader_cpp' build argument 'cmake_target_skip_unavailable' from command line to 'False'
[0.320s] Level 5:colcon.colcon_core.verb:set package 'sentry_waypoint_loader_cpp' build argument 'cmake_clean_cache' from command line to 'False'
[0.320s] Level 5:colcon.colcon_core.verb:set package 'sentry_waypoint_loader_cpp' build argument 'cmake_clean_first' from command line to 'False'
[0.320s] Level 5:colcon.colcon_core.verb:set package 'sentry_waypoint_loader_cpp' build argument 'cmake_force_configure' from command line to 'False'
[0.320s] Level 5:colcon.colcon_core.verb:set package 'sentry_waypoint_loader_cpp' build argument 'ament_cmake_args' from command line to 'None'
[0.320s] Level 5:colcon.colcon_core.verb:set package 'sentry_waypoint_loader_cpp' build argument 'catkin_cmake_args' from command line to 'None'
[0.321s] Level 5:colcon.colcon_core.verb:set package 'sentry_waypoint_loader_cpp' build argument 'catkin_skip_building_tests' from command line to 'False'
[0.321s] DEBUG:colcon.colcon_core.verb:Building package 'sentry_waypoint_loader_cpp' with the following arguments: {'ament_cmake_args': None, 'build_base': '/home/sentry_ws/src/build/sentry_waypoint_loader_cpp', 'catkin_cmake_args': None, 'catkin_skip_building_tests': False, 'cmake_args': None, 'cmake_clean_cache': False, 'cmake_clean_first': False, 'cmake_force_configure': False, 'cmake_target': None, 'cmake_target_skip_unavailable': False, 'install_base': '/home/sentry_ws/src/install/sentry_waypoint_loader_cpp', 'merge_install': False, 'path': '/home/sentry_ws/src/sentry_waypoint_loader_cpp', 'symlink_install': False, 'test_result_base': None}
[0.321s] Level 5:colcon.colcon_core.verb:set package 'terrain_analysis' build argument 'cmake_args' from command line to 'None'
[0.321s] Level 5:colcon.colcon_core.verb:set package 'terrain_analysis' build argument 'cmake_target' from command line to 'None'
[0.321s] Level 5:colcon.colcon_core.verb:set package 'terrain_analysis' build argument 'cmake_target_skip_unavailable' from command line to 'False'
[0.321s] Level 5:colcon.colcon_core.verb:set package 'terrain_analysis' build argument 'cmake_clean_cache' from command line to 'False'
[0.321s] Level 5:colcon.colcon_core.verb:set package 'terrain_analysis' build argument 'cmake_clean_first' from command line to 'False'
[0.321s] Level 5:colcon.colcon_core.verb:set package 'terrain_analysis' build argument 'cmake_force_configure' from command line to 'False'
[0.321s] Level 5:colcon.colcon_core.verb:set package 'terrain_analysis' build argument 'ament_cmake_args' from command line to 'None'
[0.321s] Level 5:colcon.colcon_core.verb:set package 'terrain_analysis' build argument 'catkin_cmake_args' from command line to 'None'
[0.321s] Level 5:colcon.colcon_core.verb:set package 'terrain_analysis' build argument 'catkin_skip_building_tests' from command line to 'False'
[0.321s] DEBUG:colcon.colcon_core.verb:Building package 'terrain_analysis' with the following arguments: {'ament_cmake_args': None, 'build_base': '/home/sentry_ws/src/build/terrain_analysis', 'catkin_cmake_args': None, 'catkin_skip_building_tests': False, 'cmake_args': None, 'cmake_clean_cache': False, 'cmake_clean_first': False, 'cmake_force_configure': False, 'cmake_target': None, 'cmake_target_skip_unavailable': False, 'install_base': '/home/sentry_ws/src/install/terrain_analysis', 'merge_install': False, 'path': '/home/sentry_ws/src/autonomous_exploration_development_environment/src/terrain_analysis', 'symlink_install': False, 'test_result_base': None}
[0.322s] Level 5:colcon.colcon_core.verb:set package 'terrain_analysis_ext' build argument 'cmake_args' from command line to 'None'
[0.322s] Level 5:colcon.colcon_core.verb:set package 'terrain_analysis_ext' build argument 'cmake_target' from command line to 'None'
[0.322s] Level 5:colcon.colcon_core.verb:set package 'terrain_analysis_ext' build argument 'cmake_target_skip_unavailable' from command line to 'False'
[0.322s] Level 5:colcon.colcon_core.verb:set package 'terrain_analysis_ext' build argument 'cmake_clean_cache' from command line to 'False'
[0.322s] Level 5:colcon.colcon_core.verb:set package 'terrain_analysis_ext' build argument 'cmake_clean_first' from command line to 'False'
[0.322s] Level 5:colcon.colcon_core.verb:set package 'terrain_analysis_ext' build argument 'cmake_force_configure' from command line to 'False'
[0.322s] Level 5:colcon.colcon_core.verb:set package 'terrain_analysis_ext' build argument 'ament_cmake_args' from command line to 'None'
[0.322s] Level 5:colcon.colcon_core.verb:set package 'terrain_analysis_ext' build argument 'catkin_cmake_args' from command line to 'None'
[0.322s] Level 5:colcon.colcon_core.verb:set package 'terrain_analysis_ext' build argument 'catkin_skip_building_tests' from command line to 'False'
[0.322s] DEBUG:colcon.colcon_core.verb:Building package 'terrain_analysis_ext' with the following arguments: {'ament_cmake_args': None, 'build_base': '/home/sentry_ws/src/build/terrain_analysis_ext', 'catkin_cmake_args': None, 'catkin_skip_building_tests': False, 'cmake_args': None, 'cmake_clean_cache': False, 'cmake_clean_first': False, 'cmake_force_configure': False, 'cmake_target': None, 'cmake_target_skip_unavailable': False, 'install_base': '/home/sentry_ws/src/install/terrain_analysis_ext', 'merge_install': False, 'path': '/home/sentry_ws/src/autonomous_exploration_development_environment/src/terrain_analysis_ext', 'symlink_install': False, 'test_result_base': None}
[0.323s] Level 5:colcon.colcon_core.verb:set package 'velocity_smoother_ext' build argument 'cmake_args' from command line to 'None'
[0.323s] Level 5:colcon.colcon_core.verb:set package 'velocity_smoother_ext' build argument 'cmake_target' from command line to 'None'
[0.323s] Level 5:colcon.colcon_core.verb:set package 'velocity_smoother_ext' build argument 'cmake_target_skip_unavailable' from command line to 'False'
[0.323s] Level 5:colcon.colcon_core.verb:set package 'velocity_smoother_ext' build argument 'cmake_clean_cache' from command line to 'False'
[0.323s] Level 5:colcon.colcon_core.verb:set package 'velocity_smoother_ext' build argument 'cmake_clean_first' from command line to 'False'
[0.323s] Level 5:colcon.colcon_core.verb:set package 'velocity_smoother_ext' build argument 'cmake_force_configure' from command line to 'False'
[0.323s] Level 5:colcon.colcon_core.verb:set package 'velocity_smoother_ext' build argument 'ament_cmake_args' from command line to 'None'
[0.323s] Level 5:colcon.colcon_core.verb:set package 'velocity_smoother_ext' build argument 'catkin_cmake_args' from command line to 'None'
[0.323s] Level 5:colcon.colcon_core.verb:set package 'velocity_smoother_ext' build argument 'catkin_skip_building_tests' from command line to 'False'
[0.323s] DEBUG:colcon.colcon_core.verb:Building package 'velocity_smoother_ext' with the following arguments: {'ament_cmake_args': None, 'build_base': '/home/sentry_ws/src/build/velocity_smoother_ext', 'catkin_cmake_args': None, 'catkin_skip_building_tests': False, 'cmake_args': None, 'cmake_clean_cache': False, 'cmake_clean_first': False, 'cmake_force_configure': False, 'cmake_target': None, 'cmake_target_skip_unavailable': False, 'install_base': '/home/sentry_ws/src/install/velocity_smoother_ext', 'merge_install': False, 'path': '/home/sentry_ws/src/nav2_plugins/velocity_smoother_ext', 'symlink_install': False, 'test_result_base': None}
[0.323s] Level 5:colcon.colcon_core.verb:set package 'fast_lio' build argument 'cmake_args' from command line to 'None'
[0.323s] Level 5:colcon.colcon_core.verb:set package 'fast_lio' build argument 'cmake_target' from command line to 'None'
[0.324s] Level 5:colcon.colcon_core.verb:set package 'fast_lio' build argument 'cmake_target_skip_unavailable' from command line to 'False'
[0.324s] Level 5:colcon.colcon_core.verb:set package 'fast_lio' build argument 'cmake_clean_cache' from command line to 'False'
[0.324s] Level 5:colcon.colcon_core.verb:set package 'fast_lio' build argument 'cmake_clean_first' from command line to 'False'
[0.324s] Level 5:colcon.colcon_core.verb:set package 'fast_lio' build argument 'cmake_force_configure' from command line to 'False'
[0.324s] Level 5:colcon.colcon_core.verb:set package 'fast_lio' build argument 'ament_cmake_args' from command line to 'None'
[0.324s] Level 5:colcon.colcon_core.verb:set package 'fast_lio' build argument 'catkin_cmake_args' from command line to 'None'
[0.324s] Level 5:colcon.colcon_core.verb:set package 'fast_lio' build argument 'catkin_skip_building_tests' from command line to 'False'
[0.324s] DEBUG:colcon.colcon_core.verb:Building package 'fast_lio' with the following arguments: {'ament_cmake_args': None, 'build_base': '/home/sentry_ws/src/build/fast_lio', 'catkin_cmake_args': None, 'catkin_skip_building_tests': False, 'cmake_args': None, 'cmake_clean_cache': False, 'cmake_clean_first': False, 'cmake_force_configure': False, 'cmake_target': None, 'cmake_target_skip_unavailable': False, 'install_base': '/home/sentry_ws/src/install/fast_lio', 'merge_install': False, 'path': '/home/sentry_ws/src/FAST_LIO', 'symlink_install': False, 'test_result_base': None}
[0.324s] Level 5:colcon.colcon_core.verb:set package 'gazebo_ros' build argument 'cmake_args' from command line to 'None'
[0.324s] Level 5:colcon.colcon_core.verb:set package 'gazebo_ros' build argument 'cmake_target' from command line to 'None'
[0.324s] Level 5:colcon.colcon_core.verb:set package 'gazebo_ros' build argument 'cmake_target_skip_unavailable' from command line to 'False'
[0.324s] Level 5:colcon.colcon_core.verb:set package 'gazebo_ros' build argument 'cmake_clean_cache' from command line to 'False'
[0.324s] Level 5:colcon.colcon_core.verb:set package 'gazebo_ros' build argument 'cmake_clean_first' from command line to 'False'
[0.324s] Level 5:colcon.colcon_core.verb:set package 'gazebo_ros' build argument 'cmake_force_configure' from command line to 'False'
[0.324s] Level 5:colcon.colcon_core.verb:set package 'gazebo_ros' build argument 'ament_cmake_args' from command line to 'None'
[0.324s] Level 5:colcon.colcon_core.verb:set package 'gazebo_ros' build argument 'catkin_cmake_args' from command line to 'None'
[0.324s] Level 5:colcon.colcon_core.verb:set package 'gazebo_ros' build argument 'catkin_skip_building_tests' from command line to 'False'
[0.325s] DEBUG:colcon.colcon_core.verb:Building package 'gazebo_ros' with the following arguments: {'ament_cmake_args': None, 'build_base': '/home/sentry_ws/src/build/gazebo_ros', 'catkin_cmake_args': None, 'catkin_skip_building_tests': False, 'cmake_args': None, 'cmake_clean_cache': False, 'cmake_clean_first': False, 'cmake_force_configure': False, 'cmake_target': None, 'cmake_target_skip_unavailable': False, 'install_base': '/home/sentry_ws/src/install/gazebo_ros', 'merge_install': False, 'path': '/home/sentry_ws/src/gazebo_ros_pkgs/gazebo_ros', 'symlink_install': False, 'test_result_base': None}
[0.325s] Level 5:colcon.colcon_core.verb:set package 'icp_relocalization' build argument 'cmake_args' from command line to 'None'
[0.325s] Level 5:colcon.colcon_core.verb:set package 'icp_relocalization' build argument 'cmake_target' from command line to 'None'
[0.325s] Level 5:colcon.colcon_core.verb:set package 'icp_relocalization' build argument 'cmake_target_skip_unavailable' from command line to 'False'
[0.325s] Level 5:colcon.colcon_core.verb:set package 'icp_relocalization' build argument 'cmake_clean_cache' from command line to 'False'
[0.325s] Level 5:colcon.colcon_core.verb:set package 'icp_relocalization' build argument 'cmake_clean_first' from command line to 'False'
[0.325s] Level 5:colcon.colcon_core.verb:set package 'icp_relocalization' build argument 'cmake_force_configure' from command line to 'False'
[0.325s] Level 5:colcon.colcon_core.verb:set package 'icp_relocalization' build argument 'ament_cmake_args' from command line to 'None'
[0.325s] Level 5:colcon.colcon_core.verb:set package 'icp_relocalization' build argument 'catkin_cmake_args' from command line to 'None'
[0.325s] Level 5:colcon.colcon_core.verb:set package 'icp_relocalization' build argument 'catkin_skip_building_tests' from command line to 'False'
[0.325s] DEBUG:colcon.colcon_core.verb:Building package 'icp_relocalization' with the following arguments: {'ament_cmake_args': None, 'build_base': '/home/sentry_ws/src/build/icp_relocalization', 'catkin_cmake_args': None, 'catkin_skip_building_tests': False, 'cmake_args': None, 'cmake_clean_cache': False, 'cmake_clean_first': False, 'cmake_force_configure': False, 'cmake_target': None, 'cmake_target_skip_unavailable': False, 'install_base': '/home/sentry_ws/src/install/icp_relocalization', 'merge_install': False, 'path': '/home/sentry_ws/src/icp_relocalization', 'symlink_install': False, 'test_result_base': None}
[0.326s] Level 5:colcon.colcon_core.verb:set package 'rm_decision_cpp' build argument 'cmake_args' from command line to 'None'
[0.326s] Level 5:colcon.colcon_core.verb:set package 'rm_decision_cpp' build argument 'cmake_target' from command line to 'None'
[0.326s] Level 5:colcon.colcon_core.verb:set package 'rm_decision_cpp' build argument 'cmake_target_skip_unavailable' from command line to 'False'
[0.326s] Level 5:colcon.colcon_core.verb:set package 'rm_decision_cpp' build argument 'cmake_clean_cache' from command line to 'False'
[0.326s] Level 5:colcon.colcon_core.verb:set package 'rm_decision_cpp' build argument 'cmake_clean_first' from command line to 'False'
[0.326s] Level 5:colcon.colcon_core.verb:set package 'rm_decision_cpp' build argument 'cmake_force_configure' from command line to 'False'
[0.326s] Level 5:colcon.colcon_core.verb:set package 'rm_decision_cpp' build argument 'ament_cmake_args' from command line to 'None'
[0.326s] Level 5:colcon.colcon_core.verb:set package 'rm_decision_cpp' build argument 'catkin_cmake_args' from command line to 'None'
[0.326s] Level 5:colcon.colcon_core.verb:set package 'rm_decision_cpp' build argument 'catkin_skip_building_tests' from command line to 'False'
[0.326s] DEBUG:colcon.colcon_core.verb:Building package 'rm_decision_cpp' with the following arguments: {'ament_cmake_args': None, 'build_base': '/home/sentry_ws/src/build/rm_decision_cpp', 'catkin_cmake_args': None, 'catkin_skip_building_tests': False, 'cmake_args': None, 'cmake_clean_cache': False, 'cmake_clean_first': False, 'cmake_force_configure': False, 'cmake_target': None, 'cmake_target_skip_unavailable': False, 'install_base': '/home/sentry_ws/src/install/rm_decision_cpp', 'merge_install': False, 'path': '/home/sentry_ws/src/rm_decision_cpp', 'symlink_install': False, 'test_result_base': None}
[0.327s] Level 5:colcon.colcon_core.verb:set package 'gazebo_plugins' build argument 'cmake_args' from command line to 'None'
[0.327s] Level 5:colcon.colcon_core.verb:set package 'gazebo_plugins' build argument 'cmake_target' from command line to 'None'
[0.327s] Level 5:colcon.colcon_core.verb:set package 'gazebo_plugins' build argument 'cmake_target_skip_unavailable' from command line to 'False'
[0.327s] Level 5:colcon.colcon_core.verb:set package 'gazebo_plugins' build argument 'cmake_clean_cache' from command line to 'False'
[0.327s] Level 5:colcon.colcon_core.verb:set package 'gazebo_plugins' build argument 'cmake_clean_first' from command line to 'False'
[0.327s] Level 5:colcon.colcon_core.verb:set package 'gazebo_plugins' build argument 'cmake_force_configure' from command line to 'False'
[0.327s] Level 5:colcon.colcon_core.verb:set package 'gazebo_plugins' build argument 'ament_cmake_args' from command line to 'None'
[0.327s] Level 5:colcon.colcon_core.verb:set package 'gazebo_plugins' build argument 'catkin_cmake_args' from command line to 'None'
[0.327s] Level 5:colcon.colcon_core.verb:set package 'gazebo_plugins' build argument 'catkin_skip_building_tests' from command line to 'False'
[0.327s] DEBUG:colcon.colcon_core.verb:Building package 'gazebo_plugins' with the following arguments: {'ament_cmake_args': None, 'build_base': '/home/sentry_ws/src/build/gazebo_plugins', 'catkin_cmake_args': None, 'catkin_skip_building_tests': False, 'cmake_args': None, 'cmake_clean_cache': False, 'cmake_clean_first': False, 'cmake_force_configure': False, 'cmake_target': None, 'cmake_target_skip_unavailable': False, 'install_base': '/home/sentry_ws/src/install/gazebo_plugins', 'merge_install': False, 'path': '/home/sentry_ws/src/gazebo_ros_pkgs/gazebo_plugins', 'symlink_install': False, 'test_result_base': None}
[0.327s] Level 5:colcon.colcon_core.verb:set package 'ros2_livox_simulation' build argument 'cmake_args' from command line to 'None'
[0.327s] Level 5:colcon.colcon_core.verb:set package 'ros2_livox_simulation' build argument 'cmake_target' from command line to 'None'
[0.328s] Level 5:colcon.colcon_core.verb:set package 'ros2_livox_simulation' build argument 'cmake_target_skip_unavailable' from command line to 'False'
[0.328s] Level 5:colcon.colcon_core.verb:set package 'ros2_livox_simulation' build argument 'cmake_clean_cache' from command line to 'False'
[0.328s] Level 5:colcon.colcon_core.verb:set package 'ros2_livox_simulation' build argument 'cmake_clean_first' from command line to 'False'
[0.328s] Level 5:colcon.colcon_core.verb:set package 'ros2_livox_simulation' build argument 'cmake_force_configure' from command line to 'False'
[0.328s] Level 5:colcon.colcon_core.verb:set package 'ros2_livox_simulation' build argument 'ament_cmake_args' from command line to 'None'
[0.328s] Level 5:colcon.colcon_core.verb:set package 'ros2_livox_simulation' build argument 'catkin_cmake_args' from command line to 'None'
[0.328s] Level 5:colcon.colcon_core.verb:set package 'ros2_livox_simulation' build argument 'catkin_skip_building_tests' from command line to 'False'
[0.328s] DEBUG:colcon.colcon_core.verb:Building package 'ros2_livox_simulation' with the following arguments: {'ament_cmake_args': None, 'build_base': '/home/sentry_ws/src/build/ros2_livox_simulation', 'catkin_cmake_args': None, 'catkin_skip_building_tests': False, 'cmake_args': None, 'cmake_clean_cache': False, 'cmake_clean_first': False, 'cmake_force_configure': False, 'cmake_target': None, 'cmake_target_skip_unavailable': False, 'install_base': '/home/sentry_ws/src/install/ros2_livox_simulation', 'merge_install': False, 'path': '/home/sentry_ws/src/rm_simulation/livox_laser_simulation_RO2', 'symlink_install': False, 'test_result_base': None}
[0.328s] Level 5:colcon.colcon_core.verb:set package 'gazebo_ros_pkgs' build argument 'cmake_args' from command line to 'None'
[0.328s] Level 5:colcon.colcon_core.verb:set package 'gazebo_ros_pkgs' build argument 'cmake_target' from command line to 'None'
[0.328s] Level 5:colcon.colcon_core.verb:set package 'gazebo_ros_pkgs' build argument 'cmake_target_skip_unavailable' from command line to 'False'
[0.328s] Level 5:colcon.colcon_core.verb:set package 'gazebo_ros_pkgs' build argument 'cmake_clean_cache' from command line to 'False'
[0.328s] Level 5:colcon.colcon_core.verb:set package 'gazebo_ros_pkgs' build argument 'cmake_clean_first' from command line to 'False'
[0.328s] Level 5:colcon.colcon_core.verb:set package 'gazebo_ros_pkgs' build argument 'cmake_force_configure' from command line to 'False'
[0.328s] Level 5:colcon.colcon_core.verb:set package 'gazebo_ros_pkgs' build argument 'ament_cmake_args' from command line to 'None'
[0.328s] Level 5:colcon.colcon_core.verb:set package 'gazebo_ros_pkgs' build argument 'catkin_cmake_args' from command line to 'None'
[0.328s] Level 5:colcon.colcon_core.verb:set package 'gazebo_ros_pkgs' build argument 'catkin_skip_building_tests' from command line to 'False'
[0.329s] DEBUG:colcon.colcon_core.verb:Building package 'gazebo_ros_pkgs' with the following arguments: {'ament_cmake_args': None, 'build_base': '/home/sentry_ws/src/build/gazebo_ros_pkgs', 'catkin_cmake_args': None, 'catkin_skip_building_tests': False, 'cmake_args': None, 'cmake_clean_cache': False, 'cmake_clean_first': False, 'cmake_force_configure': False, 'cmake_target': None, 'cmake_target_skip_unavailable': False, 'install_base': '/home/sentry_ws/src/install/gazebo_ros_pkgs', 'merge_install': False, 'path': '/home/sentry_ws/src/gazebo_ros_pkgs/gazebo_ros_pkgs', 'symlink_install': False, 'test_result_base': None}
[0.329s] Level 5:colcon.colcon_core.verb:set package 'pb_rm_simulation' build argument 'cmake_args' from command line to 'None'
[0.329s] Level 5:colcon.colcon_core.verb:set package 'pb_rm_simulation' build argument 'cmake_target' from command line to 'None'
[0.329s] Level 5:colcon.colcon_core.verb:set package 'pb_rm_simulation' build argument 'cmake_target_skip_unavailable' from command line to 'False'
[0.329s] Level 5:colcon.colcon_core.verb:set package 'pb_rm_simulation' build argument 'cmake_clean_cache' from command line to 'False'
[0.329s] Level 5:colcon.colcon_core.verb:set package 'pb_rm_simulation' build argument 'cmake_clean_first' from command line to 'False'
[0.329s] Level 5:colcon.colcon_core.verb:set package 'pb_rm_simulation' build argument 'cmake_force_configure' from command line to 'False'
[0.329s] Level 5:colcon.colcon_core.verb:set package 'pb_rm_simulation' build argument 'ament_cmake_args' from command line to 'None'
[0.329s] Level 5:colcon.colcon_core.verb:set package 'pb_rm_simulation' build argument 'catkin_cmake_args' from command line to 'None'
[0.329s] Level 5:colcon.colcon_core.verb:set package 'pb_rm_simulation' build argument 'catkin_skip_building_tests' from command line to 'False'
[0.329s] DEBUG:colcon.colcon_core.verb:Building package 'pb_rm_simulation' with the following arguments: {'ament_cmake_args': None, 'build_base': '/home/sentry_ws/src/build/pb_rm_simulation', 'catkin_cmake_args': None, 'catkin_skip_building_tests': False, 'cmake_args': None, 'cmake_clean_cache': False, 'cmake_clean_first': False, 'cmake_force_configure': False, 'cmake_target': None, 'cmake_target_skip_unavailable': False, 'install_base': '/home/sentry_ws/src/install/pb_rm_simulation', 'merge_install': False, 'path': '/home/sentry_ws/src/rm_simulation/pb_rm_simulation', 'symlink_install': False, 'test_result_base': None}
[0.330s] INFO:colcon.colcon_core.executor:Executing jobs using 'parallel' executor
[0.332s] DEBUG:colcon.colcon_parallel_executor.executor.parallel:run_until_complete
[0.333s] INFO:colcon.colcon_ros.task.ament_cmake.build:Building ROS package in '/home/sentry_ws/src/gazebo_ros_pkgs/gazebo_dev' with build type 'ament_cmake'
[0.333s] INFO:colcon.colcon_cmake.task.cmake.build:Building CMake package in '/home/sentry_ws/src/gazebo_ros_pkgs/gazebo_dev'
[0.336s] INFO:colcon.colcon_core.plugin_system:Skipping extension 'colcon_core.shell.bat': Not used on non-Windows systems
[0.337s] INFO:colcon.colcon_core.shell:Skip shell extension 'powershell' for command environment: Not usable outside of PowerShell
[0.337s] DEBUG:colcon.colcon_core.shell:Skip shell extension 'dsv' for command environment
[0.342s] INFO:colcon.colcon_ros.task.ament_cmake.build:Building ROS package in '/home/sentry_ws/src/gazebo_ros_pkgs/gazebo_msgs' with build type 'ament_cmake'
[0.343s] INFO:colcon.colcon_cmake.task.cmake.build:Building CMake package in '/home/sentry_ws/src/gazebo_ros_pkgs/gazebo_msgs'
[0.343s] INFO:colcon.colcon_core.shell:Skip shell extension 'powershell' for command environment: Not usable outside of PowerShell
[0.343s] DEBUG:colcon.colcon_core.shell:Skip shell extension 'dsv' for command environment
[0.348s] INFO:colcon.colcon_ros.task.ament_cmake.build:Building ROS package in '/home/sentry_ws/src/livox_ros_driver2' with build type 'ament_cmake'
[0.349s] INFO:colcon.colcon_cmake.task.cmake.build:Building CMake package in '/home/sentry_ws/src/livox_ros_driver2'
[0.349s] INFO:colcon.colcon_core.shell:Skip shell extension 'powershell' for command environment: Not usable outside of PowerShell
[0.349s] DEBUG:colcon.colcon_core.shell:Skip shell extension 'dsv' for command environment
[0.355s] INFO:colcon.colcon_ros.task.ament_cmake.build:Building ROS package in '/home/sentry_ws/src/auto_aim_interfaces' with build type 'ament_cmake'
[0.355s] INFO:colcon.colcon_cmake.task.cmake.build:Building CMake package in '/home/sentry_ws/src/auto_aim_interfaces'
[0.356s] INFO:colcon.colcon_core.shell:Skip shell extension 'powershell' for command environment: Not usable outside of PowerShell
[0.356s] DEBUG:colcon.colcon_core.shell:Skip shell extension 'dsv' for command environment
[0.361s] INFO:colcon.colcon_ros.task.ament_cmake.build:Building ROS package in '/home/sentry_ws/src/BehaviorTree.CPP' with build type 'ament_cmake'
[0.361s] INFO:colcon.colcon_cmake.task.cmake.build:Building CMake package in '/home/sentry_ws/src/BehaviorTree.CPP'
[0.362s] INFO:colcon.colcon_core.shell:Skip shell extension 'powershell' for command environment: Not usable outside of PowerShell
[0.362s] DEBUG:colcon.colcon_core.shell:Skip shell extension 'dsv' for command environment
[0.367s] INFO:colcon.colcon_ros.task.ament_cmake.build:Building ROS package in '/home/sentry_ws/src/nav2_plugins/behavior_ext_plugins' with build type 'ament_cmake'
[0.367s] INFO:colcon.colcon_cmake.task.cmake.build:Building CMake package in '/home/sentry_ws/src/nav2_plugins/behavior_ext_plugins'
[0.368s] INFO:colcon.colcon_core.shell:Skip shell extension 'powershell' for command environment: Not usable outside of PowerShell
[0.369s] DEBUG:colcon.colcon_core.shell:Skip shell extension 'dsv' for command environment
[0.374s] INFO:colcon.colcon_ros.task.ament_python.build:Building ROS package in '/home/sentry_ws/src/control_panel' with build type 'ament_python'
[0.374s] Level 1:colcon.colcon_core.shell:create_environment_hook('control_panel', 'ament_prefix_path')
[0.375s] INFO:colcon.colcon_core.shell:Creating environment hook '/home/sentry_ws/src/install/control_panel/share/control_panel/hook/ament_prefix_path.ps1'
[0.376s] INFO:colcon.colcon_core.shell:Creating environment descriptor '/home/sentry_ws/src/install/control_panel/share/control_panel/hook/ament_prefix_path.dsv'
[0.376s] INFO:colcon.colcon_core.shell:Creating environment hook '/home/sentry_ws/src/install/control_panel/share/control_panel/hook/ament_prefix_path.sh'
[0.377s] INFO:colcon.colcon_core.shell:Skip shell extension 'powershell' for command environment: Not usable outside of PowerShell
[0.377s] DEBUG:colcon.colcon_core.shell:Skip shell extension 'dsv' for command environment
[0.382s] INFO:colcon.colcon_ros.task.ament_cmake.build:Building ROS package in '/home/sentry_ws/src/nav2_plugins/costmap_intensity' with build type 'ament_cmake'
[0.382s] INFO:colcon.colcon_cmake.task.cmake.build:Building CMake package in '/home/sentry_ws/src/nav2_plugins/costmap_intensity'
[0.383s] INFO:colcon.colcon_core.shell:Skip shell extension 'powershell' for command environment: Not usable outside of PowerShell
[0.383s] DEBUG:colcon.colcon_core.shell:Skip shell extension 'dsv' for command environment
[0.388s] INFO:colcon.colcon_ros.task.ament_cmake.build:Building ROS package in '/home/sentry_ws/src/rm_interfaces' with build type 'ament_cmake'
[0.388s] INFO:colcon.colcon_cmake.task.cmake.build:Building CMake package in '/home/sentry_ws/src/rm_interfaces'
[0.389s] INFO:colcon.colcon_core.shell:Skip shell extension 'powershell' for command environment: Not usable outside of PowerShell
[0.389s] DEBUG:colcon.colcon_core.shell:Skip shell extension 'dsv' for command environment
[0.394s] INFO:colcon.colcon_ros.task.ament_cmake.build:Building ROS package in '/home/sentry_ws/src/autonomous_exploration_development_environment/src/sensor_scan_generation' with build type 'ament_cmake'
[0.394s] INFO:colcon.colcon_cmake.task.cmake.build:Building CMake package in '/home/sentry_ws/src/autonomous_exploration_development_environment/src/sensor_scan_generation'
[0.395s] INFO:colcon.colcon_core.shell:Skip shell extension 'powershell' for command environment: Not usable outside of PowerShell
[0.395s] DEBUG:colcon.colcon_core.shell:Skip shell extension 'dsv' for command environment
[0.400s] INFO:colcon.colcon_ros.task.ament_cmake.build:Building ROS package in '/home/sentry_ws/src/sentry_bringup' with build type 'ament_cmake'
[0.401s] INFO:colcon.colcon_cmake.task.cmake.build:Building CMake package in '/home/sentry_ws/src/sentry_bringup'
[0.402s] INFO:colcon.colcon_core.shell:Skip shell extension 'powershell' for command environment: Not usable outside of PowerShell
[0.402s] DEBUG:colcon.colcon_core.shell:Skip shell extension 'dsv' for command environment
[0.408s] INFO:colcon.colcon_ros.task.ament_cmake.build:Building ROS package in '/home/sentry_ws/src/sentry_waypoint_loader_cpp' with build type 'ament_cmake'
[0.408s] INFO:colcon.colcon_cmake.task.cmake.build:Building CMake package in '/home/sentry_ws/src/sentry_waypoint_loader_cpp'
[0.409s] INFO:colcon.colcon_core.shell:Skip shell extension 'powershell' for command environment: Not usable outside of PowerShell
[0.409s] DEBUG:colcon.colcon_core.shell:Skip shell extension 'dsv' for command environment
[0.414s] INFO:colcon.colcon_ros.task.ament_cmake.build:Building ROS package in '/home/sentry_ws/src/autonomous_exploration_development_environment/src/terrain_analysis' with build type 'ament_cmake'
[0.414s] INFO:colcon.colcon_cmake.task.cmake.build:Building CMake package in '/home/sentry_ws/src/autonomous_exploration_development_environment/src/terrain_analysis'
[0.416s] INFO:colcon.colcon_core.shell:Skip shell extension 'powershell' for command environment: Not usable outside of PowerShell
[0.416s] DEBUG:colcon.colcon_core.shell:Skip shell extension 'dsv' for command environment
[0.422s] INFO:colcon.colcon_ros.task.ament_cmake.build:Building ROS package in '/home/sentry_ws/src/autonomous_exploration_development_environment/src/terrain_analysis_ext' with build type 'ament_cmake'
[0.422s] INFO:colcon.colcon_cmake.task.cmake.build:Building CMake package in '/home/sentry_ws/src/autonomous_exploration_development_environment/src/terrain_analysis_ext'
[0.423s] INFO:colcon.colcon_core.shell:Skip shell extension 'powershell' for command environment: Not usable outside of PowerShell
[0.424s] DEBUG:colcon.colcon_core.shell:Skip shell extension 'dsv' for command environment
[0.431s] INFO:colcon.colcon_ros.task.ament_cmake.build:Building ROS package in '/home/sentry_ws/src/nav2_plugins/velocity_smoother_ext' with build type 'ament_cmake'
[0.431s] INFO:colcon.colcon_cmake.task.cmake.build:Building CMake package in '/home/sentry_ws/src/nav2_plugins/velocity_smoother_ext'
[0.432s] INFO:colcon.colcon_core.shell:Skip shell extension 'powershell' for command environment: Not usable outside of PowerShell
[0.432s] DEBUG:colcon.colcon_core.shell:Skip shell extension 'dsv' for command environment
[0.442s] DEBUG:colcon.colcon_core.event_handler.log_command:Invoking command in '/home/sentry_ws/src/build/gazebo_dev': CMAKE_PREFIX_PATH=${CMAKE_PREFIX_PATH}:/home/sentry_ws/install/control_panel:/opt/ros/humble /usr/bin/cmake --build /home/sentry_ws/src/build/gazebo_dev -- -j16 -l16
[0.446s] DEBUG:colcon.colcon_core.event_handler.log_command:Invoking command in '/home/sentry_ws/src/build/gazebo_msgs': CMAKE_PREFIX_PATH=${CMAKE_PREFIX_PATH}:/home/sentry_ws/install/control_panel:/opt/ros/humble /usr/bin/cmake --build /home/sentry_ws/src/build/gazebo_msgs -- -j16 -l16
[0.448s] DEBUG:colcon.colcon_core.event_handler.log_command:Invoking command in '/home/sentry_ws/src/build/livox_ros_driver2': CMAKE_PREFIX_PATH=${CMAKE_PREFIX_PATH}:/home/sentry_ws/install/control_panel:/opt/ros/humble /usr/bin/cmake /home/sentry_ws/src/livox_ros_driver2 -DCMAKE_INSTALL_PREFIX=/home/sentry_ws/src/install/livox_ros_driver2
[0.451s] DEBUG:colcon.colcon_core.event_handler.log_command:Invoking command in '/home/sentry_ws/src/build/auto_aim_interfaces': CMAKE_PREFIX_PATH=${CMAKE_PREFIX_PATH}:/home/sentry_ws/install/control_panel:/opt/ros/humble /usr/bin/cmake --build /home/sentry_ws/src/build/auto_aim_interfaces -- -j16 -l16
[0.454s] DEBUG:colcon.colcon_core.event_handler.log_command:Invoking command in '/home/sentry_ws/src/build/behaviortree_cpp': CMAKE_PREFIX_PATH=${CMAKE_PREFIX_PATH}:/home/sentry_ws/install/control_panel:/opt/ros/humble /usr/bin/cmake --build /home/sentry_ws/src/build/behaviortree_cpp -- -j16 -l16
[0.455s] DEBUG:colcon.colcon_core.event_handler.log_command:Invoking command in '/home/sentry_ws/src/build/behavior_ext_plugins': CMAKE_PREFIX_PATH=${CMAKE_PREFIX_PATH}:/home/sentry_ws/install/control_panel:/opt/ros/humble /usr/bin/cmake /home/sentry_ws/src/nav2_plugins/behavior_ext_plugins -DCMAKE_INSTALL_PREFIX=/home/sentry_ws/src/install/behavior_ext_plugins
[0.830s] INFO:colcon.colcon_core.task.python.build:Building Python package in '/home/sentry_ws/src/control_panel'
[0.831s] INFO:colcon.colcon_core.shell:Skip shell extension 'powershell' for command environment: Not usable outside of PowerShell
[0.832s] DEBUG:colcon.colcon_core.shell:Skip shell extension 'dsv' for command environment
[0.898s] DEBUG:colcon.colcon_core.event_handler.log_command:Invoking command in '/home/sentry_ws/src/build/costmap_intensity': CMAKE_PREFIX_PATH=${CMAKE_PREFIX_PATH}:/home/sentry_ws/install/control_panel:/opt/ros/humble /usr/bin/cmake --build /home/sentry_ws/src/build/costmap_intensity -- -j16 -l16
[0.930s] DEBUG:colcon.colcon_core.event_handler.log_command:Invoking command in '/home/sentry_ws/src/build/rm_interfaces': CMAKE_PREFIX_PATH=${CMAKE_PREFIX_PATH}:/home/sentry_ws/install/control_panel:/opt/ros/humble /usr/bin/cmake --build /home/sentry_ws/src/build/rm_interfaces -- -j16 -l16
[0.971s] DEBUG:colcon.colcon_core.event_handler.log_command:Invoking command in '/home/sentry_ws/src/build/sensor_scan_generation': CMAKE_PREFIX_PATH=${CMAKE_PREFIX_PATH}:/home/sentry_ws/install/control_panel:/opt/ros/humble /usr/bin/cmake /home/sentry_ws/src/autonomous_exploration_development_environment/src/sensor_scan_generation -DCMAKE_INSTALL_PREFIX=/home/sentry_ws/src/install/sensor_scan_generation
[0.993s] DEBUG:colcon.colcon_core.event_handler.log_command:Invoking command in '/home/sentry_ws/src/build/sentry_bringup': CMAKE_PREFIX_PATH=${CMAKE_PREFIX_PATH}:/home/sentry_ws/install/control_panel:/opt/ros/humble /usr/bin/cmake --build /home/sentry_ws/src/build/sentry_bringup -- -j16 -l16
[1.033s] DEBUG:colcon.colcon_core.event_handler.log_command:Invoking command in '/home/sentry_ws/src/build/sentry_waypoint_loader_cpp': CMAKE_PREFIX_PATH=${CMAKE_PREFIX_PATH}:/home/sentry_ws/install/control_panel:/opt/ros/humble /usr/bin/cmake --build /home/sentry_ws/src/build/sentry_waypoint_loader_cpp -- -j16 -l16
[1.065s] DEBUG:colcon.colcon_core.event_handler.log_command:Invoking command in '/home/sentry_ws/src/build/terrain_analysis': CMAKE_PREFIX_PATH=${CMAKE_PREFIX_PATH}:/home/sentry_ws/install/control_panel:/opt/ros/humble /usr/bin/cmake /home/sentry_ws/src/autonomous_exploration_development_environment/src/terrain_analysis -DCMAKE_INSTALL_PREFIX=/home/sentry_ws/src/install/terrain_analysis
[1.098s] DEBUG:colcon.colcon_core.event_handler.log_command:Invoking command in '/home/sentry_ws/src/build/terrain_analysis_ext': CMAKE_PREFIX_PATH=${CMAKE_PREFIX_PATH}:/home/sentry_ws/install/control_panel:/opt/ros/humble /usr/bin/cmake /home/sentry_ws/src/autonomous_exploration_development_environment/src/terrain_analysis_ext -DCMAKE_INSTALL_PREFIX=/home/sentry_ws/src/install/terrain_analysis_ext
[1.434s] DEBUG:colcon.colcon_core.event_handler.log_command:Invoking command in '/home/sentry_ws/src/build/velocity_smoother_ext': CMAKE_PREFIX_PATH=${CMAKE_PREFIX_PATH}:/home/sentry_ws/install/control_panel:/opt/ros/humble /usr/bin/cmake --build /home/sentry_ws/src/build/velocity_smoother_ext -- -j16 -l16
[1.493s] DEBUG:colcon.colcon_core.event_handler.log_command:Invoked command in '/home/sentry_ws/src/build/gazebo_dev' returned '0': CMAKE_PREFIX_PATH=${CMAKE_PREFIX_PATH}:/home/sentry_ws/install/control_panel:/opt/ros/humble /usr/bin/cmake --build /home/sentry_ws/src/build/gazebo_dev -- -j16 -l16
[1.541s] DEBUG:colcon.colcon_core.event_handler.log_command:Invoked command in '/home/sentry_ws/src/build/sentry_bringup' returned '0': CMAKE_PREFIX_PATH=${CMAKE_PREFIX_PATH}:/home/sentry_ws/install/control_panel:/opt/ros/humble /usr/bin/cmake --build /home/sentry_ws/src/build/sentry_bringup -- -j16 -l16
[1.673s] DEBUG:colcon.colcon_core.event_handler.log_command:Invoked command in '/home/sentry_ws/src/build/sentry_waypoint_loader_cpp' returned '0': CMAKE_PREFIX_PATH=${CMAKE_PREFIX_PATH}:/home/sentry_ws/install/control_panel:/opt/ros/humble /usr/bin/cmake --build /home/sentry_ws/src/build/sentry_waypoint_loader_cpp -- -j16 -l16
[1.913s] DEBUG:colcon.colcon_core.event_handler.log_command:Invoking command in '/home/sentry_ws/src/build/sentry_bringup': CMAKE_PREFIX_PATH=${CMAKE_PREFIX_PATH}:/home/sentry_ws/install/control_panel:/opt/ros/humble /usr/bin/cmake --install /home/sentry_ws/src/build/sentry_bringup
[1.961s] DEBUG:colcon.colcon_core.event_handler.log_command:Invoking command in '/home/sentry_ws/src/build/gazebo_dev': CMAKE_PREFIX_PATH=${CMAKE_PREFIX_PATH}:/home/sentry_ws/install/control_panel:/opt/ros/humble /usr/bin/cmake --install /home/sentry_ws/src/build/gazebo_dev
[2.293s] DEBUG:colcon.colcon_core.event_handler.log_command:Invoking command in '/home/sentry_ws/src/build/sentry_waypoint_loader_cpp': CMAKE_PREFIX_PATH=${CMAKE_PREFIX_PATH}:/home/sentry_ws/install/control_panel:/opt/ros/humble /usr/bin/cmake --install /home/sentry_ws/src/build/sentry_waypoint_loader_cpp
[3.060s] DEBUG:colcon.colcon_core.event_handler.log_command:Invoking command in '/home/sentry_ws/src/control_panel': PYTHONPATH=/home/sentry_ws/src/build/control_panel/prefix_override:/home/sentry_ws/src/install/control_panel/lib/python3.10/site-packages:${PYTHONPATH} /usr/bin/python3 setup.py egg_info --egg-base ../build/control_panel build --build-base /home/sentry_ws/src/build/control_panel/build install --record /home/sentry_ws/src/build/control_panel/install.log --single-version-externally-managed
[12.161s] DEBUG:colcon.colcon_core.event_handler.log_command:Invoked command in '/home/sentry_ws/src/build/auto_aim_interfaces' returned '0': CMAKE_PREFIX_PATH=${CMAKE_PREFIX_PATH}:/home/sentry_ws/install/control_panel:/opt/ros/humble /usr/bin/cmake --build /home/sentry_ws/src/build/auto_aim_interfaces -- -j16 -l16
[14.572s] Level 1:colcon.colcon_core.environment:create_environment_scripts_only(gazebo_dev)
[14.579s] Level 1:colcon.colcon_core.environment:checking '/home/sentry_ws/src/install/gazebo_dev' for CMake module files
[14.583s] DEBUG:colcon.colcon_core.event_handler.log_command:Invoked command in '/home/sentry_ws/src/build/rm_interfaces' returned '0': CMAKE_PREFIX_PATH=${CMAKE_PREFIX_PATH}:/home/sentry_ws/install/control_panel:/opt/ros/humble /usr/bin/cmake --build /home/sentry_ws/src/build/rm_interfaces -- -j16 -l16
[14.585s] DEBUG:colcon.colcon_core.event_handler.log_command:Invoked command in '/home/sentry_ws/src/build/gazebo_dev' returned '0': CMAKE_PREFIX_PATH=${CMAKE_PREFIX_PATH}:/home/sentry_ws/install/control_panel:/opt/ros/humble /usr/bin/cmake --install /home/sentry_ws/src/build/gazebo_dev
[14.586s] Level 1:colcon.colcon_core.environment:checking '/home/sentry_ws/src/install/gazebo_dev' for CMake config files
[14.586s] Level 1:colcon.colcon_core.shell:create_environment_hook('gazebo_dev', 'cmake_prefix_path')
[14.588s] INFO:colcon.colcon_core.shell:Creating environment hook '/home/sentry_ws/src/install/gazebo_dev/share/gazebo_dev/hook/cmake_prefix_path.ps1'
[14.589s] INFO:colcon.colcon_core.shell:Creating environment descriptor '/home/sentry_ws/src/install/gazebo_dev/share/gazebo_dev/hook/cmake_prefix_path.dsv'
[14.589s] INFO:colcon.colcon_core.shell:Creating environment hook '/home/sentry_ws/src/install/gazebo_dev/share/gazebo_dev/hook/cmake_prefix_path.sh'
[14.590s] Level 1:colcon.colcon_core.environment:checking '/home/sentry_ws/src/install/gazebo_dev/bin'
[14.590s] Level 1:colcon.colcon_core.environment:checking '/home/sentry_ws/src/install/gazebo_dev/lib/pkgconfig/gazebo_dev.pc'
[14.591s] Level 1:colcon.colcon_core.environment:checking '/home/sentry_ws/src/install/gazebo_dev/lib/python3.10/site-packages'
[14.591s] Level 1:colcon.colcon_core.environment:checking '/home/sentry_ws/src/install/gazebo_dev/bin'
[14.593s] INFO:colcon.colcon_core.shell:Creating package script '/home/sentry_ws/src/install/gazebo_dev/share/gazebo_dev/package.ps1'
[14.594s] INFO:colcon.colcon_core.shell:Creating package descriptor '/home/sentry_ws/src/install/gazebo_dev/share/gazebo_dev/package.dsv'
[14.595s] INFO:colcon.colcon_core.shell:Creating package script '/home/sentry_ws/src/install/gazebo_dev/share/gazebo_dev/package.sh'
[14.595s] INFO:colcon.colcon_core.shell:Creating package script '/home/sentry_ws/src/install/gazebo_dev/share/gazebo_dev/package.bash'
[14.596s] INFO:colcon.colcon_core.shell:Creating package script '/home/sentry_ws/src/install/gazebo_dev/share/gazebo_dev/package.zsh'
[14.597s] Level 1:colcon.colcon_core.environment:create_file_with_runtime_dependencies(/home/sentry_ws/src/install/gazebo_dev/share/colcon-core/packages/gazebo_dev)
[14.637s] Level 1:colcon.colcon_core.environment:create_environment_scripts_only(sentry_bringup)
[14.639s] Level 1:colcon.colcon_core.environment:checking '/home/sentry_ws/src/install/sentry_bringup' for CMake module files
[14.640s] DEBUG:colcon.colcon_core.event_handler.log_command:Invoked command in '/home/sentry_ws/src/build/sentry_bringup' returned '0': CMAKE_PREFIX_PATH=${CMAKE_PREFIX_PATH}:/home/sentry_ws/install/control_panel:/opt/ros/humble /usr/bin/cmake --install /home/sentry_ws/src/build/sentry_bringup
[14.640s] Level 1:colcon.colcon_core.environment:checking '/home/sentry_ws/src/install/sentry_bringup' for CMake config files
[14.640s] Level 1:colcon.colcon_core.shell:create_environment_hook('sentry_bringup', 'cmake_prefix_path')
[14.642s] INFO:colcon.colcon_core.shell:Creating environment hook '/home/sentry_ws/src/install/sentry_bringup/share/sentry_bringup/hook/cmake_prefix_path.ps1'
[14.642s] INFO:colcon.colcon_core.shell:Creating environment descriptor '/home/sentry_ws/src/install/sentry_bringup/share/sentry_bringup/hook/cmake_prefix_path.dsv'
[14.643s] INFO:colcon.colcon_core.shell:Creating environment hook '/home/sentry_ws/src/install/sentry_bringup/share/sentry_bringup/hook/cmake_prefix_path.sh'
[14.643s] Level 1:colcon.colcon_core.environment:checking '/home/sentry_ws/src/install/sentry_bringup/bin'
[14.643s] Level 1:colcon.colcon_core.environment:checking '/home/sentry_ws/src/install/sentry_bringup/lib/pkgconfig/sentry_bringup.pc'
[14.644s] Level 1:colcon.colcon_core.environment:checking '/home/sentry_ws/src/install/sentry_bringup/lib/python3.10/site-packages'
[14.644s] Level 1:colcon.colcon_core.environment:checking '/home/sentry_ws/src/install/sentry_bringup/bin'
[14.645s] INFO:colcon.colcon_core.shell:Creating package script '/home/sentry_ws/src/install/sentry_bringup/share/sentry_bringup/package.ps1'
[14.646s] INFO:colcon.colcon_core.shell:Creating package descriptor '/home/sentry_ws/src/install/sentry_bringup/share/sentry_bringup/package.dsv'
[14.647s] INFO:colcon.colcon_core.shell:Creating package script '/home/sentry_ws/src/install/sentry_bringup/share/sentry_bringup/package.sh'
[14.647s] INFO:colcon.colcon_core.shell:Creating package script '/home/sentry_ws/src/install/sentry_bringup/share/sentry_bringup/package.bash'
[14.647s] INFO:colcon.colcon_core.shell:Creating package script '/home/sentry_ws/src/install/sentry_bringup/share/sentry_bringup/package.zsh'
[14.648s] Level 1:colcon.colcon_core.environment:create_file_with_runtime_dependencies(/home/sentry_ws/src/install/sentry_bringup/share/colcon-core/packages/sentry_bringup)
[14.658s] Level 1:colcon.colcon_core.environment:create_environment_scripts_only(sentry_waypoint_loader_cpp)
[14.659s] DEBUG:colcon.colcon_core.event_handler.log_command:Invoked command in '/home/sentry_ws/src/build/sentry_waypoint_loader_cpp' returned '0': CMAKE_PREFIX_PATH=${CMAKE_PREFIX_PATH}:/home/sentry_ws/install/control_panel:/opt/ros/humble /usr/bin/cmake --install /home/sentry_ws/src/build/sentry_waypoint_loader_cpp
[14.661s] Level 1:colcon.colcon_core.environment:checking '/home/sentry_ws/src/install/sentry_waypoint_loader_cpp' for CMake module files
[14.662s] Level 1:colcon.colcon_core.environment:checking '/home/sentry_ws/src/install/sentry_waypoint_loader_cpp' for CMake config files
[14.662s] Level 1:colcon.colcon_core.shell:create_environment_hook('sentry_waypoint_loader_cpp', 'cmake_prefix_path')
[14.663s] INFO:colcon.colcon_core.shell:Creating environment hook '/home/sentry_ws/src/install/sentry_waypoint_loader_cpp/share/sentry_waypoint_loader_cpp/hook/cmake_prefix_path.ps1'
[14.664s] INFO:colcon.colcon_core.shell:Creating environment descriptor '/home/sentry_ws/src/install/sentry_waypoint_loader_cpp/share/sentry_waypoint_loader_cpp/hook/cmake_prefix_path.dsv'
[14.664s] INFO:colcon.colcon_core.shell:Creating environment hook '/home/sentry_ws/src/install/sentry_waypoint_loader_cpp/share/sentry_waypoint_loader_cpp/hook/cmake_prefix_path.sh'
[14.665s] Level 1:colcon.colcon_core.environment:checking '/home/sentry_ws/src/install/sentry_waypoint_loader_cpp/lib'
[14.665s] Level 1:colcon.colcon_core.shell:create_environment_hook('sentry_waypoint_loader_cpp', 'ld_library_path_lib')
[14.667s] INFO:colcon.colcon_core.shell:Creating environment hook '/home/sentry_ws/src/install/sentry_waypoint_loader_cpp/share/sentry_waypoint_loader_cpp/hook/ld_library_path_lib.ps1'
[14.668s] INFO:colcon.colcon_core.shell:Creating environment descriptor '/home/sentry_ws/src/install/sentry_waypoint_loader_cpp/share/sentry_waypoint_loader_cpp/hook/ld_library_path_lib.dsv'
[14.668s] INFO:colcon.colcon_core.shell:Creating environment hook '/home/sentry_ws/src/install/sentry_waypoint_loader_cpp/share/sentry_waypoint_loader_cpp/hook/ld_library_path_lib.sh'
[14.669s] Level 1:colcon.colcon_core.environment:checking '/home/sentry_ws/src/install/sentry_waypoint_loader_cpp/bin'
[14.669s] Level 1:colcon.colcon_core.environment:checking '/home/sentry_ws/src/install/sentry_waypoint_loader_cpp/lib/pkgconfig/sentry_waypoint_loader_cpp.pc'
[14.669s] Level 1:colcon.colcon_core.environment:checking '/home/sentry_ws/src/install/sentry_waypoint_loader_cpp/lib/python3.10/site-packages'
[14.669s] Level 1:colcon.colcon_core.environment:checking '/home/sentry_ws/src/install/sentry_waypoint_loader_cpp/bin'
[14.681s] INFO:colcon.colcon_core.shell:Creating package script '/home/sentry_ws/src/install/sentry_waypoint_loader_cpp/share/sentry_waypoint_loader_cpp/package.ps1'
[14.682s] INFO:colcon.colcon_core.shell:Creating package descriptor '/home/sentry_ws/src/install/sentry_waypoint_loader_cpp/share/sentry_waypoint_loader_cpp/package.dsv'
[14.682s] INFO:colcon.colcon_core.shell:Creating package script '/home/sentry_ws/src/install/sentry_waypoint_loader_cpp/share/sentry_waypoint_loader_cpp/package.sh'
[14.683s] INFO:colcon.colcon_core.shell:Creating package script '/home/sentry_ws/src/install/sentry_waypoint_loader_cpp/share/sentry_waypoint_loader_cpp/package.bash'
[14.683s] INFO:colcon.colcon_core.shell:Creating package script '/home/sentry_ws/src/install/sentry_waypoint_loader_cpp/share/sentry_waypoint_loader_cpp/package.zsh'
[14.684s] Level 1:colcon.colcon_core.environment:create_file_with_runtime_dependencies(/home/sentry_ws/src/install/sentry_waypoint_loader_cpp/share/colcon-core/packages/sentry_waypoint_loader_cpp)
[14.712s] Level 1:colcon.colcon_core.environment:checking '/home/sentry_ws/src/install/control_panel' for CMake module files
[14.713s] Level 1:colcon.colcon_core.environment:checking '/home/sentry_ws/src/install/control_panel' for CMake config files
[14.714s] Level 1:colcon.colcon_core.environment:checking '/home/sentry_ws/src/install/control_panel/lib'
[14.714s] Level 1:colcon.colcon_core.environment:checking '/home/sentry_ws/src/install/control_panel/bin'
[14.714s] Level 1:colcon.colcon_core.environment:checking '/home/sentry_ws/src/install/control_panel/lib/pkgconfig/control_panel.pc'
[14.714s] Level 1:colcon.colcon_core.environment:checking '/home/sentry_ws/src/install/control_panel/lib/python3.10/site-packages'
[14.714s] Level 1:colcon.colcon_core.shell:create_environment_hook('control_panel', 'pythonpath')
[14.716s] INFO:colcon.colcon_core.shell:Creating environment hook '/home/sentry_ws/src/install/control_panel/share/control_panel/hook/pythonpath.ps1'
[14.717s] DEBUG:colcon.colcon_core.event_handler.log_command:Invoked command in '/home/sentry_ws/src/control_panel' returned '0': PYTHONPATH=/home/sentry_ws/src/build/control_panel/prefix_override:/home/sentry_ws/src/install/control_panel/lib/python3.10/site-packages:${PYTHONPATH} /usr/bin/python3 setup.py egg_info --egg-base ../build/control_panel build --build-base /home/sentry_ws/src/build/control_panel/build install --record /home/sentry_ws/src/build/control_panel/install.log --single-version-externally-managed
[14.718s] INFO:colcon.colcon_core.shell:Creating environment descriptor '/home/sentry_ws/src/install/control_panel/share/control_panel/hook/pythonpath.dsv'
[14.718s] INFO:colcon.colcon_core.shell:Creating environment hook '/home/sentry_ws/src/install/control_panel/share/control_panel/hook/pythonpath.sh'
[14.719s] Level 1:colcon.colcon_core.environment:checking '/home/sentry_ws/src/install/control_panel/bin'
[14.719s] Level 1:colcon.colcon_core.environment:create_environment_scripts_only(control_panel)
[14.721s] INFO:colcon.colcon_core.shell:Creating package script '/home/sentry_ws/src/install/control_panel/share/control_panel/package.ps1'
[14.722s] INFO:colcon.colcon_core.shell:Creating package descriptor '/home/sentry_ws/src/install/control_panel/share/control_panel/package.dsv'
[14.723s] INFO:colcon.colcon_core.shell:Creating package script '/home/sentry_ws/src/install/control_panel/share/control_panel/package.sh'
[14.723s] INFO:colcon.colcon_core.shell:Creating package script '/home/sentry_ws/src/install/control_panel/share/control_panel/package.bash'
[14.724s] INFO:colcon.colcon_core.shell:Creating package script '/home/sentry_ws/src/install/control_panel/share/control_panel/package.zsh'
[14.724s] Level 1:colcon.colcon_core.environment:create_file_with_runtime_dependencies(/home/sentry_ws/src/install/control_panel/share/colcon-core/packages/control_panel)
[14.779s] Level 1:colcon.colcon_core.environment:create_environment_scripts_only(sentry_bringup)
[14.781s] Level 1:colcon.colcon_core.environment:checking '/home/sentry_ws/src/install/sentry_bringup' for CMake module files
[14.782s] Level 1:colcon.colcon_core.environment:checking '/home/sentry_ws/src/install/sentry_bringup' for CMake config files
[14.782s] Level 1:colcon.colcon_core.shell:create_environment_hook('sentry_bringup', 'cmake_prefix_path')
[14.784s] INFO:colcon.colcon_core.shell:Creating environment hook '/home/sentry_ws/src/install/sentry_bringup/share/sentry_bringup/hook/cmake_prefix_path.ps1'
[14.785s] INFO:colcon.colcon_core.shell:Creating environment descriptor '/home/sentry_ws/src/install/sentry_bringup/share/sentry_bringup/hook/cmake_prefix_path.dsv'
[14.786s] INFO:colcon.colcon_core.shell:Creating environment hook '/home/sentry_ws/src/install/sentry_bringup/share/sentry_bringup/hook/cmake_prefix_path.sh'
[14.787s] Level 1:colcon.colcon_core.environment:checking '/home/sentry_ws/src/install/sentry_bringup/bin'
[14.787s] Level 1:colcon.colcon_core.environment:checking '/home/sentry_ws/src/install/sentry_bringup/lib/pkgconfig/sentry_bringup.pc'
[14.788s] Level 1:colcon.colcon_core.environment:checking '/home/sentry_ws/src/install/sentry_bringup/lib/python3.10/site-packages'
[14.788s] Level 1:colcon.colcon_core.environment:checking '/home/sentry_ws/src/install/sentry_bringup/bin'
[14.790s] INFO:colcon.colcon_core.shell:Creating package script '/home/sentry_ws/src/install/sentry_bringup/share/sentry_bringup/package.ps1'
[14.792s] INFO:colcon.colcon_core.shell:Creating package descriptor '/home/sentry_ws/src/install/sentry_bringup/share/sentry_bringup/package.dsv'
[14.793s] INFO:colcon.colcon_core.shell:Creating package script '/home/sentry_ws/src/install/sentry_bringup/share/sentry_bringup/package.sh'
[14.794s] INFO:colcon.colcon_core.shell:Creating package script '/home/sentry_ws/src/install/sentry_bringup/share/sentry_bringup/package.bash'
[14.795s] INFO:colcon.colcon_core.shell:Creating package script '/home/sentry_ws/src/install/sentry_bringup/share/sentry_bringup/package.zsh'
[14.796s] Level 1:colcon.colcon_core.environment:create_file_with_runtime_dependencies(/home/sentry_ws/src/install/sentry_bringup/share/colcon-core/packages/sentry_bringup)
[14.827s] Level 1:colcon.colcon_core.environment:create_environment_scripts_only(gazebo_dev)
[14.830s] Level 1:colcon.colcon_core.environment:checking '/home/sentry_ws/src/install/gazebo_dev' for CMake module files
[14.831s] Level 1:colcon.colcon_core.environment:checking '/home/sentry_ws/src/install/gazebo_dev' for CMake config files
[14.831s] Level 1:colcon.colcon_core.shell:create_environment_hook('gazebo_dev', 'cmake_prefix_path')
[14.833s] INFO:colcon.colcon_core.shell:Creating environment hook '/home/sentry_ws/src/install/gazebo_dev/share/gazebo_dev/hook/cmake_prefix_path.ps1'
[14.834s] INFO:colcon.colcon_core.shell:Creating environment descriptor '/home/sentry_ws/src/install/gazebo_dev/share/gazebo_dev/hook/cmake_prefix_path.dsv'
[14.835s] INFO:colcon.colcon_core.shell:Creating environment hook '/home/sentry_ws/src/install/gazebo_dev/share/gazebo_dev/hook/cmake_prefix_path.sh'
[14.836s] Level 1:colcon.colcon_core.environment:checking '/home/sentry_ws/src/install/gazebo_dev/bin'
[14.836s] Level 1:colcon.colcon_core.environment:checking '/home/sentry_ws/src/install/gazebo_dev/lib/pkgconfig/gazebo_dev.pc'
[14.836s] Level 1:colcon.colcon_core.environment:checking '/home/sentry_ws/src/install/gazebo_dev/lib/python3.10/site-packages'
[14.837s] Level 1:colcon.colcon_core.environment:checking '/home/sentry_ws/src/install/gazebo_dev/bin'
[14.839s] INFO:colcon.colcon_core.shell:Creating package script '/home/sentry_ws/src/install/gazebo_dev/share/gazebo_dev/package.ps1'
[14.844s] INFO:colcon.colcon_core.shell:Creating package descriptor '/home/sentry_ws/src/install/gazebo_dev/share/gazebo_dev/package.dsv'
[14.845s] INFO:colcon.colcon_core.shell:Creating package script '/home/sentry_ws/src/install/gazebo_dev/share/gazebo_dev/package.sh'
[14.849s] INFO:colcon.colcon_core.shell:Creating package script '/home/sentry_ws/src/install/gazebo_dev/share/gazebo_dev/package.bash'
[14.854s] INFO:colcon.colcon_core.shell:Creating package script '/home/sentry_ws/src/install/gazebo_dev/share/gazebo_dev/package.zsh'
[14.855s] Level 1:colcon.colcon_core.environment:create_file_with_runtime_dependencies(/home/sentry_ws/src/install/gazebo_dev/share/colcon-core/packages/gazebo_dev)
[14.931s] Level 1:colcon.colcon_core.environment:create_environment_scripts_only(sentry_waypoint_loader_cpp)
[14.933s] Level 1:colcon.colcon_core.environment:checking '/home/sentry_ws/src/install/sentry_waypoint_loader_cpp' for CMake module files
[14.934s] Level 1:colcon.colcon_core.environment:checking '/home/sentry_ws/src/install/sentry_waypoint_loader_cpp' for CMake config files
[14.935s] Level 1:colcon.colcon_core.shell:create_environment_hook('sentry_waypoint_loader_cpp', 'cmake_prefix_path')
[14.936s] INFO:colcon.colcon_core.shell:Creating environment hook '/home/sentry_ws/src/install/sentry_waypoint_loader_cpp/share/sentry_waypoint_loader_cpp/hook/cmake_prefix_path.ps1'
[14.937s] INFO:colcon.colcon_core.shell:Creating environment descriptor '/home/sentry_ws/src/install/sentry_waypoint_loader_cpp/share/sentry_waypoint_loader_cpp/hook/cmake_prefix_path.dsv'
[14.938s] INFO:colcon.colcon_core.shell:Creating environment hook '/home/sentry_ws/src/install/sentry_waypoint_loader_cpp/share/sentry_waypoint_loader_cpp/hook/cmake_prefix_path.sh'
[14.939s] Level 1:colcon.colcon_core.environment:checking '/home/sentry_ws/src/install/sentry_waypoint_loader_cpp/lib'
[14.939s] Level 1:colcon.colcon_core.shell:create_environment_hook('sentry_waypoint_loader_cpp', 'ld_library_path_lib')
[14.941s] INFO:colcon.colcon_core.shell:Creating environment hook '/home/sentry_ws/src/install/sentry_waypoint_loader_cpp/share/sentry_waypoint_loader_cpp/hook/ld_library_path_lib.ps1'
[14.942s] INFO:colcon.colcon_core.shell:Creating environment descriptor '/home/sentry_ws/src/install/sentry_waypoint_loader_cpp/share/sentry_waypoint_loader_cpp/hook/ld_library_path_lib.dsv'
[14.943s] INFO:colcon.colcon_core.shell:Creating environment hook '/home/sentry_ws/src/install/sentry_waypoint_loader_cpp/share/sentry_waypoint_loader_cpp/hook/ld_library_path_lib.sh'
[14.943s] Level 1:colcon.colcon_core.environment:checking '/home/sentry_ws/src/install/sentry_waypoint_loader_cpp/bin'
[14.944s] Level 1:colcon.colcon_core.environment:checking '/home/sentry_ws/src/install/sentry_waypoint_loader_cpp/lib/pkgconfig/sentry_waypoint_loader_cpp.pc'
[14.944s] Level 1:colcon.colcon_core.environment:checking '/home/sentry_ws/src/install/sentry_waypoint_loader_cpp/lib/python3.10/site-packages'
[14.944s] Level 1:colcon.colcon_core.environment:checking '/home/sentry_ws/src/install/sentry_waypoint_loader_cpp/bin'
[14.946s] INFO:colcon.colcon_core.shell:Creating package script '/home/sentry_ws/src/install/sentry_waypoint_loader_cpp/share/sentry_waypoint_loader_cpp/package.ps1'
[14.947s] INFO:colcon.colcon_core.shell:Creating package descriptor '/home/sentry_ws/src/install/sentry_waypoint_loader_cpp/share/sentry_waypoint_loader_cpp/package.dsv'
[14.947s] INFO:colcon.colcon_core.shell:Creating package script '/home/sentry_ws/src/install/sentry_waypoint_loader_cpp/share/sentry_waypoint_loader_cpp/package.sh'
[14.948s] INFO:colcon.colcon_core.shell:Creating package script '/home/sentry_ws/src/install/sentry_waypoint_loader_cpp/share/sentry_waypoint_loader_cpp/package.bash'
[14.949s] INFO:colcon.colcon_core.shell:Creating package script '/home/sentry_ws/src/install/sentry_waypoint_loader_cpp/share/sentry_waypoint_loader_cpp/package.zsh'
[14.950s] Level 1:colcon.colcon_core.environment:create_file_with_runtime_dependencies(/home/sentry_ws/src/install/sentry_waypoint_loader_cpp/share/colcon-core/packages/sentry_waypoint_loader_cpp)
[15.169s] DEBUG:colcon.colcon_core.event_handler.log_command:Invoking command in '/home/sentry_ws/src/build/auto_aim_interfaces': CMAKE_PREFIX_PATH=${CMAKE_PREFIX_PATH}:/home/sentry_ws/install/control_panel:/opt/ros/humble /usr/bin/cmake --install /home/sentry_ws/src/build/auto_aim_interfaces
[15.525s] Level 1:colcon.colcon_core.environment:create_environment_scripts_only(auto_aim_interfaces)
[15.528s] Level 1:colcon.colcon_core.environment:checking '/home/sentry_ws/src/install/auto_aim_interfaces' for CMake module files
[15.529s] Level 1:colcon.colcon_core.environment:checking '/home/sentry_ws/src/install/auto_aim_interfaces' for CMake config files
[15.530s] Level 1:colcon.colcon_core.shell:create_environment_hook('auto_aim_interfaces', 'cmake_prefix_path')
[15.531s] INFO:colcon.colcon_core.shell:Creating environment hook '/home/sentry_ws/src/install/auto_aim_interfaces/share/auto_aim_interfaces/hook/cmake_prefix_path.ps1'
[15.532s] DEBUG:colcon.colcon_core.event_handler.log_command:Invoked command in '/home/sentry_ws/src/build/auto_aim_interfaces' returned '0': CMAKE_PREFIX_PATH=${CMAKE_PREFIX_PATH}:/home/sentry_ws/install/control_panel:/opt/ros/humble /usr/bin/cmake --install /home/sentry_ws/src/build/auto_aim_interfaces
[15.533s] INFO:colcon.colcon_core.shell:Creating environment descriptor '/home/sentry_ws/src/install/auto_aim_interfaces/share/auto_aim_interfaces/hook/cmake_prefix_path.dsv'
[15.533s] INFO:colcon.colcon_core.shell:Creating environment hook '/home/sentry_ws/src/install/auto_aim_interfaces/share/auto_aim_interfaces/hook/cmake_prefix_path.sh'
[15.534s] Level 1:colcon.colcon_core.environment:checking '/home/sentry_ws/src/install/auto_aim_interfaces/lib'
[15.534s] Level 1:colcon.colcon_core.shell:create_environment_hook('auto_aim_interfaces', 'ld_library_path_lib')
[15.536s] INFO:colcon.colcon_core.shell:Creating environment hook '/home/sentry_ws/src/install/auto_aim_interfaces/share/auto_aim_interfaces/hook/ld_library_path_lib.ps1'
[15.536s] INFO:colcon.colcon_core.shell:Creating environment descriptor '/home/sentry_ws/src/install/auto_aim_interfaces/share/auto_aim_interfaces/hook/ld_library_path_lib.dsv'
[15.537s] INFO:colcon.colcon_core.shell:Creating environment hook '/home/sentry_ws/src/install/auto_aim_interfaces/share/auto_aim_interfaces/hook/ld_library_path_lib.sh'
[15.537s] Level 1:colcon.colcon_core.environment:checking '/home/sentry_ws/src/install/auto_aim_interfaces/bin'
[15.537s] Level 1:colcon.colcon_core.environment:checking '/home/sentry_ws/src/install/auto_aim_interfaces/lib/pkgconfig/auto_aim_interfaces.pc'
[15.537s] Level 1:colcon.colcon_core.environment:checking '/home/sentry_ws/src/install/auto_aim_interfaces/lib/python3.10/site-packages'
[15.538s] Level 1:colcon.colcon_core.environment:checking '/home/sentry_ws/src/install/auto_aim_interfaces/bin'
[15.540s] INFO:colcon.colcon_core.shell:Creating package script '/home/sentry_ws/src/install/auto_aim_interfaces/share/auto_aim_interfaces/package.ps1'
[15.540s] INFO:colcon.colcon_core.shell:Creating package descriptor '/home/sentry_ws/src/install/auto_aim_interfaces/share/auto_aim_interfaces/package.dsv'
[15.543s] INFO:colcon.colcon_core.shell:Creating package script '/home/sentry_ws/src/install/auto_aim_interfaces/share/auto_aim_interfaces/package.sh'
[15.544s] INFO:colcon.colcon_core.shell:Creating package script '/home/sentry_ws/src/install/auto_aim_interfaces/share/auto_aim_interfaces/package.bash'
[15.544s] INFO:colcon.colcon_core.shell:Creating package script '/home/sentry_ws/src/install/auto_aim_interfaces/share/auto_aim_interfaces/package.zsh'
[15.545s] Level 1:colcon.colcon_core.environment:create_file_with_runtime_dependencies(/home/sentry_ws/src/install/auto_aim_interfaces/share/colcon-core/packages/auto_aim_interfaces)
[16.178s] DEBUG:colcon.colcon_core.event_handler.log_command:Invoking command in '/home/sentry_ws/src/build/rm_interfaces': CMAKE_PREFIX_PATH=${CMAKE_PREFIX_PATH}:/home/sentry_ws/install/control_panel:/opt/ros/humble /usr/bin/cmake --install /home/sentry_ws/src/build/rm_interfaces
[16.395s] Level 1:colcon.colcon_core.environment:create_environment_scripts_only(rm_interfaces)
[16.398s] Level 1:colcon.colcon_core.environment:checking '/home/sentry_ws/src/install/rm_interfaces' for CMake module files
[16.399s] Level 1:colcon.colcon_core.environment:checking '/home/sentry_ws/src/install/rm_interfaces' for CMake config files
[16.399s] Level 1:colcon.colcon_core.shell:create_environment_hook('rm_interfaces', 'cmake_prefix_path')
[16.401s] INFO:colcon.colcon_core.shell:Creating environment hook '/home/sentry_ws/src/install/rm_interfaces/share/rm_interfaces/hook/cmake_prefix_path.ps1'
[16.402s] DEBUG:colcon.colcon_core.event_handler.log_command:Invoked command in '/home/sentry_ws/src/build/rm_interfaces' returned '0': CMAKE_PREFIX_PATH=${CMAKE_PREFIX_PATH}:/home/sentry_ws/install/control_panel:/opt/ros/humble /usr/bin/cmake --install /home/sentry_ws/src/build/rm_interfaces
[16.402s] INFO:colcon.colcon_core.shell:Creating environment descriptor '/home/sentry_ws/src/install/rm_interfaces/share/rm_interfaces/hook/cmake_prefix_path.dsv'
[16.403s] INFO:colcon.colcon_core.shell:Creating environment hook '/home/sentry_ws/src/install/rm_interfaces/share/rm_interfaces/hook/cmake_prefix_path.sh'
[16.403s] Level 1:colcon.colcon_core.environment:checking '/home/sentry_ws/src/install/rm_interfaces/lib'
[16.403s] Level 1:colcon.colcon_core.shell:create_environment_hook('rm_interfaces', 'ld_library_path_lib')
[16.405s] INFO:colcon.colcon_core.shell:Creating environment hook '/home/sentry_ws/src/install/rm_interfaces/share/rm_interfaces/hook/ld_library_path_lib.ps1'
[16.405s] INFO:colcon.colcon_core.shell:Creating environment descriptor '/home/sentry_ws/src/install/rm_interfaces/share/rm_interfaces/hook/ld_library_path_lib.dsv'
[16.406s] INFO:colcon.colcon_core.shell:Creating environment hook '/home/sentry_ws/src/install/rm_interfaces/share/rm_interfaces/hook/ld_library_path_lib.sh'
[16.406s] Level 1:colcon.colcon_core.environment:checking '/home/sentry_ws/src/install/rm_interfaces/bin'
[16.406s] Level 1:colcon.colcon_core.environment:checking '/home/sentry_ws/src/install/rm_interfaces/lib/pkgconfig/rm_interfaces.pc'
[16.406s] Level 1:colcon.colcon_core.environment:checking '/home/sentry_ws/src/install/rm_interfaces/lib/python3.10/site-packages'
[16.407s] Level 1:colcon.colcon_core.environment:checking '/home/sentry_ws/src/install/rm_interfaces/bin'
[16.410s] INFO:colcon.colcon_core.shell:Creating package script '/home/sentry_ws/src/install/rm_interfaces/share/rm_interfaces/package.ps1'
[16.411s] INFO:colcon.colcon_core.shell:Creating package descriptor '/home/sentry_ws/src/install/rm_interfaces/share/rm_interfaces/package.dsv'
[16.416s] INFO:colcon.colcon_core.shell:Creating package script '/home/sentry_ws/src/install/rm_interfaces/share/rm_interfaces/package.sh'
[16.417s] INFO:colcon.colcon_core.shell:Creating package script '/home/sentry_ws/src/install/rm_interfaces/share/rm_interfaces/package.bash'
[16.417s] INFO:colcon.colcon_core.shell:Creating package script '/home/sentry_ws/src/install/rm_interfaces/share/rm_interfaces/package.zsh'
[16.417s] Level 1:colcon.colcon_core.environment:create_file_with_runtime_dependencies(/home/sentry_ws/src/install/rm_interfaces/share/colcon-core/packages/rm_interfaces)
[17.099s] Level 1:colcon.colcon_core.environment:create_environment_scripts_only(auto_aim_interfaces)
[17.101s] Level 1:colcon.colcon_core.environment:checking '/home/sentry_ws/src/install/auto_aim_interfaces' for CMake module files
[17.103s] Level 1:colcon.colcon_core.environment:checking '/home/sentry_ws/src/install/auto_aim_interfaces' for CMake config files
[17.104s] Level 1:colcon.colcon_core.shell:create_environment_hook('auto_aim_interfaces', 'cmake_prefix_path')
[17.105s] INFO:colcon.colcon_core.shell:Creating environment hook '/home/sentry_ws/src/install/auto_aim_interfaces/share/auto_aim_interfaces/hook/cmake_prefix_path.ps1'
[17.107s] INFO:colcon.colcon_core.shell:Creating environment descriptor '/home/sentry_ws/src/install/auto_aim_interfaces/share/auto_aim_interfaces/hook/cmake_prefix_path.dsv'
[17.107s] INFO:colcon.colcon_core.shell:Creating environment hook '/home/sentry_ws/src/install/auto_aim_interfaces/share/auto_aim_interfaces/hook/cmake_prefix_path.sh'
[17.108s] Level 1:colcon.colcon_core.environment:checking '/home/sentry_ws/src/install/auto_aim_interfaces/lib'
[17.108s] Level 1:colcon.colcon_core.shell:create_environment_hook('auto_aim_interfaces', 'ld_library_path_lib')
[17.111s] INFO:colcon.colcon_core.shell:Creating environment hook '/home/sentry_ws/src/install/auto_aim_interfaces/share/auto_aim_interfaces/hook/ld_library_path_lib.ps1'
[17.111s] INFO:colcon.colcon_core.shell:Creating environment descriptor '/home/sentry_ws/src/install/auto_aim_interfaces/share/auto_aim_interfaces/hook/ld_library_path_lib.dsv'
[17.112s] INFO:colcon.colcon_core.shell:Creating environment hook '/home/sentry_ws/src/install/auto_aim_interfaces/share/auto_aim_interfaces/hook/ld_library_path_lib.sh'
[17.116s] Level 1:colcon.colcon_core.environment:checking '/home/sentry_ws/src/install/auto_aim_interfaces/bin'
[17.122s] Level 1:colcon.colcon_core.environment:checking '/home/sentry_ws/src/install/auto_aim_interfaces/lib/pkgconfig/auto_aim_interfaces.pc'
[17.122s] Level 1:colcon.colcon_core.environment:checking '/home/sentry_ws/src/install/auto_aim_interfaces/lib/python3.10/site-packages'
[17.122s] Level 1:colcon.colcon_core.environment:checking '/home/sentry_ws/src/install/auto_aim_interfaces/bin'
[17.124s] INFO:colcon.colcon_core.shell:Creating package script '/home/sentry_ws/src/install/auto_aim_interfaces/share/auto_aim_interfaces/package.ps1'
[17.136s] INFO:colcon.colcon_core.shell:Creating package descriptor '/home/sentry_ws/src/install/auto_aim_interfaces/share/auto_aim_interfaces/package.dsv'
[17.137s] INFO:colcon.colcon_core.shell:Creating package script '/home/sentry_ws/src/install/auto_aim_interfaces/share/auto_aim_interfaces/package.sh'
[17.138s] INFO:colcon.colcon_core.shell:Creating package script '/home/sentry_ws/src/install/auto_aim_interfaces/share/auto_aim_interfaces/package.bash'
[17.138s] INFO:colcon.colcon_core.shell:Creating package script '/home/sentry_ws/src/install/auto_aim_interfaces/share/auto_aim_interfaces/package.zsh'
[17.139s] Level 1:colcon.colcon_core.environment:create_file_with_runtime_dependencies(/home/sentry_ws/src/install/auto_aim_interfaces/share/colcon-core/packages/auto_aim_interfaces)
[17.918s] Level 1:colcon.colcon_core.environment:create_environment_scripts_only(rm_interfaces)
[17.921s] Level 1:colcon.colcon_core.environment:checking '/home/sentry_ws/src/install/rm_interfaces' for CMake module files
[17.922s] Level 1:colcon.colcon_core.environment:checking '/home/sentry_ws/src/install/rm_interfaces' for CMake config files
[17.923s] Level 1:colcon.colcon_core.shell:create_environment_hook('rm_interfaces', 'cmake_prefix_path')
[17.926s] INFO:colcon.colcon_core.shell:Creating environment hook '/home/sentry_ws/src/install/rm_interfaces/share/rm_interfaces/hook/cmake_prefix_path.ps1'
[17.927s] INFO:colcon.colcon_core.shell:Creating environment descriptor '/home/sentry_ws/src/install/rm_interfaces/share/rm_interfaces/hook/cmake_prefix_path.dsv'
[17.927s] INFO:colcon.colcon_core.shell:Creating environment hook '/home/sentry_ws/src/install/rm_interfaces/share/rm_interfaces/hook/cmake_prefix_path.sh'
[17.928s] Level 1:colcon.colcon_core.environment:checking '/home/sentry_ws/src/install/rm_interfaces/lib'
[17.928s] Level 1:colcon.colcon_core.shell:create_environment_hook('rm_interfaces', 'ld_library_path_lib')
[17.930s] INFO:colcon.colcon_core.shell:Creating environment hook '/home/sentry_ws/src/install/rm_interfaces/share/rm_interfaces/hook/ld_library_path_lib.ps1'
[17.931s] INFO:colcon.colcon_core.shell:Creating environment descriptor '/home/sentry_ws/src/install/rm_interfaces/share/rm_interfaces/hook/ld_library_path_lib.dsv'
[17.932s] INFO:colcon.colcon_core.shell:Creating environment hook '/home/sentry_ws/src/install/rm_interfaces/share/rm_interfaces/hook/ld_library_path_lib.sh'
[17.933s] Level 1:colcon.colcon_core.environment:checking '/home/sentry_ws/src/install/rm_interfaces/bin'
[17.933s] Level 1:colcon.colcon_core.environment:checking '/home/sentry_ws/src/install/rm_interfaces/lib/pkgconfig/rm_interfaces.pc'
[17.933s] Level 1:colcon.colcon_core.environment:checking '/home/sentry_ws/src/install/rm_interfaces/lib/python3.10/site-packages'
[17.934s] Level 1:colcon.colcon_core.environment:checking '/home/sentry_ws/src/install/rm_interfaces/bin'
[17.935s] INFO:colcon.colcon_core.shell:Creating package script '/home/sentry_ws/src/install/rm_interfaces/share/rm_interfaces/package.ps1'
[17.936s] INFO:colcon.colcon_core.shell:Creating package descriptor '/home/sentry_ws/src/install/rm_interfaces/share/rm_interfaces/package.dsv'
[17.937s] INFO:colcon.colcon_core.shell:Creating package script '/home/sentry_ws/src/install/rm_interfaces/share/rm_interfaces/package.sh'
[17.938s] INFO:colcon.colcon_core.shell:Creating package script '/home/sentry_ws/src/install/rm_interfaces/share/rm_interfaces/package.bash'
[17.939s] INFO:colcon.colcon_core.shell:Creating package script '/home/sentry_ws/src/install/rm_interfaces/share/rm_interfaces/package.zsh'
[17.940s] Level 1:colcon.colcon_core.environment:create_file_with_runtime_dependencies(/home/sentry_ws/src/install/rm_interfaces/share/colcon-core/packages/rm_interfaces)
[19.829s] DEBUG:colcon.colcon_core.event_handler.log_command:Invoked command in '/home/sentry_ws/src/build/sensor_scan_generation' returned '0': CMAKE_PREFIX_PATH=${CMAKE_PREFIX_PATH}:/home/sentry_ws/install/control_panel:/opt/ros/humble /usr/bin/cmake /home/sentry_ws/src/autonomous_exploration_development_environment/src/sensor_scan_generation -DCMAKE_INSTALL_PREFIX=/home/sentry_ws/src/install/sensor_scan_generation
[19.830s] DEBUG:colcon.colcon_core.event_handler.log_command:Invoking command in '/home/sentry_ws/src/build/sensor_scan_generation': CMAKE_PREFIX_PATH=${CMAKE_PREFIX_PATH}:/home/sentry_ws/install/control_panel:/opt/ros/humble /usr/bin/cmake --build /home/sentry_ws/src/build/sensor_scan_generation -- -j16 -l16
[19.864s] DEBUG:colcon.colcon_core.event_handler.log_command:Invoked command in '/home/sentry_ws/src/build/terrain_analysis' returned '0': CMAKE_PREFIX_PATH=${CMAKE_PREFIX_PATH}:/home/sentry_ws/install/control_panel:/opt/ros/humble /usr/bin/cmake /home/sentry_ws/src/autonomous_exploration_development_environment/src/terrain_analysis -DCMAKE_INSTALL_PREFIX=/home/sentry_ws/src/install/terrain_analysis
[19.865s] DEBUG:colcon.colcon_core.event_handler.log_command:Invoking command in '/home/sentry_ws/src/build/terrain_analysis': CMAKE_PREFIX_PATH=${CMAKE_PREFIX_PATH}:/home/sentry_ws/install/control_panel:/opt/ros/humble /usr/bin/cmake --build /home/sentry_ws/src/build/terrain_analysis -- -j16 -l16
[20.399s] DEBUG:colcon.colcon_core.event_handler.log_command:Invoked command in '/home/sentry_ws/src/build/terrain_analysis_ext' returned '0': CMAKE_PREFIX_PATH=${CMAKE_PREFIX_PATH}:/home/sentry_ws/install/control_panel:/opt/ros/humble /usr/bin/cmake /home/sentry_ws/src/autonomous_exploration_development_environment/src/terrain_analysis_ext -DCMAKE_INSTALL_PREFIX=/home/sentry_ws/src/install/terrain_analysis_ext
[20.400s] DEBUG:colcon.colcon_core.event_handler.log_command:Invoking command in '/home/sentry_ws/src/build/terrain_analysis_ext': CMAKE_PREFIX_PATH=${CMAKE_PREFIX_PATH}:/home/sentry_ws/install/control_panel:/opt/ros/humble /usr/bin/cmake --build /home/sentry_ws/src/build/terrain_analysis_ext -- -j16 -l16
[20.578s] DEBUG:colcon.colcon_core.event_handler.log_command:Invoked command in '/home/sentry_ws/src/build/livox_ros_driver2' returned '0': CMAKE_PREFIX_PATH=${CMAKE_PREFIX_PATH}:/home/sentry_ws/install/control_panel:/opt/ros/humble /usr/bin/cmake /home/sentry_ws/src/livox_ros_driver2 -DCMAKE_INSTALL_PREFIX=/home/sentry_ws/src/install/livox_ros_driver2
[20.579s] DEBUG:colcon.colcon_core.event_handler.log_command:Invoking command in '/home/sentry_ws/src/build/livox_ros_driver2': CMAKE_PREFIX_PATH=${CMAKE_PREFIX_PATH}:/home/sentry_ws/install/control_panel:/opt/ros/humble /usr/bin/cmake --build /home/sentry_ws/src/build/livox_ros_driver2 -- -j16 -l16
[35.921s] DEBUG:colcon.colcon_core.event_handler.log_command:Invoked command in '/home/sentry_ws/src/build/costmap_intensity' returned '0': CMAKE_PREFIX_PATH=${CMAKE_PREFIX_PATH}:/home/sentry_ws/install/control_panel:/opt/ros/humble /usr/bin/cmake --build /home/sentry_ws/src/build/costmap_intensity -- -j16 -l16
[35.975s] DEBUG:colcon.colcon_core.event_handler.log_command:Invoking command in '/home/sentry_ws/src/build/costmap_intensity': CMAKE_PREFIX_PATH=${CMAKE_PREFIX_PATH}:/home/sentry_ws/install/control_panel:/opt/ros/humble /usr/bin/cmake --install /home/sentry_ws/src/build/costmap_intensity
[36.020s] Level 1:colcon.colcon_core.environment:create_environment_scripts_only(costmap_intensity)
[36.023s] Level 1:colcon.colcon_core.environment:checking '/home/sentry_ws/src/install/costmap_intensity' for CMake module files
[36.023s] Level 1:colcon.colcon_core.environment:checking '/home/sentry_ws/src/install/costmap_intensity' for CMake config files
[36.024s] Level 1:colcon.colcon_core.shell:create_environment_hook('costmap_intensity', 'cmake_prefix_path')
[36.025s] INFO:colcon.colcon_core.shell:Creating environment hook '/home/sentry_ws/src/install/costmap_intensity/share/costmap_intensity/hook/cmake_prefix_path.ps1'
[36.026s] INFO:colcon.colcon_core.shell:Creating environment descriptor '/home/sentry_ws/src/install/costmap_intensity/share/costmap_intensity/hook/cmake_prefix_path.dsv'
[36.026s] INFO:colcon.colcon_core.shell:Creating environment hook '/home/sentry_ws/src/install/costmap_intensity/share/costmap_intensity/hook/cmake_prefix_path.sh'
[36.027s] Level 1:colcon.colcon_core.environment:checking '/home/sentry_ws/src/install/costmap_intensity/lib'
[36.027s] Level 1:colcon.colcon_core.shell:create_environment_hook('costmap_intensity', 'ld_library_path_lib')
[36.029s] INFO:colcon.colcon_core.shell:Creating environment hook '/home/sentry_ws/src/install/costmap_intensity/share/costmap_intensity/hook/ld_library_path_lib.ps1'
[36.029s] DEBUG:colcon.colcon_core.event_handler.log_command:Invoked command in '/home/sentry_ws/src/build/costmap_intensity' returned '0': CMAKE_PREFIX_PATH=${CMAKE_PREFIX_PATH}:/home/sentry_ws/install/control_panel:/opt/ros/humble /usr/bin/cmake --install /home/sentry_ws/src/build/costmap_intensity
[36.030s] INFO:colcon.colcon_core.shell:Creating environment descriptor '/home/sentry_ws/src/install/costmap_intensity/share/costmap_intensity/hook/ld_library_path_lib.dsv'
[36.031s] INFO:colcon.colcon_core.shell:Creating environment hook '/home/sentry_ws/src/install/costmap_intensity/share/costmap_intensity/hook/ld_library_path_lib.sh'
[36.031s] Level 1:colcon.colcon_core.environment:checking '/home/sentry_ws/src/install/costmap_intensity/bin'
[36.031s] Level 1:colcon.colcon_core.environment:checking '/home/sentry_ws/src/install/costmap_intensity/lib/pkgconfig/costmap_intensity.pc'
[36.031s] Level 1:colcon.colcon_core.environment:checking '/home/sentry_ws/src/install/costmap_intensity/lib/python3.10/site-packages'
[36.032s] Level 1:colcon.colcon_core.environment:checking '/home/sentry_ws/src/install/costmap_intensity/bin'
[36.034s] INFO:colcon.colcon_core.shell:Creating package script '/home/sentry_ws/src/install/costmap_intensity/share/costmap_intensity/package.ps1'
[36.034s] INFO:colcon.colcon_core.shell:Creating package descriptor '/home/sentry_ws/src/install/costmap_intensity/share/costmap_intensity/package.dsv'
[36.082s] INFO:colcon.colcon_core.shell:Creating package script '/home/sentry_ws/src/install/costmap_intensity/share/costmap_intensity/package.sh'
[36.083s] INFO:colcon.colcon_core.shell:Creating package script '/home/sentry_ws/src/install/costmap_intensity/share/costmap_intensity/package.bash'
[36.083s] INFO:colcon.colcon_core.shell:Creating package script '/home/sentry_ws/src/install/costmap_intensity/share/costmap_intensity/package.zsh'
[36.084s] Level 1:colcon.colcon_core.environment:create_file_with_runtime_dependencies(/home/sentry_ws/src/install/costmap_intensity/share/colcon-core/packages/costmap_intensity)
[36.148s] Level 1:colcon.colcon_core.environment:create_environment_scripts_only(costmap_intensity)
[36.151s] Level 1:colcon.colcon_core.environment:checking '/home/sentry_ws/src/install/costmap_intensity' for CMake module files
[36.154s] Level 1:colcon.colcon_core.environment:checking '/home/sentry_ws/src/install/costmap_intensity' for CMake config files
[36.154s] Level 1:colcon.colcon_core.shell:create_environment_hook('costmap_intensity', 'cmake_prefix_path')
[36.156s] INFO:colcon.colcon_core.shell:Creating environment hook '/home/sentry_ws/src/install/costmap_intensity/share/costmap_intensity/hook/cmake_prefix_path.ps1'
[36.176s] INFO:colcon.colcon_core.shell:Creating environment descriptor '/home/sentry_ws/src/install/costmap_intensity/share/costmap_intensity/hook/cmake_prefix_path.dsv'
[36.179s] INFO:colcon.colcon_core.shell:Creating environment hook '/home/sentry_ws/src/install/costmap_intensity/share/costmap_intensity/hook/cmake_prefix_path.sh'
[36.191s] Level 1:colcon.colcon_core.environment:checking '/home/sentry_ws/src/install/costmap_intensity/lib'
[36.191s] Level 1:colcon.colcon_core.shell:create_environment_hook('costmap_intensity', 'ld_library_path_lib')
[36.194s] INFO:colcon.colcon_core.shell:Creating environment hook '/home/sentry_ws/src/install/costmap_intensity/share/costmap_intensity/hook/ld_library_path_lib.ps1'
[36.199s] INFO:colcon.colcon_core.shell:Creating environment descriptor '/home/sentry_ws/src/install/costmap_intensity/share/costmap_intensity/hook/ld_library_path_lib.dsv'
[36.204s] INFO:colcon.colcon_core.shell:Creating environment hook '/home/sentry_ws/src/install/costmap_intensity/share/costmap_intensity/hook/ld_library_path_lib.sh'
[36.204s] Level 1:colcon.colcon_core.environment:checking '/home/sentry_ws/src/install/costmap_intensity/bin'
[36.204s] Level 1:colcon.colcon_core.environment:checking '/home/sentry_ws/src/install/costmap_intensity/lib/pkgconfig/costmap_intensity.pc'
[36.205s] Level 1:colcon.colcon_core.environment:checking '/home/sentry_ws/src/install/costmap_intensity/lib/python3.10/site-packages'
[36.205s] Level 1:colcon.colcon_core.environment:checking '/home/sentry_ws/src/install/costmap_intensity/bin'
[36.206s] INFO:colcon.colcon_core.shell:Creating package script '/home/sentry_ws/src/install/costmap_intensity/share/costmap_intensity/package.ps1'
[36.207s] INFO:colcon.colcon_core.shell:Creating package descriptor '/home/sentry_ws/src/install/costmap_intensity/share/costmap_intensity/package.dsv'
[36.208s] INFO:colcon.colcon_core.shell:Creating package script '/home/sentry_ws/src/install/costmap_intensity/share/costmap_intensity/package.sh'
[36.208s] INFO:colcon.colcon_core.shell:Creating package script '/home/sentry_ws/src/install/costmap_intensity/share/costmap_intensity/package.bash'
[36.209s] INFO:colcon.colcon_core.shell:Creating package script '/home/sentry_ws/src/install/costmap_intensity/share/costmap_intensity/package.zsh'
[36.209s] Level 1:colcon.colcon_core.environment:create_file_with_runtime_dependencies(/home/sentry_ws/src/install/costmap_intensity/share/colcon-core/packages/costmap_intensity)
[38.426s] DEBUG:colcon.colcon_core.event_handler.log_command:Invoked command in '/home/sentry_ws/src/build/velocity_smoother_ext' returned '0': CMAKE_PREFIX_PATH=${CMAKE_PREFIX_PATH}:/home/sentry_ws/install/control_panel:/opt/ros/humble /usr/bin/cmake --build /home/sentry_ws/src/build/velocity_smoother_ext -- -j16 -l16
[38.466s] DEBUG:colcon.colcon_core.event_handler.log_command:Invoking command in '/home/sentry_ws/src/build/velocity_smoother_ext': CMAKE_PREFIX_PATH=${CMAKE_PREFIX_PATH}:/home/sentry_ws/install/control_panel:/opt/ros/humble /usr/bin/cmake --install /home/sentry_ws/src/build/velocity_smoother_ext
[38.556s] Level 1:colcon.colcon_core.environment:create_environment_scripts_only(velocity_smoother_ext)
[38.558s] Level 1:colcon.colcon_core.environment:checking '/home/sentry_ws/src/install/velocity_smoother_ext' for CMake module files
[38.559s] DEBUG:colcon.colcon_core.event_handler.log_command:Invoked command in '/home/sentry_ws/src/build/velocity_smoother_ext' returned '0': CMAKE_PREFIX_PATH=${CMAKE_PREFIX_PATH}:/home/sentry_ws/install/control_panel:/opt/ros/humble /usr/bin/cmake --install /home/sentry_ws/src/build/velocity_smoother_ext
[38.560s] Level 1:colcon.colcon_core.environment:checking '/home/sentry_ws/src/install/velocity_smoother_ext' for CMake config files
[38.560s] Level 1:colcon.colcon_core.shell:create_environment_hook('velocity_smoother_ext', 'cmake_prefix_path')
[38.562s] INFO:colcon.colcon_core.shell:Creating environment hook '/home/sentry_ws/src/install/velocity_smoother_ext/share/velocity_smoother_ext/hook/cmake_prefix_path.ps1'
[38.563s] INFO:colcon.colcon_core.shell:Creating environment descriptor '/home/sentry_ws/src/install/velocity_smoother_ext/share/velocity_smoother_ext/hook/cmake_prefix_path.dsv'
[38.563s] INFO:colcon.colcon_core.shell:Creating environment hook '/home/sentry_ws/src/install/velocity_smoother_ext/share/velocity_smoother_ext/hook/cmake_prefix_path.sh'
[38.563s] Level 1:colcon.colcon_core.environment:checking '/home/sentry_ws/src/install/velocity_smoother_ext/lib'
[38.564s] Level 1:colcon.colcon_core.shell:create_environment_hook('velocity_smoother_ext', 'ld_library_path_lib')
[38.565s] INFO:colcon.colcon_core.shell:Creating environment hook '/home/sentry_ws/src/install/velocity_smoother_ext/share/velocity_smoother_ext/hook/ld_library_path_lib.ps1'
[38.577s] INFO:colcon.colcon_core.shell:Creating environment descriptor '/home/sentry_ws/src/install/velocity_smoother_ext/share/velocity_smoother_ext/hook/ld_library_path_lib.dsv'
[38.577s] INFO:colcon.colcon_core.shell:Creating environment hook '/home/sentry_ws/src/install/velocity_smoother_ext/share/velocity_smoother_ext/hook/ld_library_path_lib.sh'
[38.578s] Level 1:colcon.colcon_core.environment:checking '/home/sentry_ws/src/install/velocity_smoother_ext/bin'
[38.580s] Level 1:colcon.colcon_core.environment:checking '/home/sentry_ws/src/install/velocity_smoother_ext/lib/pkgconfig/velocity_smoother_ext.pc'
[38.581s] Level 1:colcon.colcon_core.environment:checking '/home/sentry_ws/src/install/velocity_smoother_ext/lib/python3.10/site-packages'
[38.581s] Level 1:colcon.colcon_core.environment:checking '/home/sentry_ws/src/install/velocity_smoother_ext/bin'
[38.583s] INFO:colcon.colcon_core.shell:Creating package script '/home/sentry_ws/src/install/velocity_smoother_ext/share/velocity_smoother_ext/package.ps1'
[38.584s] INFO:colcon.colcon_core.shell:Creating package descriptor '/home/sentry_ws/src/install/velocity_smoother_ext/share/velocity_smoother_ext/package.dsv'
[38.585s] INFO:colcon.colcon_core.shell:Creating package script '/home/sentry_ws/src/install/velocity_smoother_ext/share/velocity_smoother_ext/package.sh'
[38.586s] INFO:colcon.colcon_core.shell:Creating package script '/home/sentry_ws/src/install/velocity_smoother_ext/share/velocity_smoother_ext/package.bash'
[38.586s] INFO:colcon.colcon_core.shell:Creating package script '/home/sentry_ws/src/install/velocity_smoother_ext/share/velocity_smoother_ext/package.zsh'
[38.586s] Level 1:colcon.colcon_core.environment:create_file_with_runtime_dependencies(/home/sentry_ws/src/install/velocity_smoother_ext/share/colcon-core/packages/velocity_smoother_ext)
[38.642s] Level 1:colcon.colcon_core.environment:create_environment_scripts_only(velocity_smoother_ext)
[38.644s] Level 1:colcon.colcon_core.environment:checking '/home/sentry_ws/src/install/velocity_smoother_ext' for CMake module files
[38.645s] Level 1:colcon.colcon_core.environment:checking '/home/sentry_ws/src/install/velocity_smoother_ext' for CMake config files
[38.645s] Level 1:colcon.colcon_core.shell:create_environment_hook('velocity_smoother_ext', 'cmake_prefix_path')
[38.647s] INFO:colcon.colcon_core.shell:Creating environment hook '/home/sentry_ws/src/install/velocity_smoother_ext/share/velocity_smoother_ext/hook/cmake_prefix_path.ps1'
[38.682s] INFO:colcon.colcon_core.shell:Creating environment descriptor '/home/sentry_ws/src/install/velocity_smoother_ext/share/velocity_smoother_ext/hook/cmake_prefix_path.dsv'
[38.682s] INFO:colcon.colcon_core.shell:Creating environment hook '/home/sentry_ws/src/install/velocity_smoother_ext/share/velocity_smoother_ext/hook/cmake_prefix_path.sh'
[38.683s] Level 1:colcon.colcon_core.environment:checking '/home/sentry_ws/src/install/velocity_smoother_ext/lib'
[38.683s] Level 1:colcon.colcon_core.shell:create_environment_hook('velocity_smoother_ext', 'ld_library_path_lib')
[38.685s] INFO:colcon.colcon_core.shell:Creating environment hook '/home/sentry_ws/src/install/velocity_smoother_ext/share/velocity_smoother_ext/hook/ld_library_path_lib.ps1'
[38.686s] INFO:colcon.colcon_core.shell:Creating environment descriptor '/home/sentry_ws/src/install/velocity_smoother_ext/share/velocity_smoother_ext/hook/ld_library_path_lib.dsv'
[38.686s] INFO:colcon.colcon_core.shell:Creating environment hook '/home/sentry_ws/src/install/velocity_smoother_ext/share/velocity_smoother_ext/hook/ld_library_path_lib.sh'
[38.687s] Level 1:colcon.colcon_core.environment:checking '/home/sentry_ws/src/install/velocity_smoother_ext/bin'
[38.687s] Level 1:colcon.colcon_core.environment:checking '/home/sentry_ws/src/install/velocity_smoother_ext/lib/pkgconfig/velocity_smoother_ext.pc'
[38.687s] Level 1:colcon.colcon_core.environment:checking '/home/sentry_ws/src/install/velocity_smoother_ext/lib/python3.10/site-packages'
[38.687s] Level 1:colcon.colcon_core.environment:checking '/home/sentry_ws/src/install/velocity_smoother_ext/bin'
[38.689s] INFO:colcon.colcon_core.shell:Creating package script '/home/sentry_ws/src/install/velocity_smoother_ext/share/velocity_smoother_ext/package.ps1'
[38.690s] INFO:colcon.colcon_core.shell:Creating package descriptor '/home/sentry_ws/src/install/velocity_smoother_ext/share/velocity_smoother_ext/package.dsv'
[38.690s] INFO:colcon.colcon_core.shell:Creating package script '/home/sentry_ws/src/install/velocity_smoother_ext/share/velocity_smoother_ext/package.sh'
[38.691s] INFO:colcon.colcon_core.shell:Creating package script '/home/sentry_ws/src/install/velocity_smoother_ext/share/velocity_smoother_ext/package.bash'
[38.691s] INFO:colcon.colcon_core.shell:Creating package script '/home/sentry_ws/src/install/velocity_smoother_ext/share/velocity_smoother_ext/package.zsh'
[38.692s] Level 1:colcon.colcon_core.environment:create_file_with_runtime_dependencies(/home/sentry_ws/src/install/velocity_smoother_ext/share/colcon-core/packages/velocity_smoother_ext)
[40.587s] DEBUG:colcon.colcon_core.event_handler.log_command:Invoked command in '/home/sentry_ws/src/build/behavior_ext_plugins' returned '0': CMAKE_PREFIX_PATH=${CMAKE_PREFIX_PATH}:/home/sentry_ws/install/control_panel:/opt/ros/humble /usr/bin/cmake /home/sentry_ws/src/nav2_plugins/behavior_ext_plugins -DCMAKE_INSTALL_PREFIX=/home/sentry_ws/src/install/behavior_ext_plugins
[40.587s] DEBUG:colcon.colcon_core.event_handler.log_command:Invoking command in '/home/sentry_ws/src/build/behavior_ext_plugins': CMAKE_PREFIX_PATH=${CMAKE_PREFIX_PATH}:/home/sentry_ws/install/control_panel:/opt/ros/humble /usr/bin/cmake --build /home/sentry_ws/src/build/behavior_ext_plugins -- -j16 -l16
[50.792s] DEBUG:colcon.colcon_core.event_handler.log_command:Invoked command in '/home/sentry_ws/src/build/behavior_ext_plugins' returned '0': CMAKE_PREFIX_PATH=${CMAKE_PREFIX_PATH}:/home/sentry_ws/install/control_panel:/opt/ros/humble /usr/bin/cmake --build /home/sentry_ws/src/build/behavior_ext_plugins -- -j16 -l16
[50.896s] DEBUG:colcon.colcon_core.event_handler.log_command:Invoking command in '/home/sentry_ws/src/build/behavior_ext_plugins': CMAKE_PREFIX_PATH=${CMAKE_PREFIX_PATH}:/home/sentry_ws/install/control_panel:/opt/ros/humble /usr/bin/cmake --install /home/sentry_ws/src/build/behavior_ext_plugins
[51.285s] Level 1:colcon.colcon_core.environment:create_environment_scripts_only(behavior_ext_plugins)
[51.288s] Level 1:colcon.colcon_core.environment:checking '/home/sentry_ws/src/install/behavior_ext_plugins' for CMake module files
[51.289s] DEBUG:colcon.colcon_core.event_handler.log_command:Invoked command in '/home/sentry_ws/src/build/behavior_ext_plugins' returned '0': CMAKE_PREFIX_PATH=${CMAKE_PREFIX_PATH}:/home/sentry_ws/install/control_panel:/opt/ros/humble /usr/bin/cmake --install /home/sentry_ws/src/build/behavior_ext_plugins
[51.289s] Level 1:colcon.colcon_core.environment:checking '/home/sentry_ws/src/install/behavior_ext_plugins' for CMake config files
[51.289s] Level 1:colcon.colcon_core.shell:create_environment_hook('behavior_ext_plugins', 'cmake_prefix_path')
[51.290s] INFO:colcon.colcon_core.shell:Creating environment hook '/home/sentry_ws/src/install/behavior_ext_plugins/share/behavior_ext_plugins/hook/cmake_prefix_path.ps1'
[51.291s] INFO:colcon.colcon_core.shell:Creating environment descriptor '/home/sentry_ws/src/install/behavior_ext_plugins/share/behavior_ext_plugins/hook/cmake_prefix_path.dsv'
[51.321s] INFO:colcon.colcon_core.shell:Creating environment hook '/home/sentry_ws/src/install/behavior_ext_plugins/share/behavior_ext_plugins/hook/cmake_prefix_path.sh'
[51.322s] Level 1:colcon.colcon_core.environment:checking '/home/sentry_ws/src/install/behavior_ext_plugins/lib'
[51.322s] Level 1:colcon.colcon_core.shell:create_environment_hook('behavior_ext_plugins', 'ld_library_path_lib')
[51.324s] INFO:colcon.colcon_core.shell:Creating environment hook '/home/sentry_ws/src/install/behavior_ext_plugins/share/behavior_ext_plugins/hook/ld_library_path_lib.ps1'
[51.324s] INFO:colcon.colcon_core.shell:Creating environment descriptor '/home/sentry_ws/src/install/behavior_ext_plugins/share/behavior_ext_plugins/hook/ld_library_path_lib.dsv'
[51.325s] INFO:colcon.colcon_core.shell:Creating environment hook '/home/sentry_ws/src/install/behavior_ext_plugins/share/behavior_ext_plugins/hook/ld_library_path_lib.sh'
[51.325s] Level 1:colcon.colcon_core.environment:checking '/home/sentry_ws/src/install/behavior_ext_plugins/bin'
[51.325s] Level 1:colcon.colcon_core.environment:checking '/home/sentry_ws/src/install/behavior_ext_plugins/lib/pkgconfig/behavior_ext_plugins.pc'
[51.326s] Level 1:colcon.colcon_core.environment:checking '/home/sentry_ws/src/install/behavior_ext_plugins/lib/python3.10/site-packages'
[51.326s] Level 1:colcon.colcon_core.environment:checking '/home/sentry_ws/src/install/behavior_ext_plugins/bin'
[51.328s] INFO:colcon.colcon_core.shell:Creating package script '/home/sentry_ws/src/install/behavior_ext_plugins/share/behavior_ext_plugins/package.ps1'
[51.329s] INFO:colcon.colcon_core.shell:Creating package descriptor '/home/sentry_ws/src/install/behavior_ext_plugins/share/behavior_ext_plugins/package.dsv'
[51.348s] INFO:colcon.colcon_core.shell:Creating package script '/home/sentry_ws/src/install/behavior_ext_plugins/share/behavior_ext_plugins/package.sh'
[51.349s] INFO:colcon.colcon_core.shell:Creating package script '/home/sentry_ws/src/install/behavior_ext_plugins/share/behavior_ext_plugins/package.bash'
[51.350s] INFO:colcon.colcon_core.shell:Creating package script '/home/sentry_ws/src/install/behavior_ext_plugins/share/behavior_ext_plugins/package.zsh'
[51.351s] Level 1:colcon.colcon_core.environment:create_file_with_runtime_dependencies(/home/sentry_ws/src/install/behavior_ext_plugins/share/colcon-core/packages/behavior_ext_plugins)
[51.397s] Level 1:colcon.colcon_core.environment:create_environment_scripts_only(behavior_ext_plugins)
[51.401s] Level 1:colcon.colcon_core.environment:checking '/home/sentry_ws/src/install/behavior_ext_plugins' for CMake module files
[51.402s] Level 1:colcon.colcon_core.environment:checking '/home/sentry_ws/src/install/behavior_ext_plugins' for CMake config files
[51.402s] Level 1:colcon.colcon_core.shell:create_environment_hook('behavior_ext_plugins', 'cmake_prefix_path')
[51.404s] INFO:colcon.colcon_core.shell:Creating environment hook '/home/sentry_ws/src/install/behavior_ext_plugins/share/behavior_ext_plugins/hook/cmake_prefix_path.ps1'
[51.446s] INFO:colcon.colcon_core.shell:Creating environment descriptor '/home/sentry_ws/src/install/behavior_ext_plugins/share/behavior_ext_plugins/hook/cmake_prefix_path.dsv'
[51.466s] INFO:colcon.colcon_core.shell:Creating environment hook '/home/sentry_ws/src/install/behavior_ext_plugins/share/behavior_ext_plugins/hook/cmake_prefix_path.sh'
[51.643s] Level 1:colcon.colcon_core.environment:checking '/home/sentry_ws/src/install/behavior_ext_plugins/lib'
[51.643s] Level 1:colcon.colcon_core.shell:create_environment_hook('behavior_ext_plugins', 'ld_library_path_lib')
[51.645s] INFO:colcon.colcon_core.shell:Creating environment hook '/home/sentry_ws/src/install/behavior_ext_plugins/share/behavior_ext_plugins/hook/ld_library_path_lib.ps1'
[51.737s] INFO:colcon.colcon_core.shell:Creating environment descriptor '/home/sentry_ws/src/install/behavior_ext_plugins/share/behavior_ext_plugins/hook/ld_library_path_lib.dsv'
[51.825s] INFO:colcon.colcon_core.shell:Creating environment hook '/home/sentry_ws/src/install/behavior_ext_plugins/share/behavior_ext_plugins/hook/ld_library_path_lib.sh'
[52.042s] Level 1:colcon.colcon_core.environment:checking '/home/sentry_ws/src/install/behavior_ext_plugins/bin'
[52.042s] Level 1:colcon.colcon_core.environment:checking '/home/sentry_ws/src/install/behavior_ext_plugins/lib/pkgconfig/behavior_ext_plugins.pc'
[52.043s] Level 1:colcon.colcon_core.environment:checking '/home/sentry_ws/src/install/behavior_ext_plugins/lib/python3.10/site-packages'
[52.043s] Level 1:colcon.colcon_core.environment:checking '/home/sentry_ws/src/install/behavior_ext_plugins/bin'
[52.045s] INFO:colcon.colcon_core.shell:Creating package script '/home/sentry_ws/src/install/behavior_ext_plugins/share/behavior_ext_plugins/package.ps1'
[52.051s] INFO:colcon.colcon_core.shell:Creating package descriptor '/home/sentry_ws/src/install/behavior_ext_plugins/share/behavior_ext_plugins/package.dsv'
[52.103s] INFO:colcon.colcon_core.shell:Creating package script '/home/sentry_ws/src/install/behavior_ext_plugins/share/behavior_ext_plugins/package.sh'
[52.178s] INFO:colcon.colcon_core.shell:Creating package script '/home/sentry_ws/src/install/behavior_ext_plugins/share/behavior_ext_plugins/package.bash'
[52.179s] INFO:colcon.colcon_core.shell:Creating package script '/home/sentry_ws/src/install/behavior_ext_plugins/share/behavior_ext_plugins/package.zsh'
[52.179s] Level 1:colcon.colcon_core.environment:create_file_with_runtime_dependencies(/home/sentry_ws/src/install/behavior_ext_plugins/share/colcon-core/packages/behavior_ext_plugins)
[55.901s] DEBUG:colcon.colcon_core.event_handler.log_command:Invoked command in '/home/sentry_ws/src/build/sensor_scan_generation' returned '0': CMAKE_PREFIX_PATH=${CMAKE_PREFIX_PATH}:/home/sentry_ws/install/control_panel:/opt/ros/humble /usr/bin/cmake --build /home/sentry_ws/src/build/sensor_scan_generation -- -j16 -l16
[55.943s] DEBUG:colcon.colcon_core.event_handler.log_command:Invoking command in '/home/sentry_ws/src/build/sensor_scan_generation': CMAKE_PREFIX_PATH=${CMAKE_PREFIX_PATH}:/home/sentry_ws/install/control_panel:/opt/ros/humble /usr/bin/cmake --install /home/sentry_ws/src/build/sensor_scan_generation
[56.453s] DEBUG:colcon.colcon_core.event_handler.log_command:Invoked command in '/home/sentry_ws/src/build/terrain_analysis' returned '0': CMAKE_PREFIX_PATH=${CMAKE_PREFIX_PATH}:/home/sentry_ws/install/control_panel:/opt/ros/humble /usr/bin/cmake --build /home/sentry_ws/src/build/terrain_analysis -- -j16 -l16
[56.570s] DEBUG:colcon.colcon_core.event_handler.log_command:Invoking command in '/home/sentry_ws/src/build/terrain_analysis': CMAKE_PREFIX_PATH=${CMAKE_PREFIX_PATH}:/home/sentry_ws/install/control_panel:/opt/ros/humble /usr/bin/cmake --install /home/sentry_ws/src/build/terrain_analysis
[56.684s] Level 1:colcon.colcon_core.environment:create_environment_scripts_only(sensor_scan_generation)
[56.686s] Level 1:colcon.colcon_core.environment:checking '/home/sentry_ws/src/install/sensor_scan_generation' for CMake module files
[56.687s] DEBUG:colcon.colcon_core.event_handler.log_command:Invoked command in '/home/sentry_ws/src/build/sensor_scan_generation' returned '0': CMAKE_PREFIX_PATH=${CMAKE_PREFIX_PATH}:/home/sentry_ws/install/control_panel:/opt/ros/humble /usr/bin/cmake --install /home/sentry_ws/src/build/sensor_scan_generation
[56.688s] Level 1:colcon.colcon_core.environment:checking '/home/sentry_ws/src/install/sensor_scan_generation' for CMake config files
[56.688s] Level 1:colcon.colcon_core.shell:create_environment_hook('sensor_scan_generation', 'cmake_prefix_path')
[56.690s] INFO:colcon.colcon_core.shell:Creating environment hook '/home/sentry_ws/src/install/sensor_scan_generation/share/sensor_scan_generation/hook/cmake_prefix_path.ps1'
[56.691s] INFO:colcon.colcon_core.shell:Creating environment descriptor '/home/sentry_ws/src/install/sensor_scan_generation/share/sensor_scan_generation/hook/cmake_prefix_path.dsv'
[56.691s] INFO:colcon.colcon_core.shell:Creating environment hook '/home/sentry_ws/src/install/sensor_scan_generation/share/sensor_scan_generation/hook/cmake_prefix_path.sh'
[56.692s] Level 1:colcon.colcon_core.environment:checking '/home/sentry_ws/src/install/sensor_scan_generation/lib'
[56.692s] Level 1:colcon.colcon_core.environment:checking '/home/sentry_ws/src/install/sensor_scan_generation/bin'
[56.692s] Level 1:colcon.colcon_core.environment:checking '/home/sentry_ws/src/install/sensor_scan_generation/lib/pkgconfig/sensor_scan_generation.pc'
[56.692s] Level 1:colcon.colcon_core.environment:checking '/home/sentry_ws/src/install/sensor_scan_generation/lib/python3.10/site-packages'
[56.692s] Level 1:colcon.colcon_core.environment:checking '/home/sentry_ws/src/install/sensor_scan_generation/bin'
[56.693s] INFO:colcon.colcon_core.shell:Creating package script '/home/sentry_ws/src/install/sensor_scan_generation/share/sensor_scan_generation/package.ps1'
[56.694s] INFO:colcon.colcon_core.shell:Creating package descriptor '/home/sentry_ws/src/install/sensor_scan_generation/share/sensor_scan_generation/package.dsv'
[56.772s] INFO:colcon.colcon_core.shell:Creating package script '/home/sentry_ws/src/install/sensor_scan_generation/share/sensor_scan_generation/package.sh'
[56.773s] INFO:colcon.colcon_core.shell:Creating package script '/home/sentry_ws/src/install/sensor_scan_generation/share/sensor_scan_generation/package.bash'
[56.774s] INFO:colcon.colcon_core.shell:Creating package script '/home/sentry_ws/src/install/sensor_scan_generation/share/sensor_scan_generation/package.zsh'
[56.774s] Level 1:colcon.colcon_core.environment:create_file_with_runtime_dependencies(/home/sentry_ws/src/install/sensor_scan_generation/share/colcon-core/packages/sensor_scan_generation)
[56.835s] Level 1:colcon.colcon_core.environment:create_environment_scripts_only(sensor_scan_generation)
[56.837s] Level 1:colcon.colcon_core.environment:checking '/home/sentry_ws/src/install/sensor_scan_generation' for CMake module files
[56.837s] Level 1:colcon.colcon_core.environment:checking '/home/sentry_ws/src/install/sensor_scan_generation' for CMake config files
[56.837s] Level 1:colcon.colcon_core.shell:create_environment_hook('sensor_scan_generation', 'cmake_prefix_path')
[56.838s] INFO:colcon.colcon_core.shell:Creating environment hook '/home/sentry_ws/src/install/sensor_scan_generation/share/sensor_scan_generation/hook/cmake_prefix_path.ps1'
[56.866s] INFO:colcon.colcon_core.shell:Creating environment descriptor '/home/sentry_ws/src/install/sensor_scan_generation/share/sensor_scan_generation/hook/cmake_prefix_path.dsv'
[56.867s] INFO:colcon.colcon_core.shell:Creating environment hook '/home/sentry_ws/src/install/sensor_scan_generation/share/sensor_scan_generation/hook/cmake_prefix_path.sh'
[56.868s] Level 1:colcon.colcon_core.environment:checking '/home/sentry_ws/src/install/sensor_scan_generation/lib'
[56.869s] Level 1:colcon.colcon_core.environment:checking '/home/sentry_ws/src/install/sensor_scan_generation/bin'
[56.869s] Level 1:colcon.colcon_core.environment:checking '/home/sentry_ws/src/install/sensor_scan_generation/lib/pkgconfig/sensor_scan_generation.pc'
[56.869s] Level 1:colcon.colcon_core.environment:checking '/home/sentry_ws/src/install/sensor_scan_generation/lib/python3.10/site-packages'
[56.869s] Level 1:colcon.colcon_core.environment:checking '/home/sentry_ws/src/install/sensor_scan_generation/bin'
[56.871s] INFO:colcon.colcon_core.shell:Creating package script '/home/sentry_ws/src/install/sensor_scan_generation/share/sensor_scan_generation/package.ps1'
[56.873s] INFO:colcon.colcon_core.shell:Creating package descriptor '/home/sentry_ws/src/install/sensor_scan_generation/share/sensor_scan_generation/package.dsv'
[56.873s] INFO:colcon.colcon_core.shell:Creating package script '/home/sentry_ws/src/install/sensor_scan_generation/share/sensor_scan_generation/package.sh'
[56.893s] INFO:colcon.colcon_core.shell:Creating package script '/home/sentry_ws/src/install/sensor_scan_generation/share/sensor_scan_generation/package.bash'
[56.895s] INFO:colcon.colcon_core.shell:Creating package script '/home/sentry_ws/src/install/sensor_scan_generation/share/sensor_scan_generation/package.zsh'
[56.896s] Level 1:colcon.colcon_core.environment:create_file_with_runtime_dependencies(/home/sentry_ws/src/install/sensor_scan_generation/share/colcon-core/packages/sensor_scan_generation)
[57.342s] Level 1:colcon.colcon_core.environment:create_environment_scripts_only(terrain_analysis)
[57.345s] Level 1:colcon.colcon_core.environment:checking '/home/sentry_ws/src/install/terrain_analysis' for CMake module files
[57.345s] DEBUG:colcon.colcon_core.event_handler.log_command:Invoked command in '/home/sentry_ws/src/build/terrain_analysis' returned '0': CMAKE_PREFIX_PATH=${CMAKE_PREFIX_PATH}:/home/sentry_ws/install/control_panel:/opt/ros/humble /usr/bin/cmake --install /home/sentry_ws/src/build/terrain_analysis
[57.346s] Level 1:colcon.colcon_core.environment:checking '/home/sentry_ws/src/install/terrain_analysis' for CMake config files
[57.346s] Level 1:colcon.colcon_core.shell:create_environment_hook('terrain_analysis', 'cmake_prefix_path')
[57.348s] INFO:colcon.colcon_core.shell:Creating environment hook '/home/sentry_ws/src/install/terrain_analysis/share/terrain_analysis/hook/cmake_prefix_path.ps1'
[57.349s] INFO:colcon.colcon_core.shell:Creating environment descriptor '/home/sentry_ws/src/install/terrain_analysis/share/terrain_analysis/hook/cmake_prefix_path.dsv'
[57.349s] INFO:colcon.colcon_core.shell:Creating environment hook '/home/sentry_ws/src/install/terrain_analysis/share/terrain_analysis/hook/cmake_prefix_path.sh'
[57.350s] Level 1:colcon.colcon_core.environment:checking '/home/sentry_ws/src/install/terrain_analysis/lib'
[57.350s] Level 1:colcon.colcon_core.environment:checking '/home/sentry_ws/src/install/terrain_analysis/bin'
[57.350s] Level 1:colcon.colcon_core.environment:checking '/home/sentry_ws/src/install/terrain_analysis/lib/pkgconfig/terrain_analysis.pc'
[57.350s] Level 1:colcon.colcon_core.environment:checking '/home/sentry_ws/src/install/terrain_analysis/lib/python3.10/site-packages'
[57.351s] Level 1:colcon.colcon_core.environment:checking '/home/sentry_ws/src/install/terrain_analysis/bin'
[57.353s] INFO:colcon.colcon_core.shell:Creating package script '/home/sentry_ws/src/install/terrain_analysis/share/terrain_analysis/package.ps1'
[57.353s] INFO:colcon.colcon_core.shell:Creating package descriptor '/home/sentry_ws/src/install/terrain_analysis/share/terrain_analysis/package.dsv'
[57.384s] INFO:colcon.colcon_core.shell:Creating package script '/home/sentry_ws/src/install/terrain_analysis/share/terrain_analysis/package.sh'
[57.385s] INFO:colcon.colcon_core.shell:Creating package script '/home/sentry_ws/src/install/terrain_analysis/share/terrain_analysis/package.bash'
[57.385s] INFO:colcon.colcon_core.shell:Creating package script '/home/sentry_ws/src/install/terrain_analysis/share/terrain_analysis/package.zsh'
[57.386s] Level 1:colcon.colcon_core.environment:create_file_with_runtime_dependencies(/home/sentry_ws/src/install/terrain_analysis/share/colcon-core/packages/terrain_analysis)
[57.449s] Level 1:colcon.colcon_core.environment:create_environment_scripts_only(terrain_analysis)
[57.453s] Level 1:colcon.colcon_core.environment:checking '/home/sentry_ws/src/install/terrain_analysis' for CMake module files
[57.454s] Level 1:colcon.colcon_core.environment:checking '/home/sentry_ws/src/install/terrain_analysis' for CMake config files
[57.454s] Level 1:colcon.colcon_core.shell:create_environment_hook('terrain_analysis', 'cmake_prefix_path')
[57.455s] INFO:colcon.colcon_core.shell:Creating environment hook '/home/sentry_ws/src/install/terrain_analysis/share/terrain_analysis/hook/cmake_prefix_path.ps1'
[57.472s] INFO:colcon.colcon_core.shell:Creating environment descriptor '/home/sentry_ws/src/install/terrain_analysis/share/terrain_analysis/hook/cmake_prefix_path.dsv'
[57.473s] INFO:colcon.colcon_core.shell:Creating environment hook '/home/sentry_ws/src/install/terrain_analysis/share/terrain_analysis/hook/cmake_prefix_path.sh'
[57.474s] Level 1:colcon.colcon_core.environment:checking '/home/sentry_ws/src/install/terrain_analysis/lib'
[57.474s] Level 1:colcon.colcon_core.environment:checking '/home/sentry_ws/src/install/terrain_analysis/bin'
[57.474s] Level 1:colcon.colcon_core.environment:checking '/home/sentry_ws/src/install/terrain_analysis/lib/pkgconfig/terrain_analysis.pc'
[57.474s] Level 1:colcon.colcon_core.environment:checking '/home/sentry_ws/src/install/terrain_analysis/lib/python3.10/site-packages'
[57.474s] Level 1:colcon.colcon_core.environment:checking '/home/sentry_ws/src/install/terrain_analysis/bin'
[57.476s] INFO:colcon.colcon_core.shell:Creating package script '/home/sentry_ws/src/install/terrain_analysis/share/terrain_analysis/package.ps1'
[57.497s] INFO:colcon.colcon_core.shell:Creating package descriptor '/home/sentry_ws/src/install/terrain_analysis/share/terrain_analysis/package.dsv'
[57.498s] INFO:colcon.colcon_core.shell:Creating package script '/home/sentry_ws/src/install/terrain_analysis/share/terrain_analysis/package.sh'
[57.498s] INFO:colcon.colcon_core.shell:Creating package script '/home/sentry_ws/src/install/terrain_analysis/share/terrain_analysis/package.bash'
[57.499s] INFO:colcon.colcon_core.shell:Creating package script '/home/sentry_ws/src/install/terrain_analysis/share/terrain_analysis/package.zsh'
[57.499s] Level 1:colcon.colcon_core.environment:create_file_with_runtime_dependencies(/home/sentry_ws/src/install/terrain_analysis/share/colcon-core/packages/terrain_analysis)
[60.280s] DEBUG:colcon.colcon_core.event_handler.log_command:Invoked command in '/home/sentry_ws/src/build/terrain_analysis_ext' returned '0': CMAKE_PREFIX_PATH=${CMAKE_PREFIX_PATH}:/home/sentry_ws/install/control_panel:/opt/ros/humble /usr/bin/cmake --build /home/sentry_ws/src/build/terrain_analysis_ext -- -j16 -l16
[60.348s] DEBUG:colcon.colcon_core.event_handler.log_command:Invoking command in '/home/sentry_ws/src/build/terrain_analysis_ext': CMAKE_PREFIX_PATH=${CMAKE_PREFIX_PATH}:/home/sentry_ws/install/control_panel:/opt/ros/humble /usr/bin/cmake --install /home/sentry_ws/src/build/terrain_analysis_ext
[61.225s] Level 1:colcon.colcon_core.environment:create_environment_scripts_only(terrain_analysis_ext)
[61.227s] Level 1:colcon.colcon_core.environment:checking '/home/sentry_ws/src/install/terrain_analysis_ext' for CMake module files
[61.228s] DEBUG:colcon.colcon_core.event_handler.log_command:Invoked command in '/home/sentry_ws/src/build/terrain_analysis_ext' returned '0': CMAKE_PREFIX_PATH=${CMAKE_PREFIX_PATH}:/home/sentry_ws/install/control_panel:/opt/ros/humble /usr/bin/cmake --install /home/sentry_ws/src/build/terrain_analysis_ext
[61.228s] Level 1:colcon.colcon_core.environment:checking '/home/sentry_ws/src/install/terrain_analysis_ext' for CMake config files
[61.229s] Level 1:colcon.colcon_core.shell:create_environment_hook('terrain_analysis_ext', 'cmake_prefix_path')
[61.229s] INFO:colcon.colcon_core.shell:Creating environment hook '/home/sentry_ws/src/install/terrain_analysis_ext/share/terrain_analysis_ext/hook/cmake_prefix_path.ps1'
[61.230s] INFO:colcon.colcon_core.shell:Creating environment descriptor '/home/sentry_ws/src/install/terrain_analysis_ext/share/terrain_analysis_ext/hook/cmake_prefix_path.dsv'
[61.230s] INFO:colcon.colcon_core.shell:Creating environment hook '/home/sentry_ws/src/install/terrain_analysis_ext/share/terrain_analysis_ext/hook/cmake_prefix_path.sh'
[61.230s] Level 1:colcon.colcon_core.environment:checking '/home/sentry_ws/src/install/terrain_analysis_ext/lib'
[61.230s] Level 1:colcon.colcon_core.environment:checking '/home/sentry_ws/src/install/terrain_analysis_ext/bin'
[61.231s] Level 1:colcon.colcon_core.environment:checking '/home/sentry_ws/src/install/terrain_analysis_ext/lib/pkgconfig/terrain_analysis_ext.pc'
[61.231s] Level 1:colcon.colcon_core.environment:checking '/home/sentry_ws/src/install/terrain_analysis_ext/lib/python3.10/site-packages'
[61.231s] Level 1:colcon.colcon_core.environment:checking '/home/sentry_ws/src/install/terrain_analysis_ext/bin'
[61.232s] INFO:colcon.colcon_core.shell:Creating package script '/home/sentry_ws/src/install/terrain_analysis_ext/share/terrain_analysis_ext/package.ps1'
[61.232s] INFO:colcon.colcon_core.shell:Creating package descriptor '/home/sentry_ws/src/install/terrain_analysis_ext/share/terrain_analysis_ext/package.dsv'
[61.232s] INFO:colcon.colcon_core.shell:Creating package script '/home/sentry_ws/src/install/terrain_analysis_ext/share/terrain_analysis_ext/package.sh'
[61.233s] INFO:colcon.colcon_core.shell:Creating package script '/home/sentry_ws/src/install/terrain_analysis_ext/share/terrain_analysis_ext/package.bash'
[61.233s] INFO:colcon.colcon_core.shell:Creating package script '/home/sentry_ws/src/install/terrain_analysis_ext/share/terrain_analysis_ext/package.zsh'
[61.233s] Level 1:colcon.colcon_core.environment:create_file_with_runtime_dependencies(/home/sentry_ws/src/install/terrain_analysis_ext/share/colcon-core/packages/terrain_analysis_ext)
[61.305s] Level 1:colcon.colcon_core.environment:create_environment_scripts_only(terrain_analysis_ext)
[61.307s] Level 1:colcon.colcon_core.environment:checking '/home/sentry_ws/src/install/terrain_analysis_ext' for CMake module files
[61.307s] Level 1:colcon.colcon_core.environment:checking '/home/sentry_ws/src/install/terrain_analysis_ext' for CMake config files
[61.307s] Level 1:colcon.colcon_core.shell:create_environment_hook('terrain_analysis_ext', 'cmake_prefix_path')
[61.308s] INFO:colcon.colcon_core.shell:Creating environment hook '/home/sentry_ws/src/install/terrain_analysis_ext/share/terrain_analysis_ext/hook/cmake_prefix_path.ps1'
[61.309s] INFO:colcon.colcon_core.shell:Creating environment descriptor '/home/sentry_ws/src/install/terrain_analysis_ext/share/terrain_analysis_ext/hook/cmake_prefix_path.dsv'
[61.309s] INFO:colcon.colcon_core.shell:Creating environment hook '/home/sentry_ws/src/install/terrain_analysis_ext/share/terrain_analysis_ext/hook/cmake_prefix_path.sh'
[61.309s] Level 1:colcon.colcon_core.environment:checking '/home/sentry_ws/src/install/terrain_analysis_ext/lib'
[61.309s] Level 1:colcon.colcon_core.environment:checking '/home/sentry_ws/src/install/terrain_analysis_ext/bin'
[61.309s] Level 1:colcon.colcon_core.environment:checking '/home/sentry_ws/src/install/terrain_analysis_ext/lib/pkgconfig/terrain_analysis_ext.pc'
[61.309s] Level 1:colcon.colcon_core.environment:checking '/home/sentry_ws/src/install/terrain_analysis_ext/lib/python3.10/site-packages'
[61.309s] Level 1:colcon.colcon_core.environment:checking '/home/sentry_ws/src/install/terrain_analysis_ext/bin'
[61.310s] INFO:colcon.colcon_core.shell:Creating package script '/home/sentry_ws/src/install/terrain_analysis_ext/share/terrain_analysis_ext/package.ps1'
[61.311s] INFO:colcon.colcon_core.shell:Creating package descriptor '/home/sentry_ws/src/install/terrain_analysis_ext/share/terrain_analysis_ext/package.dsv'
[61.311s] INFO:colcon.colcon_core.shell:Creating package script '/home/sentry_ws/src/install/terrain_analysis_ext/share/terrain_analysis_ext/package.sh'
[61.311s] INFO:colcon.colcon_core.shell:Creating package script '/home/sentry_ws/src/install/terrain_analysis_ext/share/terrain_analysis_ext/package.bash'
[61.312s] INFO:colcon.colcon_core.shell:Creating package script '/home/sentry_ws/src/install/terrain_analysis_ext/share/terrain_analysis_ext/package.zsh'
[61.312s] Level 1:colcon.colcon_core.environment:create_file_with_runtime_dependencies(/home/sentry_ws/src/install/terrain_analysis_ext/share/colcon-core/packages/terrain_analysis_ext)
[69.974s] DEBUG:colcon.colcon_core.event_handler.log_command:Invoked command in '/home/sentry_ws/src/build/livox_ros_driver2' returned '0': CMAKE_PREFIX_PATH=${CMAKE_PREFIX_PATH}:/home/sentry_ws/install/control_panel:/opt/ros/humble /usr/bin/cmake --build /home/sentry_ws/src/build/livox_ros_driver2 -- -j16 -l16
[70.305s] DEBUG:colcon.colcon_core.event_handler.log_command:Invoking command in '/home/sentry_ws/src/build/livox_ros_driver2': CMAKE_PREFIX_PATH=${CMAKE_PREFIX_PATH}:/home/sentry_ws/install/control_panel:/opt/ros/humble /usr/bin/cmake --install /home/sentry_ws/src/build/livox_ros_driver2
[71.438s] Level 1:colcon.colcon_core.environment:create_environment_scripts_only(livox_ros_driver2)
[71.441s] Level 1:colcon.colcon_core.environment:checking '/home/sentry_ws/src/install/livox_ros_driver2' for CMake module files
[71.442s] DEBUG:colcon.colcon_core.event_handler.log_command:Invoked command in '/home/sentry_ws/src/build/livox_ros_driver2' returned '0': CMAKE_PREFIX_PATH=${CMAKE_PREFIX_PATH}:/home/sentry_ws/install/control_panel:/opt/ros/humble /usr/bin/cmake --install /home/sentry_ws/src/build/livox_ros_driver2
[71.442s] Level 1:colcon.colcon_core.environment:checking '/home/sentry_ws/src/install/livox_ros_driver2' for CMake config files
[71.443s] Level 1:colcon.colcon_core.shell:create_environment_hook('livox_ros_driver2', 'cmake_prefix_path')
[71.444s] INFO:colcon.colcon_core.shell:Creating environment hook '/home/sentry_ws/src/install/livox_ros_driver2/share/livox_ros_driver2/hook/cmake_prefix_path.ps1'
[71.444s] INFO:colcon.colcon_core.shell:Creating environment descriptor '/home/sentry_ws/src/install/livox_ros_driver2/share/livox_ros_driver2/hook/cmake_prefix_path.dsv'
[71.444s] INFO:colcon.colcon_core.shell:Creating environment hook '/home/sentry_ws/src/install/livox_ros_driver2/share/livox_ros_driver2/hook/cmake_prefix_path.sh'
[71.445s] Level 1:colcon.colcon_core.environment:checking '/home/sentry_ws/src/install/livox_ros_driver2/lib'
[71.445s] Level 1:colcon.colcon_core.shell:create_environment_hook('livox_ros_driver2', 'ld_library_path_lib')
[71.445s] INFO:colcon.colcon_core.shell:Creating environment hook '/home/sentry_ws/src/install/livox_ros_driver2/share/livox_ros_driver2/hook/ld_library_path_lib.ps1'
[71.446s] INFO:colcon.colcon_core.shell:Creating environment descriptor '/home/sentry_ws/src/install/livox_ros_driver2/share/livox_ros_driver2/hook/ld_library_path_lib.dsv'
[71.446s] INFO:colcon.colcon_core.shell:Creating environment hook '/home/sentry_ws/src/install/livox_ros_driver2/share/livox_ros_driver2/hook/ld_library_path_lib.sh'
[71.446s] Level 1:colcon.colcon_core.environment:checking '/home/sentry_ws/src/install/livox_ros_driver2/bin'
[71.446s] Level 1:colcon.colcon_core.environment:checking '/home/sentry_ws/src/install/livox_ros_driver2/lib/pkgconfig/livox_ros_driver2.pc'
[71.446s] Level 1:colcon.colcon_core.environment:checking '/home/sentry_ws/src/install/livox_ros_driver2/lib/python3.10/site-packages'
[71.446s] Level 1:colcon.colcon_core.environment:checking '/home/sentry_ws/src/install/livox_ros_driver2/bin'
[71.447s] INFO:colcon.colcon_core.shell:Creating package script '/home/sentry_ws/src/install/livox_ros_driver2/share/livox_ros_driver2/package.ps1'
[71.448s] INFO:colcon.colcon_core.shell:Creating package descriptor '/home/sentry_ws/src/install/livox_ros_driver2/share/livox_ros_driver2/package.dsv'
[71.452s] INFO:colcon.colcon_core.shell:Creating package script '/home/sentry_ws/src/install/livox_ros_driver2/share/livox_ros_driver2/package.sh'
[71.453s] INFO:colcon.colcon_core.shell:Creating package script '/home/sentry_ws/src/install/livox_ros_driver2/share/livox_ros_driver2/package.bash'
[71.454s] INFO:colcon.colcon_core.shell:Creating package script '/home/sentry_ws/src/install/livox_ros_driver2/share/livox_ros_driver2/package.zsh'
[71.454s] Level 1:colcon.colcon_core.environment:create_file_with_runtime_dependencies(/home/sentry_ws/src/install/livox_ros_driver2/share/colcon-core/packages/livox_ros_driver2)
[71.638s] Level 1:colcon.colcon_core.environment:create_environment_scripts_only(livox_ros_driver2)
[71.639s] Level 1:colcon.colcon_core.environment:checking '/home/sentry_ws/src/install/livox_ros_driver2' for CMake module files
[71.640s] Level 1:colcon.colcon_core.environment:checking '/home/sentry_ws/src/install/livox_ros_driver2' for CMake config files
[71.640s] Level 1:colcon.colcon_core.shell:create_environment_hook('livox_ros_driver2', 'cmake_prefix_path')
[71.641s] INFO:colcon.colcon_core.shell:Creating environment hook '/home/sentry_ws/src/install/livox_ros_driver2/share/livox_ros_driver2/hook/cmake_prefix_path.ps1'
[71.650s] INFO:colcon.colcon_core.shell:Creating environment descriptor '/home/sentry_ws/src/install/livox_ros_driver2/share/livox_ros_driver2/hook/cmake_prefix_path.dsv'
[71.650s] INFO:colcon.colcon_core.shell:Creating environment hook '/home/sentry_ws/src/install/livox_ros_driver2/share/livox_ros_driver2/hook/cmake_prefix_path.sh'
[71.651s] Level 1:colcon.colcon_core.environment:checking '/home/sentry_ws/src/install/livox_ros_driver2/lib'
[71.651s] Level 1:colcon.colcon_core.shell:create_environment_hook('livox_ros_driver2', 'ld_library_path_lib')
[71.653s] INFO:colcon.colcon_core.shell:Creating environment hook '/home/sentry_ws/src/install/livox_ros_driver2/share/livox_ros_driver2/hook/ld_library_path_lib.ps1'
[71.701s] INFO:colcon.colcon_core.shell:Creating environment descriptor '/home/sentry_ws/src/install/livox_ros_driver2/share/livox_ros_driver2/hook/ld_library_path_lib.dsv'
[71.765s] INFO:colcon.colcon_core.shell:Creating environment hook '/home/sentry_ws/src/install/livox_ros_driver2/share/livox_ros_driver2/hook/ld_library_path_lib.sh'
[71.765s] Level 1:colcon.colcon_core.environment:checking '/home/sentry_ws/src/install/livox_ros_driver2/bin'
[71.765s] Level 1:colcon.colcon_core.environment:checking '/home/sentry_ws/src/install/livox_ros_driver2/lib/pkgconfig/livox_ros_driver2.pc'
[71.766s] Level 1:colcon.colcon_core.environment:checking '/home/sentry_ws/src/install/livox_ros_driver2/lib/python3.10/site-packages'
[71.766s] Level 1:colcon.colcon_core.environment:checking '/home/sentry_ws/src/install/livox_ros_driver2/bin'
[71.767s] INFO:colcon.colcon_core.shell:Creating package script '/home/sentry_ws/src/install/livox_ros_driver2/share/livox_ros_driver2/package.ps1'
[71.769s] INFO:colcon.colcon_core.shell:Creating package descriptor '/home/sentry_ws/src/install/livox_ros_driver2/share/livox_ros_driver2/package.dsv'
[71.769s] INFO:colcon.colcon_core.shell:Creating package script '/home/sentry_ws/src/install/livox_ros_driver2/share/livox_ros_driver2/package.sh'
[71.770s] INFO:colcon.colcon_core.shell:Creating package script '/home/sentry_ws/src/install/livox_ros_driver2/share/livox_ros_driver2/package.bash'
[71.770s] INFO:colcon.colcon_core.shell:Creating package script '/home/sentry_ws/src/install/livox_ros_driver2/share/livox_ros_driver2/package.zsh'
[71.770s] Level 1:colcon.colcon_core.environment:create_file_with_runtime_dependencies(/home/sentry_ws/src/install/livox_ros_driver2/share/colcon-core/packages/livox_ros_driver2)
[71.771s] INFO:colcon.colcon_ros.task.ament_cmake.build:Building ROS package in '/home/sentry_ws/src/FAST_LIO' with build type 'ament_cmake'
[71.771s] INFO:colcon.colcon_cmake.task.cmake.build:Building CMake package in '/home/sentry_ws/src/FAST_LIO'
[71.772s] INFO:colcon.colcon_core.shell:Skip shell extension 'powershell' for command environment: Not usable outside of PowerShell
[71.773s] DEBUG:colcon.colcon_core.shell:Skip shell extension 'dsv' for command environment
[73.963s] INFO:colcon.colcon_ros.task.ament_cmake.build:Building ROS package in '/home/sentry_ws/src/icp_relocalization' with build type 'ament_cmake'
[73.964s] INFO:colcon.colcon_cmake.task.cmake.build:Building CMake package in '/home/sentry_ws/src/icp_relocalization'
[73.966s] INFO:colcon.colcon_core.shell:Skip shell extension 'powershell' for command environment: Not usable outside of PowerShell
[73.967s] DEBUG:colcon.colcon_core.shell:Skip shell extension 'dsv' for command environment
[74.070s] DEBUG:colcon.colcon_core.event_handler.log_command:Invoked command in '/home/sentry_ws/src/build/gazebo_msgs' returned '0': CMAKE_PREFIX_PATH=${CMAKE_PREFIX_PATH}:/home/sentry_ws/install/control_panel:/opt/ros/humble /usr/bin/cmake --build /home/sentry_ws/src/build/gazebo_msgs -- -j16 -l16
[74.774s] DEBUG:colcon.colcon_core.event_handler.log_command:Invoking command in '/home/sentry_ws/src/build/fast_lio': AMENT_PREFIX_PATH=/home/sentry_ws/src/install/livox_ros_driver2:${AMENT_PREFIX_PATH} CMAKE_PREFIX_PATH=/home/sentry_ws/src/install/livox_ros_driver2:/home/sentry_ws/install/velocity_smoother_ext:/home/sentry_ws/install/terrain_analysis_ext:/home/sentry_ws/install/terrain_analysis:/home/sentry_ws/install/sentry_waypoint_loader_cpp:/home/sentry_ws/install/sentry_bringup:/home/sentry_ws/install/sensor_scan_generation:/home/sentry_ws/install/ros2_livox_simulation:/home/sentry_ws/install/rm_interfaces:/home/sentry_ws/install/rm_decision_cpp:/home/sentry_ws/install/pb_rm_simulation:/home/sentry_ws/install/fast_lio:/home/sentry_ws/install/livox_ros_driver2:/home/sentry_ws/install/icp_relocalization:/home/sentry_ws/install/gazebo_ros:/home/sentry_ws/install/gazebo_msgs:/home/sentry_ws/install/gazebo_dev:/home/sentry_ws/install/costmap_intensity:/home/sentry_ws/install/behaviortree_cpp:/home/sentry_ws/install/behavior_ext_plugins:/home/sentry_ws/install/auto_aim_interfaces:/home/sentry_ws/install/control_panel:/opt/ros/humble LD_LIBRARY_PATH=/home/sentry_ws/src/install/livox_ros_driver2/lib:/home/sentry_ws/src/rm_simulation/pb_rm_simulation/RC_vision_2026/gazebo_for_humble/install/my_gazebo_plugins/lib:/home/sentry_ws/install/velocity_smoother_ext/lib:/home/sentry_ws/install/sentry_waypoint_loader_cpp/lib:/home/sentry_ws/install/ros2_livox_simulation/lib:/home/sentry_ws/install/rm_interfaces/lib:/home/sentry_ws/install/rm_decision_cpp/lib:/home/sentry_ws/install/fast_lio/lib:/home/sentry_ws/install/livox_ros_driver2/lib:/home/sentry_ws/install/gazebo_ros/lib:/home/sentry_ws/install/gazebo_msgs/lib:/home/sentry_ws/install/costmap_intensity/lib:/home/sentry_ws/install/behaviortree_cpp/lib:/home/sentry_ws/install/behavior_ext_plugins/lib:/home/sentry_ws/install/auto_aim_interfaces/lib:/usr/lib/x86_64-linux-gnu/gazebo-11/plugins:/opt/ros/humble/opt/rviz_ogre_vendor/lib:/opt/ros/humble/lib/x86_64-linux-gnu:/opt/ros/humble/lib:/home/sentry_ws/src/rm_simulation/pb_rm_simulation/RC_vision_2026/gazebo_for_humble/install/my_gazebo_plugins/lib:/usr/share/gazebo/../../lib/x86_64-linux-gnu/gazebo-11/plugins:/usr/share/gazebo/../../lib/x86_64-linux-gnu/gazebo-11/plugins:/usr/share/gazebo/../../lib/x86_64-linux-gnu/gazebo-11/plugins PYTHONPATH=/home/sentry_ws/src/install/livox_ros_driver2/local/lib/python3.10/dist-packages:${PYTHONPATH} /usr/bin/cmake /home/sentry_ws/src/FAST_LIO -DCMAKE_INSTALL_PREFIX=/home/sentry_ws/src/install/fast_lio
[74.776s] DEBUG:colcon.colcon_core.event_handler.log_command:Invoking command in '/home/sentry_ws/src/build/icp_relocalization': AMENT_PREFIX_PATH=/home/sentry_ws/src/install/livox_ros_driver2:${AMENT_PREFIX_PATH} CMAKE_PREFIX_PATH=/home/sentry_ws/src/install/livox_ros_driver2:/home/sentry_ws/install/velocity_smoother_ext:/home/sentry_ws/install/terrain_analysis_ext:/home/sentry_ws/install/terrain_analysis:/home/sentry_ws/install/sentry_waypoint_loader_cpp:/home/sentry_ws/install/sentry_bringup:/home/sentry_ws/install/sensor_scan_generation:/home/sentry_ws/install/ros2_livox_simulation:/home/sentry_ws/install/rm_interfaces:/home/sentry_ws/install/rm_decision_cpp:/home/sentry_ws/install/pb_rm_simulation:/home/sentry_ws/install/fast_lio:/home/sentry_ws/install/livox_ros_driver2:/home/sentry_ws/install/icp_relocalization:/home/sentry_ws/install/gazebo_ros:/home/sentry_ws/install/gazebo_msgs:/home/sentry_ws/install/gazebo_dev:/home/sentry_ws/install/costmap_intensity:/home/sentry_ws/install/behaviortree_cpp:/home/sentry_ws/install/behavior_ext_plugins:/home/sentry_ws/install/auto_aim_interfaces:/home/sentry_ws/install/control_panel:/opt/ros/humble LD_LIBRARY_PATH=/home/sentry_ws/src/install/livox_ros_driver2/lib:/home/sentry_ws/src/rm_simulation/pb_rm_simulation/RC_vision_2026/gazebo_for_humble/install/my_gazebo_plugins/lib:/home/sentry_ws/install/velocity_smoother_ext/lib:/home/sentry_ws/install/sentry_waypoint_loader_cpp/lib:/home/sentry_ws/install/ros2_livox_simulation/lib:/home/sentry_ws/install/rm_interfaces/lib:/home/sentry_ws/install/rm_decision_cpp/lib:/home/sentry_ws/install/fast_lio/lib:/home/sentry_ws/install/livox_ros_driver2/lib:/home/sentry_ws/install/gazebo_ros/lib:/home/sentry_ws/install/gazebo_msgs/lib:/home/sentry_ws/install/costmap_intensity/lib:/home/sentry_ws/install/behaviortree_cpp/lib:/home/sentry_ws/install/behavior_ext_plugins/lib:/home/sentry_ws/install/auto_aim_interfaces/lib:/usr/lib/x86_64-linux-gnu/gazebo-11/plugins:/opt/ros/humble/opt/rviz_ogre_vendor/lib:/opt/ros/humble/lib/x86_64-linux-gnu:/opt/ros/humble/lib:/home/sentry_ws/src/rm_simulation/pb_rm_simulation/RC_vision_2026/gazebo_for_humble/install/my_gazebo_plugins/lib:/usr/share/gazebo/../../lib/x86_64-linux-gnu/gazebo-11/plugins:/usr/share/gazebo/../../lib/x86_64-linux-gnu/gazebo-11/plugins:/usr/share/gazebo/../../lib/x86_64-linux-gnu/gazebo-11/plugins PYTHONPATH=/home/sentry_ws/src/install/livox_ros_driver2/local/lib/python3.10/dist-packages:${PYTHONPATH} /usr/bin/cmake /home/sentry_ws/src/icp_relocalization -DCMAKE_INSTALL_PREFIX=/home/sentry_ws/src/install/icp_relocalization
[76.387s] DEBUG:colcon.colcon_core.event_handler.log_command:Invoking command in '/home/sentry_ws/src/build/gazebo_msgs': CMAKE_PREFIX_PATH=${CMAKE_PREFIX_PATH}:/home/sentry_ws/install/control_panel:/opt/ros/humble /usr/bin/cmake --install /home/sentry_ws/src/build/gazebo_msgs
[93.242s] DEBUG:colcon.colcon_core.event_handler.log_command:Invoked command in '/home/sentry_ws/src/build/behaviortree_cpp' returned '0': CMAKE_PREFIX_PATH=${CMAKE_PREFIX_PATH}:/home/sentry_ws/install/control_panel:/opt/ros/humble /usr/bin/cmake --build /home/sentry_ws/src/build/behaviortree_cpp -- -j16 -l16
[93.705s] DEBUG:colcon.colcon_core.event_handler.log_command:Invoking command in '/home/sentry_ws/src/build/behaviortree_cpp': CMAKE_PREFIX_PATH=${CMAKE_PREFIX_PATH}:/home/sentry_ws/install/control_panel:/opt/ros/humble /usr/bin/cmake --install /home/sentry_ws/src/build/behaviortree_cpp
[104.619s] Level 1:colcon.colcon_core.environment:create_environment_scripts_only(behaviortree_cpp)
[104.622s] Level 1:colcon.colcon_core.environment:checking '/home/sentry_ws/src/install/behaviortree_cpp' for CMake module files
[104.622s] DEBUG:colcon.colcon_core.event_handler.log_command:Invoked command in '/home/sentry_ws/src/build/behaviortree_cpp' returned '0': CMAKE_PREFIX_PATH=${CMAKE_PREFIX_PATH}:/home/sentry_ws/install/control_panel:/opt/ros/humble /usr/bin/cmake --install /home/sentry_ws/src/build/behaviortree_cpp
[104.623s] Level 1:colcon.colcon_core.environment:checking '/home/sentry_ws/src/install/behaviortree_cpp' for CMake config files
[104.624s] Level 1:colcon.colcon_core.shell:create_environment_hook('behaviortree_cpp', 'cmake_prefix_path')
[104.627s] INFO:colcon.colcon_core.shell:Creating environment hook '/home/sentry_ws/src/install/behaviortree_cpp/share/behaviortree_cpp/hook/cmake_prefix_path.ps1'
[104.627s] INFO:colcon.colcon_core.shell:Creating environment descriptor '/home/sentry_ws/src/install/behaviortree_cpp/share/behaviortree_cpp/hook/cmake_prefix_path.dsv'
[104.628s] INFO:colcon.colcon_core.shell:Creating environment hook '/home/sentry_ws/src/install/behaviortree_cpp/share/behaviortree_cpp/hook/cmake_prefix_path.sh'
[104.629s] Level 1:colcon.colcon_core.environment:checking '/home/sentry_ws/src/install/behaviortree_cpp/lib'
[104.629s] Level 1:colcon.colcon_core.shell:create_environment_hook('behaviortree_cpp', 'ld_library_path_lib')
[104.630s] INFO:colcon.colcon_core.shell:Creating environment hook '/home/sentry_ws/src/install/behaviortree_cpp/share/behaviortree_cpp/hook/ld_library_path_lib.ps1'
[104.631s] INFO:colcon.colcon_core.shell:Creating environment descriptor '/home/sentry_ws/src/install/behaviortree_cpp/share/behaviortree_cpp/hook/ld_library_path_lib.dsv'
[104.631s] INFO:colcon.colcon_core.shell:Creating environment hook '/home/sentry_ws/src/install/behaviortree_cpp/share/behaviortree_cpp/hook/ld_library_path_lib.sh'
[104.631s] Level 1:colcon.colcon_core.environment:checking '/home/sentry_ws/src/install/behaviortree_cpp/bin'
[104.631s] Level 1:colcon.colcon_core.shell:create_environment_hook('behaviortree_cpp', 'path')
[104.632s] INFO:colcon.colcon_core.shell:Creating environment hook '/home/sentry_ws/src/install/behaviortree_cpp/share/behaviortree_cpp/hook/path.ps1'
[104.632s] INFO:colcon.colcon_core.shell:Creating environment descriptor '/home/sentry_ws/src/install/behaviortree_cpp/share/behaviortree_cpp/hook/path.dsv'
[104.633s] INFO:colcon.colcon_core.shell:Creating environment hook '/home/sentry_ws/src/install/behaviortree_cpp/share/behaviortree_cpp/hook/path.sh'
[104.633s] Level 1:colcon.colcon_core.environment:checking '/home/sentry_ws/src/install/behaviortree_cpp/lib/pkgconfig/behaviortree_cpp.pc'
[104.633s] Level 1:colcon.colcon_core.environment:checking '/home/sentry_ws/src/install/behaviortree_cpp/lib/python3.10/site-packages'
[104.633s] Level 1:colcon.colcon_core.environment:checking '/home/sentry_ws/src/install/behaviortree_cpp/bin'
[104.633s] Level 1:colcon.colcon_core.shell:create_environment_hook('behaviortree_cpp', 'pythonscriptspath')
[104.634s] INFO:colcon.colcon_core.shell:Creating environment hook '/home/sentry_ws/src/install/behaviortree_cpp/share/behaviortree_cpp/hook/pythonscriptspath.ps1'
[104.634s] INFO:colcon.colcon_core.shell:Creating environment descriptor '/home/sentry_ws/src/install/behaviortree_cpp/share/behaviortree_cpp/hook/pythonscriptspath.dsv'
[104.634s] INFO:colcon.colcon_core.shell:Creating environment hook '/home/sentry_ws/src/install/behaviortree_cpp/share/behaviortree_cpp/hook/pythonscriptspath.sh'
[104.635s] INFO:colcon.colcon_core.shell:Creating package script '/home/sentry_ws/src/install/behaviortree_cpp/share/behaviortree_cpp/package.ps1'
[104.636s] INFO:colcon.colcon_core.shell:Creating package descriptor '/home/sentry_ws/src/install/behaviortree_cpp/share/behaviortree_cpp/package.dsv'
[104.749s] INFO:colcon.colcon_core.shell:Creating package script '/home/sentry_ws/src/install/behaviortree_cpp/share/behaviortree_cpp/package.sh'
[104.750s] INFO:colcon.colcon_core.shell:Creating package script '/home/sentry_ws/src/install/behaviortree_cpp/share/behaviortree_cpp/package.bash'
[104.750s] INFO:colcon.colcon_core.shell:Creating package script '/home/sentry_ws/src/install/behaviortree_cpp/share/behaviortree_cpp/package.zsh'
[104.751s] Level 1:colcon.colcon_core.environment:create_file_with_runtime_dependencies(/home/sentry_ws/src/install/behaviortree_cpp/share/colcon-core/packages/behaviortree_cpp)
[105.054s] Level 1:colcon.colcon_core.environment:create_environment_scripts_only(behaviortree_cpp)
[105.055s] Level 1:colcon.colcon_core.environment:checking '/home/sentry_ws/src/install/behaviortree_cpp' for CMake module files
[105.055s] Level 1:colcon.colcon_core.environment:checking '/home/sentry_ws/src/install/behaviortree_cpp' for CMake config files
[105.056s] Level 1:colcon.colcon_core.shell:create_environment_hook('behaviortree_cpp', 'cmake_prefix_path')
[105.057s] INFO:colcon.colcon_core.shell:Creating environment hook '/home/sentry_ws/src/install/behaviortree_cpp/share/behaviortree_cpp/hook/cmake_prefix_path.ps1'
[105.484s] INFO:colcon.colcon_core.shell:Creating environment descriptor '/home/sentry_ws/src/install/behaviortree_cpp/share/behaviortree_cpp/hook/cmake_prefix_path.dsv'
[105.601s] INFO:colcon.colcon_core.shell:Creating environment hook '/home/sentry_ws/src/install/behaviortree_cpp/share/behaviortree_cpp/hook/cmake_prefix_path.sh'
[105.696s] Level 1:colcon.colcon_core.environment:checking '/home/sentry_ws/src/install/behaviortree_cpp/lib'
[105.731s] Level 1:colcon.colcon_core.shell:create_environment_hook('behaviortree_cpp', 'ld_library_path_lib')
[105.732s] INFO:colcon.colcon_core.shell:Creating environment hook '/home/sentry_ws/src/install/behaviortree_cpp/share/behaviortree_cpp/hook/ld_library_path_lib.ps1'
[105.749s] INFO:colcon.colcon_core.shell:Creating environment descriptor '/home/sentry_ws/src/install/behaviortree_cpp/share/behaviortree_cpp/hook/ld_library_path_lib.dsv'
[105.845s] INFO:colcon.colcon_core.shell:Creating environment hook '/home/sentry_ws/src/install/behaviortree_cpp/share/behaviortree_cpp/hook/ld_library_path_lib.sh'
[105.910s] Level 1:colcon.colcon_core.environment:checking '/home/sentry_ws/src/install/behaviortree_cpp/bin'
[105.910s] Level 1:colcon.colcon_core.shell:create_environment_hook('behaviortree_cpp', 'path')
[105.912s] INFO:colcon.colcon_core.shell:Creating environment hook '/home/sentry_ws/src/install/behaviortree_cpp/share/behaviortree_cpp/hook/path.ps1'
[105.931s] INFO:colcon.colcon_core.shell:Creating environment descriptor '/home/sentry_ws/src/install/behaviortree_cpp/share/behaviortree_cpp/hook/path.dsv'
[105.968s] INFO:colcon.colcon_core.shell:Creating environment hook '/home/sentry_ws/src/install/behaviortree_cpp/share/behaviortree_cpp/hook/path.sh'
[105.984s] Level 1:colcon.colcon_core.environment:checking '/home/sentry_ws/src/install/behaviortree_cpp/lib/pkgconfig/behaviortree_cpp.pc'
[105.984s] Level 1:colcon.colcon_core.environment:checking '/home/sentry_ws/src/install/behaviortree_cpp/lib/python3.10/site-packages'
[105.985s] Level 1:colcon.colcon_core.environment:checking '/home/sentry_ws/src/install/behaviortree_cpp/bin'
[105.985s] Level 1:colcon.colcon_core.shell:create_environment_hook('behaviortree_cpp', 'pythonscriptspath')
[105.987s] INFO:colcon.colcon_core.shell:Creating environment hook '/home/sentry_ws/src/install/behaviortree_cpp/share/behaviortree_cpp/hook/pythonscriptspath.ps1'
[106.048s] INFO:colcon.colcon_core.shell:Creating environment descriptor '/home/sentry_ws/src/install/behaviortree_cpp/share/behaviortree_cpp/hook/pythonscriptspath.dsv'
[106.063s] INFO:colcon.colcon_core.shell:Creating environment hook '/home/sentry_ws/src/install/behaviortree_cpp/share/behaviortree_cpp/hook/pythonscriptspath.sh'
[106.075s] INFO:colcon.colcon_core.shell:Creating package script '/home/sentry_ws/src/install/behaviortree_cpp/share/behaviortree_cpp/package.ps1'
[106.076s] INFO:colcon.colcon_core.shell:Creating package descriptor '/home/sentry_ws/src/install/behaviortree_cpp/share/behaviortree_cpp/package.dsv'
[106.076s] INFO:colcon.colcon_core.shell:Creating package script '/home/sentry_ws/src/install/behaviortree_cpp/share/behaviortree_cpp/package.sh'
[106.077s] INFO:colcon.colcon_core.shell:Creating package script '/home/sentry_ws/src/install/behaviortree_cpp/share/behaviortree_cpp/package.bash'
[106.078s] INFO:colcon.colcon_core.shell:Creating package script '/home/sentry_ws/src/install/behaviortree_cpp/share/behaviortree_cpp/package.zsh'
[106.078s] Level 1:colcon.colcon_core.environment:create_file_with_runtime_dependencies(/home/sentry_ws/src/install/behaviortree_cpp/share/colcon-core/packages/behaviortree_cpp)
[106.079s] INFO:colcon.colcon_ros.task.ament_cmake.build:Building ROS package in '/home/sentry_ws/src/rm_decision_cpp' with build type 'ament_cmake'
[106.079s] INFO:colcon.colcon_cmake.task.cmake.build:Building CMake package in '/home/sentry_ws/src/rm_decision_cpp'
[106.081s] INFO:colcon.colcon_core.shell:Skip shell extension 'powershell' for command environment: Not usable outside of PowerShell
[106.081s] DEBUG:colcon.colcon_core.shell:Skip shell extension 'dsv' for command environment
[106.298s] DEBUG:colcon.colcon_core.event_handler.log_command:Invoking command in '/home/sentry_ws/src/build/rm_decision_cpp': AMENT_PREFIX_PATH=/home/sentry_ws/src/install/behaviortree_cpp:/home/sentry_ws/src/install/auto_aim_interfaces:${AMENT_PREFIX_PATH} CMAKE_PREFIX_PATH=/home/sentry_ws/src/install/behaviortree_cpp:/home/sentry_ws/src/install/auto_aim_interfaces:/home/sentry_ws/install/velocity_smoother_ext:/home/sentry_ws/install/terrain_analysis_ext:/home/sentry_ws/install/terrain_analysis:/home/sentry_ws/install/sentry_waypoint_loader_cpp:/home/sentry_ws/install/sentry_bringup:/home/sentry_ws/install/sensor_scan_generation:/home/sentry_ws/install/ros2_livox_simulation:/home/sentry_ws/install/rm_interfaces:/home/sentry_ws/install/rm_decision_cpp:/home/sentry_ws/install/pb_rm_simulation:/home/sentry_ws/install/fast_lio:/home/sentry_ws/install/livox_ros_driver2:/home/sentry_ws/install/icp_relocalization:/home/sentry_ws/install/gazebo_ros:/home/sentry_ws/install/gazebo_msgs:/home/sentry_ws/install/gazebo_dev:/home/sentry_ws/install/costmap_intensity:/home/sentry_ws/install/behaviortree_cpp:/home/sentry_ws/install/behavior_ext_plugins:/home/sentry_ws/install/auto_aim_interfaces:/home/sentry_ws/install/control_panel:/opt/ros/humble LD_LIBRARY_PATH=/home/sentry_ws/src/install/behaviortree_cpp/lib:/home/sentry_ws/src/install/auto_aim_interfaces/lib:/home/sentry_ws/src/rm_simulation/pb_rm_simulation/RC_vision_2026/gazebo_for_humble/install/my_gazebo_plugins/lib:/home/sentry_ws/install/velocity_smoother_ext/lib:/home/sentry_ws/install/sentry_waypoint_loader_cpp/lib:/home/sentry_ws/install/ros2_livox_simulation/lib:/home/sentry_ws/install/rm_interfaces/lib:/home/sentry_ws/install/rm_decision_cpp/lib:/home/sentry_ws/install/fast_lio/lib:/home/sentry_ws/install/livox_ros_driver2/lib:/home/sentry_ws/install/gazebo_ros/lib:/home/sentry_ws/install/gazebo_msgs/lib:/home/sentry_ws/install/costmap_intensity/lib:/home/sentry_ws/install/behaviortree_cpp/lib:/home/sentry_ws/install/behavior_ext_plugins/lib:/home/sentry_ws/install/auto_aim_interfaces/lib:/usr/lib/x86_64-linux-gnu/gazebo-11/plugins:/opt/ros/humble/opt/rviz_ogre_vendor/lib:/opt/ros/humble/lib/x86_64-linux-gnu:/opt/ros/humble/lib:/home/sentry_ws/src/rm_simulation/pb_rm_simulation/RC_vision_2026/gazebo_for_humble/install/my_gazebo_plugins/lib:/usr/share/gazebo/../../lib/x86_64-linux-gnu/gazebo-11/plugins:/usr/share/gazebo/../../lib/x86_64-linux-gnu/gazebo-11/plugins:/usr/share/gazebo/../../lib/x86_64-linux-gnu/gazebo-11/plugins PATH=/home/sentry_ws/src/install/behaviortree_cpp/bin:${PATH} PYTHONPATH=/home/sentry_ws/src/install/auto_aim_interfaces/local/lib/python3.10/dist-packages:${PYTHONPATH} /usr/bin/cmake /home/sentry_ws/src/rm_decision_cpp -DCMAKE_INSTALL_PREFIX=/home/sentry_ws/src/install/rm_decision_cpp
                                                                              